date,FinInstrmId,TckrSymb,SctySrs,FinInstrmNm,ISIN,NewBrdLotQty,ParVal,SctyTpFlg,PrtdToTrad,SctyStsNrmlMkt,ElgbltyNrmlMkt,ListgDt,RmvlDt,RadmssnDt,UpdDt,DelFlg
2026-02-02,11107,HDFCBANK,AF,HDFC BANK LTD,INE040A01034,1,100,0,0,1,0,1248566400,0,0,1454519891,N
2026-02-02,4813,HDFCBANK,BE,HDFC BANK-DEPO. SETT.,INE040A01034,1,100,0,0,1,0,551059200,0,0,1454519891,N
2026-02-02,12431,HDFCBANK,BL,HDFC BANK LTD,INE040A01034,999999999,100,0,0,1,0,816220800,0,0,1454519891,N
2026-02-02,1333,HDFCBANK,EQ,HDFC BANK LTD,INE040A01034,1,100,0,0,6,1,500256000,0,0,1454521495,N
2026-02-02,27835,HDFCBANK,IQ,HDFC BANK LTD.,INE040A01034,1,200,0,0,1,0,1029369600,0,0,1454517587,N
2026-02-02,17321,HDFCBANK,K3,HDFC BANK LIMITED,INE040A13013,600,55725,3,0,3,0,1374019200,0,0,1377280986,Y
2026-02-02,15854,HDFCBANK,RL,HDFC BANK LTD,INE040A01034,1,100,0,0,1,0,893203200,0,0,1454519891,N
2026-02-02,757205,HDFCBANK,T0,HDFC BANK LTD,INE040A01034,1,100,0,0,1,1,1433030400,0,0,1454517590,N
2026-02-02,757206,HDFCBANK,TL,HDFC BANK LTD,INE040A01034,999999999,100,0,0,1,0,1433030400,0,0,1454519891,N
2026-02-02,17320,HDFCBANK,W3,HDFC BANK LIMITED,INE040A13013,600,55725,3,0,3,0,1374019200,0,0,1377280986,Y
2026-02-02,11111,ICICIBANK,AF,ICICI BANK LTD.,INE090A01021,1,200,0,0,1,0,1248566400,0,0,1454519923,N
2026-02-02,4967,ICICIBANK,BE,ICICI BANK LTD DEPO SETT,INE090A01021,1,200,0,0,1,0,559526400,0,0,1454519923,N
2026-02-02,12458,ICICIBANK,BL,ICICI BANK LTD.,INE090A01021,999999999,200,0,0,1,0,816220800,0,0,1454519923,N
2026-02-02,4963,ICICIBANK,EQ,ICICI BANK LTD.,INE090A01021,1,200,0,0,6,1,559526400,0,0,1454521495,N
2026-02-02,27885,ICICIBANK,IQ,ICICI BANK LTD.,INE090A01021,1,1000,0,0,1,0,1029369600,0,0,1454522526,N
2026-02-02,15897,ICICIBANK,RL,ICICI BANK LTD.,INE090A01021,1,200,0,0,1,0,893203200,0,0,1454519923,N
2026-02-02,757217,ICICIBANK,T0,ICICI BANK LTD.,INE090A01021,1,200,0,0,1,1,1433030400,0,0,1454517590,N
2026-02-02,757218,ICICIBANK,TL,ICICI BANK LTD.,INE090A01021,999999999,200,0,0,1,0,1433030400,0,0,1454519923,N
2026-02-02,11117,LT,AF,LARSEN & TOUBRO LTD.,INE018A01030,1,200,0,0,1,0,1248566400,0,0,1454522525,N
2026-02-02,11484,LT,BE,LARSEN & TOUBRO LTD.,INE018A01030,1,200,0,0,1,0,772416000,0,0,1454522525,N
2026-02-02,12562,LT,BL,LARSEN & TOUBRO LTD.,INE018A01030,999999999,200,0,0,1,0,816220800,0,0,1454519932,N
2026-02-02,11483,LT,EQ,LARSEN & TOUBRO LTD.,INE018A01030,1,200,0,0,6,1,772416000,0,0,1454522525,N
2026-02-02,28092,LT,IQ,LARSEN & TOUBRO LIMITED,INE018A01030,1,200,0,0,1,0,1029369600,0,0,1454522527,N
2026-02-02,16070,LT,RL,LARSEN & TOUBRO LTD.,INE018A01030,1,200,0,0,1,0,893203200,0,0,1454522526,N
2026-02-02,757249,LT,T0,LARSEN & TOUBRO LTD.,INE018A01030,1,200,0,0,1,1,1433030400,0,0,1454522527,N
2026-02-02,757250,LT,TL,LARSEN & TOUBRO LTD.,INE018A01030,999999999,200,0,0,1,0,1433030400,0,0,1454519932,N
2026-02-02,11139,RELIANCE,AF,RELIANCE INDUSTRIES LTD,INE002A01018,1,1000,0,0,1,0,1248566400,0,0,1454519920,N
2026-02-02,4615,RELIANCE,BE,RELIANCE IND DEPO-SETT,INE002A01018,1,1000,0,0,1,0,502070400,0,0,1454519920,N
2026-02-02,12713,RELIANCE,BL,RELIANCE INDUSTRIES LTD,INE002A01018,999999999,1000,0,0,1,0,816220800,0,0,1454519920,N
2026-02-02,2885,RELIANCE,EQ,RELIANCE INDUSTRIES LTD,INE002A01018,1,1000,0,0,6,1,502070400,0,0,1454521495,N
2026-02-02,28389,RELIANCE,IQ,RELIANCE INDUSTRIES LTD,INE002A01018,1,1000,0,0,1,0,1029369600,0,0,1454517588,N
2026-02-02,16328,RELIANCE,RL,RELIANCE INDUSTRIES LTD,INE002A01018,1,1000,0,0,1,0,893203200,0,0,1454519920,N
2026-02-02,757287,RELIANCE,T0,RELIANCE INDUSTRIES LTD,INE002A01018,1,1000,0,0,1,1,1433030400,0,0,1454517590,N
2026-02-02,757288,RELIANCE,TL,RELIANCE INDUSTRIES LTD,INE002A01018,999999999,1000,0,0,1,0,1433030400,0,0,1454519920,N
2026-02-02,11128,SBIN,AF,STATE BANK OF INDIA,INE062A01020,1,100,0,0,1,0,1248566400,0,0,1454519920,N
2026-02-02,4884,SBIN,BE,SBIN - DEPO SETT,INE062A01020,1,100,0,0,1,0,554688000,0,0,1454519920,N
2026-02-02,12740,SBIN,BL,STATE BANK OF INDIA,INE062A01020,999999999,100,0,0,1,0,816220800,0,0,1454519920,N
2026-02-02,3045,SBIN,EQ,STATE BANK OF INDIA,INE062A01020,1,100,0,0,6,1,478483200,0,0,1454521495,N
2026-02-02,28450,SBIN,IQ,STATE BANK OF INDIA,INE062A01020,1,1000,0,0,1,0,1029369600,0,0,1454522527,N
2026-02-02,20520,SBIN,N2,BOND 9.50% PA SERIES 2,INE062A08025,1,1000000,2,0,3,0,973987200,0,0,1298742279,Y
2026-02-02,22350,SBIN,N3,BOND 9.75% PA RET. S3,INE062A08033,1,1000000,2,0,3,0,985305600,0,0,1340475767,Y
2026-02-02,22352,SBIN,N4,BOND 9.30% PA NON RET. S3,INE062A08041,1,1000000,2,0,3,0,985305600,0,0,1340475767,Y
2026-02-02,22354,SBIN,N5,BOND 9.95% PA RET. S4,INE062A08058,1,1000000,2,0,3,0,985305600,0,0,1301159429,Y
2026-02-02,22356,SBIN,N6,BOND 9.45% PA NON RET. S4,INE062A08066,1,1000000,2,0,3,0,985305600,0,0,1301159429,Y
2026-02-02,16382,SBIN,RL,STATE BANK OF INDIA,INE062A01020,1,100,0,0,1,0,893203200,0,0,1454519920,N
2026-02-02,23256,SBIN,T0,STATE BANK OF INDIA,INE062A01020,1,100,0,0,1,1,1396051200,0,0,1454517587,N
2026-02-02,756131,SBIN,TL,STATE BANK OF INDIA,INE062A01020,999999999,100,0,0,1,0,1430611200,0,0,1454519920,N
2026-02-02,20521,SBIN,U2,BOND 9.50% PA SERIES 2,INE062A08025,1,1000000,2,0,3,0,973987200,0,0,1298742279,Y
2026-02-02,22351,SBIN,U3,BOND 9.75% PA RET. S3,INE062A08033,1,1000000,2,0,1,0,985305600,0,0,1454517586,N
2026-02-02,22353,SBIN,U4,BOND 9.30% PA NON RET. S3,INE062A08041,1,1000000,2,0,1,0,985305600,0,0,1454517586,N
2026-02-02,22355,SBIN,U5,BOND 9.95% PA RET. S4,INE062A08058,1,1000000,2,0,3,0,985305600,0,0,1301159429,Y
2026-02-02,22357,SBIN,U6,BOND 9.45% PA NON RET. S4,INE062A08066,1,1000000,2,0,3,0,985305600,0,0,1301159429,Y
2026-02-03,11107,HDFCBANK,AF,HDFC BANK LTD,INE040A01034,1,100,0,0,1,0,1248566400,0,0,1454609196,N
2026-02-03,4813,HDFCBANK,BE,HDFC BANK-DEPO. SETT.,INE040A01034,1,100,0,0,1,0,551059200,0,0,1454609195,N
2026-02-03,12431,HDFCBANK,BL,HDFC BANK LTD,INE040A01034,999999999,100,0,0,1,0,816220800,0,0,1454608213,N
2026-02-03,1333,HDFCBANK,EQ,HDFC BANK LTD,INE040A01034,1,100,0,0,6,1,500256000,0,0,1454609195,N
2026-02-03,27835,HDFCBANK,IQ,HDFC BANK LTD.,INE040A01034,1,200,0,0,1,0,1029369600,0,0,1454605069,N
2026-02-03,17321,HDFCBANK,K3,HDFC BANK LIMITED,INE040A13013,600,55725,3,0,3,0,1374019200,0,0,1377280986,Y
2026-02-03,15854,HDFCBANK,RL,HDFC BANK LTD,INE040A01034,1,100,0,0,1,0,893203200,0,0,1454609196,N
2026-02-03,757205,HDFCBANK,T0,HDFC BANK LTD,INE040A01034,1,100,0,0,1,1,1433030400,0,0,1454609198,N
2026-02-03,757206,HDFCBANK,TL,HDFC BANK LTD,INE040A01034,999999999,100,0,0,1,0,1433030400,0,0,1454608213,N
2026-02-03,17320,HDFCBANK,W3,HDFC BANK LIMITED,INE040A13013,600,55725,3,0,3,0,1374019200,0,0,1377280986,Y
2026-02-03,11111,ICICIBANK,AF,ICICI BANK LTD.,INE090A01021,1,200,0,0,1,0,1248566400,0,0,1454608245,N
2026-02-03,4967,ICICIBANK,BE,ICICI BANK LTD DEPO SETT,INE090A01021,1,200,0,0,1,0,559526400,0,0,1454608245,N
2026-02-03,12458,ICICIBANK,BL,ICICI BANK LTD.,INE090A01021,999999999,200,0,0,1,0,816220800,0,0,1454608245,N
2026-02-03,4963,ICICIBANK,EQ,ICICI BANK LTD.,INE090A01021,1,200,0,0,6,1,559526400,0,0,1454608397,N
2026-02-03,27885,ICICIBANK,IQ,ICICI BANK LTD.,INE090A01021,1,1000,0,0,1,0,1029369600,0,0,1454605069,N
2026-02-03,15897,ICICIBANK,RL,ICICI BANK LTD.,INE090A01021,1,200,0,0,1,0,893203200,0,0,1454608245,N
2026-02-03,757217,ICICIBANK,T0,ICICI BANK LTD.,INE090A01021,1,200,0,0,1,1,1433030400,0,0,1454605072,N
2026-02-03,757218,ICICIBANK,TL,ICICI BANK LTD.,INE090A01021,999999999,200,0,0,1,0,1433030400,0,0,1454608245,N
2026-02-03,11117,LT,AF,LARSEN & TOUBRO LTD.,INE018A01030,1,200,0,0,1,0,1248566400,0,0,1454609196,N
2026-02-03,11484,LT,BE,LARSEN & TOUBRO LTD.,INE018A01030,1,200,0,0,1,0,772416000,0,0,1454609196,N
2026-02-03,12562,LT,BL,LARSEN & TOUBRO LTD.,INE018A01030,999999999,200,0,0,1,0,816220800,0,0,1454608253,N
2026-02-03,11483,LT,EQ,LARSEN & TOUBRO LTD.,INE018A01030,1,200,0,0,6,1,772416000,0,0,1454609196,N
2026-02-03,28092,LT,IQ,LARSEN & TOUBRO LIMITED,INE018A01030,1,200,0,0,1,0,1029369600,0,0,1454609197,N
2026-02-03,16070,LT,RL,LARSEN & TOUBRO LTD.,INE018A01030,1,200,0,0,1,0,893203200,0,0,1454609196,N
2026-02-03,757249,LT,T0,LARSEN & TOUBRO LTD.,INE018A01030,1,200,0,0,1,1,1433030400,0,0,1454609198,N
2026-02-03,757250,LT,TL,LARSEN & TOUBRO LTD.,INE018A01030,999999999,200,0,0,1,0,1433030400,0,0,1454608253,N
2026-02-03,11139,RELIANCE,AF,RELIANCE INDUSTRIES LTD,INE002A01018,1,1000,0,0,1,0,1248566400,0,0,1454608241,N
2026-02-03,4615,RELIANCE,BE,RELIANCE IND DEPO-SETT,INE002A01018,1,1000,0,0,1,0,502070400,0,0,1454608241,N
2026-02-03,12713,RELIANCE,BL,RELIANCE INDUSTRIES LTD,INE002A01018,999999999,1000,0,0,1,0,816220800,0,0,1454608241,N
2026-02-03,2885,RELIANCE,EQ,RELIANCE INDUSTRIES LTD,INE002A01018,1,1000,0,0,6,1,502070400,0,0,1454608397,N
2026-02-03,28389,RELIANCE,IQ,RELIANCE INDUSTRIES LTD,INE002A01018,1,1000,0,0,1,0,1029369600,0,0,1454605069,N
2026-02-03,16328,RELIANCE,RL,RELIANCE INDUSTRIES LTD,INE002A01018,1,1000,0,0,1,0,893203200,0,0,1454608241,N
2026-02-03,757287,RELIANCE,T0,RELIANCE INDUSTRIES LTD,INE002A01018,1,1000,0,0,1,1,1433030400,0,0,1454605072,N
2026-02-03,757288,RELIANCE,TL,RELIANCE INDUSTRIES LTD,INE002A01018,999999999,1000,0,0,1,0,1433030400,0,0,1454608241,N
2026-02-03,11128,SBIN,AF,STATE BANK OF INDIA,INE062A01020,1,100,0,0,1,0,1248566400,0,0,1454608242,N
2026-02-03,4884,SBIN,BE,SBIN - DEPO SETT,INE062A01020,1,100,0,0,1,0,554688000,0,0,1454608242,N
2026-02-03,12740,SBIN,BL,STATE BANK OF INDIA,INE062A01020,999999999,100,0,0,1,0,816220800,0,0,1454608242,N
2026-02-03,3045,SBIN,EQ,STATE BANK OF INDIA,INE062A01020,1,100,0,0,6,1,478483200,0,0,1454608397,N
2026-02-03,28450,SBIN,IQ,STATE BANK OF INDIA,INE062A01020,1,1000,0,0,1,0,1029369600,0,0,1454609197,N
2026-02-03,20520,SBIN,N2,BOND 9.50% PA SERIES 2,INE062A08025,1,1000000,2,0,3,0,973987200,0,0,1298742279,Y
2026-02-03,22350,SBIN,N3,BOND 9.75% PA RET. S3,INE062A08033,1,1000000,2,0,3,0,985305600,0,0,1340475767,Y
2026-02-03,22352,SBIN,N4,BOND 9.30% PA NON RET. S3,INE062A08041,1,1000000,2,0,3,0,985305600,0,0,1340475767,Y
2026-02-03,22354,SBIN,N5,BOND 9.95% PA RET. S4,INE062A08058,1,1000000,2,0,3,0,985305600,0,0,1301159429,Y
2026-02-03,22356,SBIN,N6,BOND 9.45% PA NON RET. S4,INE062A08066,1,1000000,2,0,3,0,985305600,0,0,1301159429,Y
2026-02-03,16382,SBIN,RL,STATE BANK OF INDIA,INE062A01020,1,100,0,0,1,0,893203200,0,0,1454608242,N
2026-02-03,23256,SBIN,T0,STATE BANK OF INDIA,INE062A01020,1,100,0,0,1,1,1396051200,0,0,1454605068,N
2026-02-03,756131,SBIN,TL,STATE BANK OF INDIA,INE062A01020,999999999,100,0,0,1,0,1430611200,0,0,1454608242,N
2026-02-03,20521,SBIN,U2,BOND 9.50% PA SERIES 2,INE062A08025,1,1000000,2,0,3,0,973987200,0,0,1298742279,Y
2026-02-03,22351,SBIN,U3,BOND 9.75% PA RET. S3,INE062A08033,1,1000000,2,0,1,0,985305600,0,0,1454605068,N
2026-02-03,22353,SBIN,U4,BOND 9.30% PA NON RET. S3,INE062A08041,1,1000000,2,0,1,0,985305600,0,0,1454605068,N
2026-02-03,22355,SBIN,U5,BOND 9.95% PA RET. S4,INE062A08058,1,1000000,2,0,3,0,985305600,0,0,1301159429,Y
2026-02-03,22357,SBIN,U6,BOND 9.45% PA NON RET. S4,INE062A08066,1,1000000,2,0,3,0,985305600,0,0,1301159429,Y
2026-02-04,11107,HDFCBANK,AF,HDFC BANK LTD,INE040A01034,1,100,0,0,1,0,1248566400,0,0,1454693722,N
2026-02-04,4813,HDFCBANK,BE,HDFC BANK-DEPO. SETT.,INE040A01034,1,100,0,0,1,0,551059200,0,0,1454693722,N
2026-02-04,12431,HDFCBANK,BL,HDFC BANK LTD,INE040A01034,999999999,100,0,0,1,0,816220800,0,0,1454693722,N
2026-02-04,1333,HDFCBANK,EQ,HDFC BANK LTD,INE040A01034,1,100,0,0,6,1,500256000,0,0,1454697804,N
2026-02-04,27835,HDFCBANK,IQ,HDFC BANK LTD.,INE040A01034,1,200,0,0,1,0,1029369600,0,0,1454694548,N
2026-02-04,17321,HDFCBANK,K3,HDFC BANK LIMITED,INE040A13013,600,55725,3,0,3,0,1374019200,0,0,1377280986,Y
2026-02-04,15854,HDFCBANK,RL,HDFC BANK LTD,INE040A01034,1,100,0,0,1,0,893203200,0,0,1454693722,N
2026-02-04,757205,HDFCBANK,T0,HDFC BANK LTD,INE040A01034,1,100,0,0,1,1,1433030400,0,0,1454690893,N
2026-02-04,757206,HDFCBANK,TL,HDFC BANK LTD,INE040A01034,999999999,100,0,0,1,0,1433030400,0,0,1454693722,N
2026-02-04,17320,HDFCBANK,W3,HDFC BANK LIMITED,INE040A13013,600,55725,3,0,3,0,1374019200,0,0,1377280986,Y
2026-02-04,11111,ICICIBANK,AF,ICICI BANK LTD.,INE090A01021,1,200,0,0,1,0,1248566400,0,0,1454694546,N
2026-02-04,4967,ICICIBANK,BE,ICICI BANK LTD DEPO SETT,INE090A01021,1,200,0,0,1,0,559526400,0,0,1454694546,N
2026-02-04,12458,ICICIBANK,BL,ICICI BANK LTD.,INE090A01021,999999999,200,0,0,1,0,816220800,0,0,1454693729,N
2026-02-04,4963,ICICIBANK,EQ,ICICI BANK LTD.,INE090A01021,1,200,0,0,6,1,559526400,0,0,1454697804,N
2026-02-04,27885,ICICIBANK,IQ,ICICI BANK LTD.,INE090A01021,1,1000,0,0,1,0,1029369600,0,0,1454694548,N
2026-02-04,15897,ICICIBANK,RL,ICICI BANK LTD.,INE090A01021,1,200,0,0,1,0,893203200,0,0,1454694547,N
2026-02-04,757217,ICICIBANK,T0,ICICI BANK LTD.,INE090A01021,1,200,0,0,1,1,1433030400,0,0,1454694548,N
2026-02-04,757218,ICICIBANK,TL,ICICI BANK LTD.,INE090A01021,999999999,200,0,0,1,0,1433030400,0,0,1454693729,N
2026-02-04,11117,LT,AF,LARSEN & TOUBRO LTD.,INE018A01030,1,200,0,0,1,0,1248566400,0,0,1454693737,N
2026-02-04,11484,LT,BE,LARSEN & TOUBRO LTD.,INE018A01030,1,200,0,0,1,0,772416000,0,0,1454693737,N
2026-02-04,12562,LT,BL,LARSEN & TOUBRO LTD.,INE018A01030,999999999,200,0,0,1,0,816220800,0,0,1454693737,N
2026-02-04,11483,LT,EQ,LARSEN & TOUBRO LTD.,INE018A01030,1,200,0,0,6,1,772416000,0,0,1454697804,N
2026-02-04,28092,LT,IQ,LARSEN & TOUBRO LIMITED,INE018A01030,1,200,0,0,1,0,1029369600,0,0,1454694548,N
2026-02-04,16070,LT,RL,LARSEN & TOUBRO LTD.,INE018A01030,1,200,0,0,1,0,893203200,0,0,1454693737,N
2026-02-04,757249,LT,T0,LARSEN & TOUBRO LTD.,INE018A01030,1,200,0,0,1,1,1433030400,0,0,1454690893,N
2026-02-04,757250,LT,TL,LARSEN & TOUBRO LTD.,INE018A01030,999999999,200,0,0,1,0,1433030400,0,0,1454693737,N
2026-02-04,11139,RELIANCE,AF,RELIANCE INDUSTRIES LTD,INE002A01018,1,1000,0,0,1,0,1248566400,0,0,1454693725,N
2026-02-04,4615,RELIANCE,BE,RELIANCE IND DEPO-SETT,INE002A01018,1,1000,0,0,1,0,502070400,0,0,1454693725,N
2026-02-04,12713,RELIANCE,BL,RELIANCE INDUSTRIES LTD,INE002A01018,999999999,1000,0,0,1,0,816220800,0,0,1454693725,N
2026-02-04,2885,RELIANCE,EQ,RELIANCE INDUSTRIES LTD,INE002A01018,1,1000,0,0,6,1,502070400,0,0,1454697804,N
2026-02-04,28389,RELIANCE,IQ,RELIANCE INDUSTRIES LTD,INE002A01018,1,1000,0,0,1,0,1029369600,0,0,1454694548,N
2026-02-04,16328,RELIANCE,RL,RELIANCE INDUSTRIES LTD,INE002A01018,1,1000,0,0,1,0,893203200,0,0,1454693725,N
2026-02-04,757287,RELIANCE,T0,RELIANCE INDUSTRIES LTD,INE002A01018,1,1000,0,0,1,1,1433030400,0,0,1454690893,N
2026-02-04,757288,RELIANCE,TL,RELIANCE INDUSTRIES LTD,INE002A01018,999999999,1000,0,0,1,0,1433030400,0,0,1454693725,N
2026-02-04,11128,SBIN,AF,STATE BANK OF INDIA,INE062A01020,1,100,0,0,1,0,1248566400,0,0,1454693725,N
2026-02-04,4884,SBIN,BE,SBIN - DEPO SETT,INE062A01020,1,100,0,0,1,0,554688000,0,0,1454693725,N
2026-02-04,12740,SBIN,BL,STATE BANK OF INDIA,INE062A01020,999999999,100,0,0,1,0,816220800,0,0,1454693725,N
2026-02-04,3045,SBIN,EQ,STATE BANK OF INDIA,INE062A01020,1,100,0,0,6,1,478483200,0,0,1454697804,N
2026-02-04,28450,SBIN,IQ,STATE BANK OF INDIA,INE062A01020,1,1000,0,0,1,0,1029369600,0,0,1454694548,N
2026-02-04,20520,SBIN,N2,BOND 9.50% PA SERIES 2,INE062A08025,1,1000000,2,0,3,0,973987200,0,0,1298742279,Y
2026-02-04,22350,SBIN,N3,BOND 9.75% PA RET. S3,INE062A08033,1,1000000,2,0,3,0,985305600,0,0,1340475767,Y
2026-02-04,22352,SBIN,N4,BOND 9.30% PA NON RET. S3,INE062A08041,1,1000000,2,0,3,0,985305600,0,0,1340475767,Y
2026-02-04,22354,SBIN,N5,BOND 9.95% PA RET. S4,INE062A08058,1,1000000,2,0,3,0,985305600,0,0,1301159429,Y
2026-02-04,22356,SBIN,N6,BOND 9.45% PA NON RET. S4,INE062A08066,1,1000000,2,0,3,0,985305600,0,0,1301159429,Y
2026-02-04,16382,SBIN,RL,STATE BANK OF INDIA,INE062A01020,1,100,0,0,1,0,893203200,0,0,1454693725,N
2026-02-04,23256,SBIN,T0,STATE BANK OF INDIA,INE062A01020,1,100,0,0,1,1,1396051200,0,0,1454690889,N
2026-02-04,756131,SBIN,TL,STATE BANK OF INDIA,INE062A01020,999999999,100,0,0,1,0,1430611200,0,0,1454693725,N
2026-02-04,20521,SBIN,U2,BOND 9.50% PA SERIES 2,INE062A08025,1,1000000,2,0,3,0,973987200,0,0,1298742279,Y
2026-02-04,22351,SBIN,U3,BOND 9.75% PA RET. S3,INE062A08033,1,1000000,2,0,1,0,985305600,0,0,1454690889,N
2026-02-04,22353,SBIN,U4,BOND 9.30% PA NON RET. S3,INE062A08041,1,1000000,2,0,1,0,985305600,0,0,1454690889,N
2026-02-04,22355,SBIN,U5,BOND 9.95% PA RET. S4,INE062A08058,1,1000000,2,0,3,0,985305600,0,0,1301159429,Y
2026-02-04,22357,SBIN,U6,BOND 9.45% PA NON RET. S4,INE062A08066,1,1000000,2,0,3,0,985305600,0,0,1301159429,Y
2026-02-05,11107,HDFCBANK,AF,HDFC BANK LTD,INE040A01034,1,100,0,0,1,0,1248566400,0,0,1454779988,N
2026-02-05,4813,HDFCBANK,BE,HDFC BANK-DEPO. SETT.,INE040A01034,1,100,0,0,1,0,551059200,0,0,1454779988,N
2026-02-05,12431,HDFCBANK,BL,HDFC BANK LTD,INE040A01034,999999999,100,0,0,1,0,816220800,0,0,1454779988,N
2026-02-05,1333,HDFCBANK,EQ,HDFC BANK LTD,INE040A01034,1,100,0,0,6,1,500256000,0,0,1454782491,N
2026-02-05,27835,HDFCBANK,IQ,HDFC BANK LTD.,INE040A01034,1,200,0,0,1,0,1029369600,0,0,1454776962,N
2026-02-05,17321,HDFCBANK,K3,HDFC BANK LIMITED,INE040A13013,600,55725,3,0,3,0,1374019200,0,0,1377280986,Y
2026-02-05,15854,HDFCBANK,RL,HDFC BANK LTD,INE040A01034,1,100,0,0,1,0,893203200,0,0,1454779988,N
2026-02-05,757205,HDFCBANK,T0,HDFC BANK LTD,INE040A01034,1,100,0,0,1,1,1433030400,0,0,1454776965,N
2026-02-05,757206,HDFCBANK,TL,HDFC BANK LTD,INE040A01034,999999999,100,0,0,1,0,1433030400,0,0,1454779988,N
2026-02-05,17320,HDFCBANK,W3,HDFC BANK LIMITED,INE040A13013,600,55725,3,0,3,0,1374019200,0,0,1377280986,Y
2026-02-05,11111,ICICIBANK,AF,ICICI BANK LTD.,INE090A01021,1,200,0,0,1,0,1248566400,0,0,1454784115,N
2026-02-05,4967,ICICIBANK,BE,ICICI BANK LTD DEPO SETT,INE090A01021,1,200,0,0,1,0,559526400,0,0,1454784114,N
2026-02-05,12458,ICICIBANK,BL,ICICI BANK LTD.,INE090A01021,999999999,200,0,0,1,0,816220800,0,0,1454780020,N
2026-02-05,4963,ICICIBANK,EQ,ICICI BANK LTD.,INE090A01021,1,200,0,0,6,1,559526400,0,0,1454784114,N
2026-02-05,27885,ICICIBANK,IQ,ICICI BANK LTD.,INE090A01021,1,1000,0,0,1,0,1029369600,0,0,1454784116,N
2026-02-05,15897,ICICIBANK,RL,ICICI BANK LTD.,INE090A01021,1,200,0,0,1,0,893203200,0,0,1454784115,N
2026-02-05,757217,ICICIBANK,T0,ICICI BANK LTD.,INE090A01021,1,200,0,0,1,1,1433030400,0,0,1454784117,N
2026-02-05,757218,ICICIBANK,TL,ICICI BANK LTD.,INE090A01021,999999999,200,0,0,1,0,1433030400,0,0,1454780020,N
2026-02-05,11117,LT,AF,LARSEN & TOUBRO LTD.,INE018A01030,1,200,0,0,1,0,1248566400,0,0,1454780028,N
2026-02-05,11484,LT,BE,LARSEN & TOUBRO LTD.,INE018A01030,1,200,0,0,1,0,772416000,0,0,1454780028,N
2026-02-05,12562,LT,BL,LARSEN & TOUBRO LTD.,INE018A01030,999999999,200,0,0,1,0,816220800,0,0,1454780028,N
2026-02-05,11483,LT,EQ,LARSEN & TOUBRO LTD.,INE018A01030,1,200,0,0,6,1,772416000,0,0,1454782491,N
2026-02-05,28092,LT,IQ,LARSEN & TOUBRO LIMITED,INE018A01030,1,200,0,0,1,0,1029369600,0,0,1454784116,N
2026-02-05,16070,LT,RL,LARSEN & TOUBRO LTD.,INE018A01030,1,200,0,0,1,0,893203200,0,0,1454780028,N
2026-02-05,757249,LT,T0,LARSEN & TOUBRO LTD.,INE018A01030,1,200,0,0,1,1,1433030400,0,0,1454776965,N
2026-02-05,757250,LT,TL,LARSEN & TOUBRO LTD.,INE018A01030,999999999,200,0,0,1,0,1433030400,0,0,1454780028,N
2026-02-05,11139,RELIANCE,AF,RELIANCE INDUSTRIES LTD,INE002A01018,1,1000,0,0,1,0,1248566400,0,0,1454780016,N
2026-02-05,4615,RELIANCE,BE,RELIANCE IND DEPO-SETT,INE002A01018,1,1000,0,0,1,0,502070400,0,0,1454780016,N
2026-02-05,12713,RELIANCE,BL,RELIANCE INDUSTRIES LTD,INE002A01018,999999999,1000,0,0,1,0,816220800,0,0,1454780016,N
2026-02-05,2885,RELIANCE,EQ,RELIANCE INDUSTRIES LTD,INE002A01018,1,1000,0,0,6,1,502070400,0,0,1454782491,N
2026-02-05,28389,RELIANCE,IQ,RELIANCE INDUSTRIES LTD,INE002A01018,1,1000,0,0,1,0,1029369600,0,0,1454776962,N
2026-02-05,16328,RELIANCE,RL,RELIANCE INDUSTRIES LTD,INE002A01018,1,1000,0,0,1,0,893203200,0,0,1454780016,N
2026-02-05,757287,RELIANCE,T0,RELIANCE INDUSTRIES LTD,INE002A01018,1,1000,0,0,1,1,1433030400,0,0,1454776965,N
2026-02-05,757288,RELIANCE,TL,RELIANCE INDUSTRIES LTD,INE002A01018,999999999,1000,0,0,1,0,1433030400,0,0,1454780016,N
2026-02-05,11128,SBIN,AF,STATE BANK OF INDIA,INE062A01020,1,100,0,0,1,0,1248566400,0,0,1454780017,N
2026-02-05,4884,SBIN,BE,SBIN - DEPO SETT,INE062A01020,1,100,0,0,1,0,554688000,0,0,1454780017,N
2026-02-05,12740,SBIN,BL,STATE BANK OF INDIA,INE062A01020,999999999,100,0,0,1,0,816220800,0,0,1454780017,N
2026-02-05,3045,SBIN,EQ,STATE BANK OF INDIA,INE062A01020,1,100,0,0,6,1,478483200,0,0,1454782491,N
2026-02-05,28450,SBIN,IQ,STATE BANK OF INDIA,INE062A01020,1,1000,0,0,1,0,1029369600,0,0,1454784116,N
2026-02-05,20520,SBIN,N2,BOND 9.50% PA SERIES 2,INE062A08025,1,1000000,2,0,3,0,973987200,0,0,1298742279,Y
2026-02-05,22350,SBIN,N3,BOND 9.75% PA RET. S3,INE062A08033,1,1000000,2,0,3,0,985305600,0,0,1340475767,Y
2026-02-05,22352,SBIN,N4,BOND 9.30% PA NON RET. S3,INE062A08041,1,1000000,2,0,3,0,985305600,0,0,1340475767,Y
2026-02-05,22354,SBIN,N5,BOND 9.95% PA RET. S4,INE062A08058,1,1000000,2,0,3,0,985305600,0,0,1301159429,Y
2026-02-05,22356,SBIN,N6,BOND 9.45% PA NON RET. S4,INE062A08066,1,1000000,2,0,3,0,985305600,0,0,1301159429,Y
2026-02-05,16382,SBIN,RL,STATE BANK OF INDIA,INE062A01020,1,100,0,0,1,0,893203200,0,0,1454780017,N
2026-02-05,23256,SBIN,T0,STATE BANK OF INDIA,INE062A01020,1,100,0,0,1,1,1396051200,0,0,1454776961,N
2026-02-05,756131,SBIN,TL,STATE BANK OF INDIA,INE062A01020,999999999,100,0,0,1,0,1430611200,0,0,1454780017,N
2026-02-05,20521,SBIN,U2,BOND 9.50% PA SERIES 2,INE062A08025,1,1000000,2,0,3,0,973987200,0,0,1298742279,Y
2026-02-05,22351,SBIN,U3,BOND 9.75% PA RET. S3,INE062A08033,1,1000000,2,0,1,0,985305600,0,0,1454776961,N
2026-02-05,22353,SBIN,U4,BOND 9.30% PA NON RET. S3,INE062A08041,1,1000000,2,0,1,0,985305600,0,0,1454776961,N
2026-02-05,22355,SBIN,U5,BOND 9.95% PA RET. S4,INE062A08058,1,1000000,2,0,3,0,985305600,0,0,1301159429,Y
2026-02-05,22357,SBIN,U6,BOND 9.45% PA NON RET. S4,INE062A08066,1,1000000,2,0,3,0,985305600,0,0,1301159429,Y
2026-02-06,11107,HDFCBANK,AF,HDFC BANK LTD,INE040A01034,1,100,0,0,1,0,1248566400,0,0,1454866004,N
2026-02-06,4813,HDFCBANK,BE,HDFC BANK-DEPO. SETT.,INE040A01034,1,100,0,0,1,0,551059200,0,0,1454866004,N
2026-02-06,12431,HDFCBANK,BL,HDFC BANK LTD,INE040A01034,999999999,100,0,0,1,0,816220800,0,0,1454866004,N
2026-02-06,1333,HDFCBANK,EQ,HDFC BANK LTD,INE040A01034,1,100,0,0,6,1,500256000,0,0,1454875040,N
2026-02-06,27835,HDFCBANK,IQ,HDFC BANK LTD.,INE040A01034,1,200,0,0,1,0,1029369600,0,0,1454863396,N
2026-02-06,17321,HDFCBANK,K3,HDFC BANK LIMITED,INE040A13013,600,55725,3,0,3,0,1374019200,0,0,1377280986,Y
2026-02-06,15854,HDFCBANK,RL,HDFC BANK LTD,INE040A01034,1,100,0,0,1,0,893203200,0,0,1454866004,N
2026-02-06,757205,HDFCBANK,T0,HDFC BANK LTD,INE040A01034,1,100,0,0,1,1,1433030400,0,0,1454863399,N
2026-02-06,757206,HDFCBANK,TL,HDFC BANK LTD,INE040A01034,999999999,100,0,0,1,0,1433030400,0,0,1454866004,N
2026-02-06,17320,HDFCBANK,W3,HDFC BANK LIMITED,INE040A13013,600,55725,3,0,3,0,1374019200,0,0,1377280986,Y
2026-02-06,11111,ICICIBANK,AF,ICICI BANK LTD.,INE090A01021,1,200,0,0,1,0,1248566400,0,0,1454867102,N
2026-02-06,4967,ICICIBANK,BE,ICICI BANK LTD DEPO SETT,INE090A01021,1,200,0,0,1,0,559526400,0,0,1454867101,N
2026-02-06,12458,ICICIBANK,BL,ICICI BANK LTD.,INE090A01021,999999999,200,0,0,1,0,816220800,0,0,1454866036,N
2026-02-06,4963,ICICIBANK,EQ,ICICI BANK LTD.,INE090A01021,1,200,0,0,6,1,559526400,0,0,1454875040,N
2026-02-06,27885,ICICIBANK,IQ,ICICI BANK LTD.,INE090A01021,1,1000,0,0,1,0,1029369600,0,0,1454867103,N
2026-02-06,15897,ICICIBANK,RL,ICICI BANK LTD.,INE090A01021,1,200,0,0,1,0,893203200,0,0,1454867102,N
2026-02-06,757217,ICICIBANK,T0,ICICI BANK LTD.,INE090A01021,1,200,0,0,1,1,1433030400,0,0,1454867104,N
2026-02-06,757218,ICICIBANK,TL,ICICI BANK LTD.,INE090A01021,999999999,200,0,0,1,0,1433030400,0,0,1454866036,N
2026-02-06,11117,LT,AF,LARSEN & TOUBRO LTD.,INE018A01030,1,200,0,0,1,0,1248566400,0,0,1454866044,N
2026-02-06,11484,LT,BE,LARSEN & TOUBRO LTD.,INE018A01030,1,200,0,0,1,0,772416000,0,0,1454866044,N
2026-02-06,12562,LT,BL,LARSEN & TOUBRO LTD.,INE018A01030,999999999,200,0,0,1,0,816220800,0,0,1454866044,N
2026-02-06,11483,LT,EQ,LARSEN & TOUBRO LTD.,INE018A01030,1,200,0,0,6,1,772416000,0,0,1454875040,N
2026-02-06,28092,LT,IQ,LARSEN & TOUBRO LIMITED,INE018A01030,1,200,0,0,1,0,1029369600,0,0,1454867103,N
2026-02-06,16070,LT,RL,LARSEN & TOUBRO LTD.,INE018A01030,1,200,0,0,1,0,893203200,0,0,1454866044,N
2026-02-06,757249,LT,T0,LARSEN & TOUBRO LTD.,INE018A01030,1,200,0,0,1,1,1433030400,0,0,1454863399,N
2026-02-06,757250,LT,TL,LARSEN & TOUBRO LTD.,INE018A01030,999999999,200,0,0,1,0,1433030400,0,0,1454866044,N
2026-02-06,11139,RELIANCE,AF,RELIANCE INDUSTRIES LTD,INE002A01018,1,1000,0,0,1,0,1248566400,0,0,1454866033,N
2026-02-06,4615,RELIANCE,BE,RELIANCE IND DEPO-SETT,INE002A01018,1,1000,0,0,1,0,502070400,0,0,1454866033,N
2026-02-06,12713,RELIANCE,BL,RELIANCE INDUSTRIES LTD,INE002A01018,999999999,1000,0,0,1,0,816220800,0,0,1454866033,N
2026-02-06,2885,RELIANCE,EQ,RELIANCE INDUSTRIES LTD,INE002A01018,1,1000,0,0,6,1,502070400,0,0,1454875040,N
2026-02-06,28389,RELIANCE,IQ,RELIANCE INDUSTRIES LTD,INE002A01018,1,1000,0,0,1,0,1029369600,0,0,1454863396,N
2026-02-06,16328,RELIANCE,RL,RELIANCE INDUSTRIES LTD,INE002A01018,1,1000,0,0,1,0,893203200,0,0,1454866033,N
2026-02-06,757287,RELIANCE,T0,RELIANCE INDUSTRIES LTD,INE002A01018,1,1000,0,0,1,1,1433030400,0,0,1454863399,N
2026-02-06,757288,RELIANCE,TL,RELIANCE INDUSTRIES LTD,INE002A01018,999999999,1000,0,0,1,0,1433030400,0,0,1454866033,N
2026-02-06,11128,SBIN,AF,STATE BANK OF INDIA,INE062A01020,1,100,0,0,1,0,1248566400,0,0,1454866033,N
2026-02-06,4884,SBIN,BE,SBIN - DEPO SETT,INE062A01020,1,100,0,0,1,0,554688000,0,0,1454866033,N
2026-02-06,12740,SBIN,BL,STATE BANK OF INDIA,INE062A01020,999999999,100,0,0,1,0,816220800,0,0,1454866033,N
2026-02-06,3045,SBIN,EQ,STATE BANK OF INDIA,INE062A01020,1,100,0,0,6,1,478483200,0,0,1454875040,N
2026-02-06,28450,SBIN,IQ,STATE BANK OF INDIA,INE062A01020,1,1000,0,0,1,0,1029369600,0,0,1454867103,N
2026-02-06,20520,SBIN,N2,BOND 9.50% PA SERIES 2,INE062A08025,1,1000000,2,0,3,0,973987200,0,0,1298742279,Y
2026-02-06,22350,SBIN,N3,BOND 9.75% PA RET. S3,INE062A08033,1,1000000,2,0,3,0,985305600,0,0,1340475767,Y
2026-02-06,22352,SBIN,N4,BOND 9.30% PA NON RET. S3,INE062A08041,1,1000000,2,0,3,0,985305600,0,0,1340475767,Y
2026-02-06,22354,SBIN,N5,BOND 9.95% PA RET. S4,INE062A08058,1,1000000,2,0,3,0,985305600,0,0,1301159429,Y
2026-02-06,22356,SBIN,N6,BOND 9.45% PA NON RET. S4,INE062A08066,1,1000000,2,0,3,0,985305600,0,0,1301159429,Y
2026-02-06,16382,SBIN,RL,STATE BANK OF INDIA,INE062A01020,1,100,0,0,1,0,893203200,0,0,1454866033,N
2026-02-06,23256,SBIN,T0,STATE BANK OF INDIA,INE062A01020,1,100,0,0,1,1,1396051200,0,0,1454863395,N
2026-02-06,756131,SBIN,TL,STATE BANK OF INDIA,INE062A01020,999999999,100,0,0,1,0,1430611200,0,0,1454866033,N
2026-02-06,20521,SBIN,U2,BOND 9.50% PA SERIES 2,INE062A08025,1,1000000,2,0,3,0,973987200,0,0,1298742279,Y
2026-02-06,22351,SBIN,U3,BOND 9.75% PA RET. S3,INE062A08033,1,1000000,2,0,1,0,985305600,0,0,1454863395,N
2026-02-06,22353,SBIN,U4,BOND 9.30% PA NON RET. S3,INE062A08041,1,1000000,2,0,1,0,985305600,0,0,1454863395,N
2026-02-06,22355,SBIN,U5,BOND 9.95% PA RET. S4,INE062A08058,1,1000000,2,0,3,0,985305600,0,0,1301159429,Y
2026-02-06,22357,SBIN,U6,BOND 9.45% PA NON RET. S4,INE062A08066,1,1000000,2,0,3,0,985305600,0,0,1301159429,Y
2026-02-09,11107,HDFCBANK,AF,HDFC BANK LTD,INE040A01034,1,100,0,0,1,0,1248566400,0,0,1455125735,N
2026-02-09,4813,HDFCBANK,BE,HDFC BANK-DEPO. SETT.,INE040A01034,1,100,0,0,1,0,551059200,0,0,1455125735,N
2026-02-09,12431,HDFCBANK,BL,HDFC BANK LTD,INE040A01034,999999999,100,0,0,1,0,816220800,0,0,1455125735,N
2026-02-09,1333,HDFCBANK,EQ,HDFC BANK LTD,INE040A01034,1,100,0,0,6,1,500256000,0,0,1455130527,N
2026-02-09,27835,HDFCBANK,IQ,HDFC BANK LTD.,INE040A01034,1,200,0,0,1,0,1029369600,0,0,1455122731,N
2026-02-09,17321,HDFCBANK,K3,HDFC BANK LIMITED,INE040A13013,600,55725,3,0,3,0,1374019200,0,0,1377280986,Y
2026-02-09,15854,HDFCBANK,RL,HDFC BANK LTD,INE040A01034,1,100,0,0,1,0,893203200,0,0,1455125735,N
2026-02-09,757205,HDFCBANK,T0,HDFC BANK LTD,INE040A01034,1,100,0,0,1,1,1433030400,0,0,1455122734,N
2026-02-09,757206,HDFCBANK,TL,HDFC BANK LTD,INE040A01034,999999999,100,0,0,1,0,1433030400,0,0,1455125735,N
2026-02-09,17320,HDFCBANK,W3,HDFC BANK LIMITED,INE040A13013,600,55725,3,0,3,0,1374019200,0,0,1377280986,Y
2026-02-09,11111,ICICIBANK,AF,ICICI BANK LTD.,INE090A01021,1,200,0,0,1,0,1248566400,0,0,1455127396,N
2026-02-09,4967,ICICIBANK,BE,ICICI BANK LTD DEPO SETT,INE090A01021,1,200,0,0,1,0,559526400,0,0,1455127396,N
2026-02-09,12458,ICICIBANK,BL,ICICI BANK LTD.,INE090A01021,999999999,200,0,0,1,0,816220800,0,0,1455125767,N
2026-02-09,4963,ICICIBANK,EQ,ICICI BANK LTD.,INE090A01021,1,200,0,0,6,1,559526400,0,0,1455130527,N
2026-02-09,27885,ICICIBANK,IQ,ICICI BANK LTD.,INE090A01021,1,1000,0,0,1,0,1029369600,0,0,1455127398,N
2026-02-09,15897,ICICIBANK,RL,ICICI BANK LTD.,INE090A01021,1,200,0,0,1,0,893203200,0,0,1455127397,N
2026-02-09,757217,ICICIBANK,T0,ICICI BANK LTD.,INE090A01021,1,200,0,0,1,1,1433030400,0,0,1455127398,N
2026-02-09,757218,ICICIBANK,TL,ICICI BANK LTD.,INE090A01021,999999999,200,0,0,1,0,1433030400,0,0,1455125767,N
2026-02-09,11117,LT,AF,LARSEN & TOUBRO LTD.,INE018A01030,1,200,0,0,1,0,1248566400,0,0,1455125775,N
2026-02-09,11484,LT,BE,LARSEN & TOUBRO LTD.,INE018A01030,1,200,0,0,1,0,772416000,0,0,1455125775,N
2026-02-09,12562,LT,BL,LARSEN & TOUBRO LTD.,INE018A01030,999999999,200,0,0,1,0,816220800,0,0,1455125775,N
2026-02-09,11483,LT,EQ,LARSEN & TOUBRO LTD.,INE018A01030,1,200,0,0,6,1,772416000,0,0,1455130528,N
2026-02-09,28092,LT,IQ,LARSEN & TOUBRO LIMITED,INE018A01030,1,200,0,0,1,0,1029369600,0,0,1455127398,N
2026-02-09,16070,LT,RL,LARSEN & TOUBRO LTD.,INE018A01030,1,200,0,0,1,0,893203200,0,0,1455125775,N
2026-02-09,757249,LT,T0,LARSEN & TOUBRO LTD.,INE018A01030,1,200,0,0,1,1,1433030400,0,0,1455122734,N
2026-02-09,757250,LT,TL,LARSEN & TOUBRO LTD.,INE018A01030,999999999,200,0,0,1,0,1433030400,0,0,1455125775,N
2026-02-09,11139,RELIANCE,AF,RELIANCE INDUSTRIES LTD,INE002A01018,1,1000,0,0,1,0,1248566400,0,0,1455125764,N
2026-02-09,4615,RELIANCE,BE,RELIANCE IND DEPO-SETT,INE002A01018,1,1000,0,0,1,0,502070400,0,0,1455125764,N
2026-02-09,12713,RELIANCE,BL,RELIANCE INDUSTRIES LTD,INE002A01018,999999999,1000,0,0,1,0,816220800,0,0,1455125764,N
2026-02-09,2885,RELIANCE,EQ,RELIANCE INDUSTRIES LTD,INE002A01018,1,1000,0,0,6,1,502070400,0,0,1455130528,N
2026-02-09,28389,RELIANCE,IQ,RELIANCE INDUSTRIES LTD,INE002A01018,1,1000,0,0,1,0,1029369600,0,0,1455122731,N
2026-02-09,16328,RELIANCE,RL,RELIANCE INDUSTRIES LTD,INE002A01018,1,1000,0,0,1,0,893203200,0,0,1455125764,N
2026-02-09,757287,RELIANCE,T0,RELIANCE INDUSTRIES LTD,INE002A01018,1,1000,0,0,1,1,1433030400,0,0,1455122734,N
2026-02-09,757288,RELIANCE,TL,RELIANCE INDUSTRIES LTD,INE002A01018,999999999,1000,0,0,1,0,1433030400,0,0,1455125764,N
2026-02-09,11128,SBIN,AF,STATE BANK OF INDIA,INE062A01020,1,100,0,0,1,0,1248566400,0,0,1455127396,N
2026-02-09,4884,SBIN,BE,SBIN - DEPO SETT,INE062A01020,1,100,0,0,1,0,554688000,0,0,1455127396,N
2026-02-09,12740,SBIN,BL,STATE BANK OF INDIA,INE062A01020,999999999,100,0,0,1,0,816220800,0,0,1455125764,N
2026-02-09,3045,SBIN,EQ,STATE BANK OF INDIA,INE062A01020,1,100,0,0,6,1,478483200,0,0,1455130528,N
2026-02-09,28450,SBIN,IQ,STATE BANK OF INDIA,INE062A01020,1,1000,0,0,1,0,1029369600,0,0,1455127398,N
2026-02-09,20520,SBIN,N2,BOND 9.50% PA SERIES 2,INE062A08025,1,1000000,2,0,3,0,973987200,0,0,1298742279,Y
2026-02-09,22350,SBIN,N3,BOND 9.75% PA RET. S3,INE062A08033,1,1000000,2,0,3,0,985305600,0,0,1340475767,Y
2026-02-09,22352,SBIN,N4,BOND 9.30% PA NON RET. S3,INE062A08041,1,1000000,2,0,3,0,985305600,0,0,1340475767,Y
2026-02-09,22354,SBIN,N5,BOND 9.95% PA RET. S4,INE062A08058,1,1000000,2,0,3,0,985305600,0,0,1301159429,Y
2026-02-09,22356,SBIN,N6,BOND 9.45% PA NON RET. S4,INE062A08066,1,1000000,2,0,3,0,985305600,0,0,1301159429,Y
2026-02-09,16382,SBIN,RL,STATE BANK OF INDIA,INE062A01020,1,100,0,0,1,0,893203200,0,0,1455127397,N
2026-02-09,23256,SBIN,T0,STATE BANK OF INDIA,INE062A01020,1,100,0,0,1,1,1396051200,0,0,1455127398,N
2026-02-09,756131,SBIN,TL,STATE BANK OF INDIA,INE062A01020,999999999,100,0,0,1,0,1430611200,0,0,1455125764,N
2026-02-09,20521,SBIN,U2,BOND 9.50% PA SERIES 2,INE062A08025,1,1000000,2,0,3,0,973987200,0,0,1298742279,Y
2026-02-09,22351,SBIN,U3,BOND 9.75% PA RET. S3,INE062A08033,1,1000000,2,0,1,0,985305600,0,0,1455122730,N
2026-02-09,22353,SBIN,U4,BOND 9.30% PA NON RET. S3,INE062A08041,1,1000000,2,0,1,0,985305600,0,0,1455122730,N
2026-02-09,22355,SBIN,U5,BOND 9.95% PA RET. S4,INE062A08058,1,1000000,2,0,3,0,985305600,0,0,1301159429,Y
2026-02-09,22357,SBIN,U6,BOND 9.45% PA NON RET. S4,INE062A08066,1,1000000,2,0,3,0,985305600,0,0,1301159429,Y
2026-02-10,11107,HDFCBANK,AF,HDFC BANK LTD,INE040A01034,1,100,0,0,1,0,1248566400,0,0,1455214848,N
2026-02-10,4813,HDFCBANK,BE,HDFC BANK-DEPO. SETT.,INE040A01034,1,100,0,0,1,0,551059200,0,0,1455214848,N
2026-02-10,12431,HDFCBANK,BL,HDFC BANK LTD,INE040A01034,999999999,100,0,0,1,0,816220800,0,0,1455214848,N
2026-02-10,1333,HDFCBANK,EQ,HDFC BANK LTD,INE040A01034,1,100,0,0,6,1,500256000,0,0,1455215008,N
2026-02-10,27835,HDFCBANK,IQ,HDFC BANK LTD.,INE040A01034,1,200,0,0,1,0,1029369600,0,0,1455216905,N
2026-02-10,17321,HDFCBANK,K3,HDFC BANK LIMITED,INE040A13013,600,55725,3,0,3,0,1374019200,0,0,1377280986,Y
2026-02-10,15854,HDFCBANK,RL,HDFC BANK LTD,INE040A01034,1,100,0,0,1,0,893203200,0,0,1455214848,N
2026-02-10,757205,HDFCBANK,T0,HDFC BANK LTD,INE040A01034,1,100,0,0,1,1,1433030400,0,0,1455208966,N
2026-02-10,757206,HDFCBANK,TL,HDFC BANK LTD,INE040A01034,999999999,100,0,0,1,0,1433030400,0,0,1455214848,N
2026-02-10,17320,HDFCBANK,W3,HDFC BANK LIMITED,INE040A13013,600,55725,3,0,3,0,1374019200,0,0,1377280986,Y
2026-02-10,11111,ICICIBANK,AF,ICICI BANK LTD.,INE090A01021,1,200,0,0,1,0,1248566400,0,0,1455216904,N
2026-02-10,4967,ICICIBANK,BE,ICICI BANK LTD DEPO SETT,INE090A01021,1,200,0,0,1,0,559526400,0,0,1455216903,N
2026-02-10,12458,ICICIBANK,BL,ICICI BANK LTD.,INE090A01021,999999999,200,0,0,1,0,816220800,0,0,1455214880,N
2026-02-10,4963,ICICIBANK,EQ,ICICI BANK LTD.,INE090A01021,1,200,0,0,6,1,559526400,0,0,1455216903,N
2026-02-10,27885,ICICIBANK,IQ,ICICI BANK LTD.,INE090A01021,1,1000,0,0,1,0,1029369600,0,0,1455216905,N
2026-02-10,15897,ICICIBANK,RL,ICICI BANK LTD.,INE090A01021,1,200,0,0,1,0,893203200,0,0,1455216904,N
2026-02-10,757217,ICICIBANK,T0,ICICI BANK LTD.,INE090A01021,1,200,0,0,1,1,1433030400,0,0,1455216905,N
2026-02-10,757218,ICICIBANK,TL,ICICI BANK LTD.,INE090A01021,999999999,200,0,0,1,0,1433030400,0,0,1455214880,N
2026-02-10,11117,LT,AF,LARSEN & TOUBRO LTD.,INE018A01030,1,200,0,0,1,0,1248566400,0,0,1455214888,N
2026-02-10,11484,LT,BE,LARSEN & TOUBRO LTD.,INE018A01030,1,200,0,0,1,0,772416000,0,0,1455214888,N
2026-02-10,12562,LT,BL,LARSEN & TOUBRO LTD.,INE018A01030,999999999,200,0,0,1,0,816220800,0,0,1455214888,N
2026-02-10,11483,LT,EQ,LARSEN & TOUBRO LTD.,INE018A01030,1,200,0,0,6,1,772416000,0,0,1455215008,N
2026-02-10,28092,LT,IQ,LARSEN & TOUBRO LIMITED,INE018A01030,1,200,0,0,1,0,1029369600,0,0,1455208963,N
2026-02-10,16070,LT,RL,LARSEN & TOUBRO LTD.,INE018A01030,1,200,0,0,1,0,893203200,0,0,1455214888,N
2026-02-10,757249,LT,T0,LARSEN & TOUBRO LTD.,INE018A01030,1,200,0,0,1,1,1433030400,0,0,1455208966,N
2026-02-10,757250,LT,TL,LARSEN & TOUBRO LTD.,INE018A01030,999999999,200,0,0,1,0,1433030400,0,0,1455214888,N
2026-02-10,11139,RELIANCE,AF,RELIANCE INDUSTRIES LTD,INE002A01018,1,1000,0,0,1,0,1248566400,0,0,1455214877,N
2026-02-10,4615,RELIANCE,BE,RELIANCE IND DEPO-SETT,INE002A01018,1,1000,0,0,1,0,502070400,0,0,1455214877,N
2026-02-10,12713,RELIANCE,BL,RELIANCE INDUSTRIES LTD,INE002A01018,999999999,1000,0,0,1,0,816220800,0,0,1455214877,N
2026-02-10,2885,RELIANCE,EQ,RELIANCE INDUSTRIES LTD,INE002A01018,1,1000,0,0,6,1,502070400,0,0,1455215008,N
2026-02-10,28389,RELIANCE,IQ,RELIANCE INDUSTRIES LTD,INE002A01018,1,1000,0,0,1,0,1029369600,0,0,1455208963,N
2026-02-10,16328,RELIANCE,RL,RELIANCE INDUSTRIES LTD,INE002A01018,1,1000,0,0,1,0,893203200,0,0,1455214877,N
2026-02-10,757287,RELIANCE,T0,RELIANCE INDUSTRIES LTD,INE002A01018,1,1000,0,0,1,1,1433030400,0,0,1455208966,N
2026-02-10,757288,RELIANCE,TL,RELIANCE INDUSTRIES LTD,INE002A01018,999999999,1000,0,0,1,0,1433030400,0,0,1455214877,N
2026-02-10,11128,SBIN,AF,STATE BANK OF INDIA,INE062A01020,1,100,0,0,1,0,1248566400,0,0,1455214877,N
2026-02-10,4884,SBIN,BE,SBIN - DEPO SETT,INE062A01020,1,100,0,0,1,0,554688000,0,0,1455214877,N
2026-02-10,12740,SBIN,BL,STATE BANK OF INDIA,INE062A01020,999999999,100,0,0,1,0,816220800,0,0,1455214877,N
2026-02-10,3045,SBIN,EQ,STATE BANK OF INDIA,INE062A01020,1,100,0,0,6,1,478483200,0,0,1455215008,N
2026-02-10,28450,SBIN,IQ,STATE BANK OF INDIA,INE062A01020,1,1000,0,0,1,0,1029369600,0,0,1455216905,N
2026-02-10,20520,SBIN,N2,BOND 9.50% PA SERIES 2,INE062A08025,1,1000000,2,0,3,0,973987200,0,0,1298742279,Y
2026-02-10,22350,SBIN,N3,BOND 9.75% PA RET. S3,INE062A08033,1,1000000,2,0,3,0,985305600,0,0,1340475767,Y
2026-02-10,22352,SBIN,N4,BOND 9.30% PA NON RET. S3,INE062A08041,1,1000000,2,0,3,0,985305600,0,0,1340475767,Y
2026-02-10,22354,SBIN,N5,BOND 9.95% PA RET. S4,INE062A08058,1,1000000,2,0,3,0,985305600,0,0,1301159429,Y
2026-02-10,22356,SBIN,N6,BOND 9.45% PA NON RET. S4,INE062A08066,1,1000000,2,0,3,0,985305600,0,0,1301159429,Y
2026-02-10,16382,SBIN,RL,STATE BANK OF INDIA,INE062A01020,1,100,0,0,1,0,893203200,0,0,1455214877,N
2026-02-10,23256,SBIN,T0,STATE BANK OF INDIA,INE062A01020,1,100,0,0,1,1,1396051200,0,0,1455208962,N
2026-02-10,756131,SBIN,TL,STATE BANK OF INDIA,INE062A01020,999999999,100,0,0,1,0,1430611200,0,0,1455214877,N
2026-02-10,20521,SBIN,U2,BOND 9.50% PA SERIES 2,INE062A08025,1,1000000,2,0,3,0,973987200,0,0,1298742279,Y
2026-02-10,22351,SBIN,U3,BOND 9.75% PA RET. S3,INE062A08033,1,1000000,2,0,1,0,985305600,0,0,1455208961,N
2026-02-10,22353,SBIN,U4,BOND 9.30% PA NON RET. S3,INE062A08041,1,1000000,2,0,1,0,985305600,0,0,1455208961,N
2026-02-10,22355,SBIN,U5,BOND 9.95% PA RET. S4,INE062A08058,1,1000000,2,0,3,0,985305600,0,0,1301159429,Y
2026-02-10,22357,SBIN,U6,BOND 9.45% PA NON RET. S4,INE062A08066,1,1000000,2,0,3,0,985305600,0,0,1301159429,Y
2026-02-11,11107,HDFCBANK,AF,HDFC BANK LTD,INE040A01034,1,100,0,0,1,0,1248566400,0,0,1455299861,N
2026-02-11,4813,HDFCBANK,BE,HDFC BANK-DEPO. SETT.,INE040A01034,1,100,0,0,1,0,551059200,0,0,1455299860,N
2026-02-11,12431,HDFCBANK,BL,HDFC BANK LTD,INE040A01034,999999999,100,0,0,1,0,816220800,0,0,1455297557,N
2026-02-11,1333,HDFCBANK,EQ,HDFC BANK LTD,INE040A01034,1,100,0,0,6,1,500256000,0,0,1455300056,N
2026-02-11,27835,HDFCBANK,IQ,HDFC BANK LTD.,INE040A01034,1,200,0,0,1,0,1029369600,0,0,1455295223,N
2026-02-11,17321,HDFCBANK,K3,HDFC BANK LIMITED,INE040A13013,600,55725,3,0,3,0,1374019200,0,0,1377280986,Y
2026-02-11,15854,HDFCBANK,RL,HDFC BANK LTD,INE040A01034,1,100,0,0,1,0,893203200,0,0,1455299861,N
2026-02-11,757205,HDFCBANK,T0,HDFC BANK LTD,INE040A01034,1,100,0,0,1,1,1433030400,0,0,1455299863,N
2026-02-11,757206,HDFCBANK,TL,HDFC BANK LTD,INE040A01034,999999999,100,0,0,1,0,1433030400,0,0,1455297557,N
2026-02-11,17320,HDFCBANK,W3,HDFC BANK LIMITED,INE040A13013,600,55725,3,0,3,0,1374019200,0,0,1377280986,Y
2026-02-11,11111,ICICIBANK,AF,ICICI BANK LTD.,INE090A01021,1,200,0,0,1,0,1248566400,0,0,1455297589,N
2026-02-11,4967,ICICIBANK,BE,ICICI BANK LTD DEPO SETT,INE090A01021,1,200,0,0,1,0,559526400,0,0,1455297589,N
2026-02-11,12458,ICICIBANK,BL,ICICI BANK LTD.,INE090A01021,999999999,200,0,0,1,0,816220800,0,0,1455297589,N
2026-02-11,4963,ICICIBANK,EQ,ICICI BANK LTD.,INE090A01021,1,200,0,0,6,1,559526400,0,0,1455300056,N
2026-02-11,27885,ICICIBANK,IQ,ICICI BANK LTD.,INE090A01021,1,1000,0,0,1,0,1029369600,0,0,1455299862,N
2026-02-11,15897,ICICIBANK,RL,ICICI BANK LTD.,INE090A01021,1,200,0,0,1,0,893203200,0,0,1455297589,N
2026-02-11,757217,ICICIBANK,T0,ICICI BANK LTD.,INE090A01021,1,200,0,0,1,1,1433030400,0,0,1455295226,N
2026-02-11,757218,ICICIBANK,TL,ICICI BANK LTD.,INE090A01021,999999999,200,0,0,1,0,1433030400,0,0,1455297589,N
2026-02-11,11117,LT,AF,LARSEN & TOUBRO LTD.,INE018A01030,1,200,0,0,1,0,1248566400,0,0,1455297597,N
2026-02-11,11484,LT,BE,LARSEN & TOUBRO LTD.,INE018A01030,1,200,0,0,1,0,772416000,0,0,1455297597,N
2026-02-11,12562,LT,BL,LARSEN & TOUBRO LTD.,INE018A01030,999999999,200,0,0,1,0,816220800,0,0,1455297597,N
2026-02-11,11483,LT,EQ,LARSEN & TOUBRO LTD.,INE018A01030,1,200,0,0,6,1,772416000,0,0,1455300056,N
2026-02-11,28092,LT,IQ,LARSEN & TOUBRO LIMITED,INE018A01030,1,200,0,0,1,0,1029369600,0,0,1455295223,N
2026-02-11,16070,LT,RL,LARSEN & TOUBRO LTD.,INE018A01030,1,200,0,0,1,0,893203200,0,0,1455297597,N
2026-02-11,757249,LT,T0,LARSEN & TOUBRO LTD.,INE018A01030,1,200,0,0,1,1,1433030400,0,0,1455295226,N
2026-02-11,757250,LT,TL,LARSEN & TOUBRO LTD.,INE018A01030,999999999,200,0,0,1,0,1433030400,0,0,1455297597,N
2026-02-11,11139,RELIANCE,AF,RELIANCE INDUSTRIES LTD,INE002A01018,1,1000,0,0,1,0,1248566400,0,0,1455297586,N
2026-02-11,4615,RELIANCE,BE,RELIANCE IND DEPO-SETT,INE002A01018,1,1000,0,0,1,0,502070400,0,0,1455297586,N
2026-02-11,12713,RELIANCE,BL,RELIANCE INDUSTRIES LTD,INE002A01018,999999999,1000,0,0,1,0,816220800,0,0,1455297586,N
2026-02-11,2885,RELIANCE,EQ,RELIANCE INDUSTRIES LTD,INE002A01018,1,1000,0,0,6,1,502070400,0,0,1455300056,N
2026-02-11,28389,RELIANCE,IQ,RELIANCE INDUSTRIES LTD,INE002A01018,1,1000,0,0,1,0,1029369600,0,0,1455295223,N
2026-02-11,16328,RELIANCE,RL,RELIANCE INDUSTRIES LTD,INE002A01018,1,1000,0,0,1,0,893203200,0,0,1455297586,N
2026-02-11,757287,RELIANCE,T0,RELIANCE INDUSTRIES LTD,INE002A01018,1,1000,0,0,1,1,1433030400,0,0,1455295226,N
2026-02-11,757288,RELIANCE,TL,RELIANCE INDUSTRIES LTD,INE002A01018,999999999,1000,0,0,1,0,1433030400,0,0,1455297586,N
2026-02-11,11128,SBIN,AF,STATE BANK OF INDIA,INE062A01020,1,100,0,0,1,0,1248566400,0,0,1455297586,N
2026-02-11,4884,SBIN,BE,SBIN - DEPO SETT,INE062A01020,1,100,0,0,1,0,554688000,0,0,1455297586,N
2026-02-11,12740,SBIN,BL,STATE BANK OF INDIA,INE062A01020,999999999,100,0,0,1,0,816220800,0,0,1455297586,N
2026-02-11,3045,SBIN,EQ,STATE BANK OF INDIA,INE062A01020,1,100,0,0,6,1,478483200,0,0,1455300056,N
2026-02-11,28450,SBIN,IQ,STATE BANK OF INDIA,INE062A01020,1,1000,0,0,1,0,1029369600,0,0,1455295223,N
2026-02-11,20520,SBIN,N2,BOND 9.50% PA SERIES 2,INE062A08025,1,1000000,2,0,3,0,973987200,0,0,1298742279,Y
2026-02-11,22350,SBIN,N3,BOND 9.75% PA RET. S3,INE062A08033,1,1000000,2,0,3,0,985305600,0,0,1340475767,Y
2026-02-11,22352,SBIN,N4,BOND 9.30% PA NON RET. S3,INE062A08041,1,1000000,2,0,3,0,985305600,0,0,1340475767,Y
2026-02-11,22354,SBIN,N5,BOND 9.95% PA RET. S4,INE062A08058,1,1000000,2,0,3,0,985305600,0,0,1301159429,Y
2026-02-11,22356,SBIN,N6,BOND 9.45% PA NON RET. S4,INE062A08066,1,1000000,2,0,3,0,985305600,0,0,1301159429,Y
2026-02-11,16382,SBIN,RL,STATE BANK OF INDIA,INE062A01020,1,100,0,0,1,0,893203200,0,0,1455297586,N
2026-02-11,23256,SBIN,T0,STATE BANK OF INDIA,INE062A01020,1,100,0,0,1,1,1396051200,0,0,1455295223,N
2026-02-11,756131,SBIN,TL,STATE BANK OF INDIA,INE062A01020,999999999,100,0,0,1,0,1430611200,0,0,1455297586,N
2026-02-11,20521,SBIN,U2,BOND 9.50% PA SERIES 2,INE062A08025,1,1000000,2,0,3,0,973987200,0,0,1298742279,Y
2026-02-11,22351,SBIN,U3,BOND 9.75% PA RET. S3,INE062A08033,1,1000000,2,0,1,0,985305600,0,0,1455295222,N
2026-02-11,22353,SBIN,U4,BOND 9.30% PA NON RET. S3,INE062A08041,1,1000000,2,0,1,0,985305600,0,0,1455295222,N
2026-02-11,22355,SBIN,U5,BOND 9.95% PA RET. S4,INE062A08058,1,1000000,2,0,3,0,985305600,0,0,1301159429,Y
2026-02-11,22357,SBIN,U6,BOND 9.45% PA NON RET. S4,INE062A08066,1,1000000,2,0,3,0,985305600,0,0,1301159429,Y
2026-02-12,11107,HDFCBANK,AF,HDFC BANK LTD,INE040A01034,1,100,0,0,1,0,1248566400,0,0,1455387551,N
2026-02-12,4813,HDFCBANK,BE,HDFC BANK-DEPO. SETT.,INE040A01034,1,100,0,0,1,0,551059200,0,0,1455387551,N
2026-02-12,12431,HDFCBANK,BL,HDFC BANK LTD,INE040A01034,999999999,100,0,0,1,0,816220800,0,0,1455387551,N
2026-02-12,1333,HDFCBANK,EQ,HDFC BANK LTD,INE040A01034,1,100,0,0,6,1,500256000,0,0,1455387700,N
2026-02-12,27835,HDFCBANK,IQ,HDFC BANK LTD.,INE040A01034,1,200,0,0,1,0,1029369600,0,0,1455381691,N
2026-02-12,17321,HDFCBANK,K3,HDFC BANK LIMITED,INE040A13013,600,55725,3,0,3,0,1374019200,0,0,1377280986,Y
2026-02-12,15854,HDFCBANK,RL,HDFC BANK LTD,INE040A01034,1,100,0,0,1,0,893203200,0,0,1455387551,N
2026-02-12,757205,HDFCBANK,T0,HDFC BANK LTD,INE040A01034,1,100,0,0,1,1,1433030400,0,0,1455381694,N
2026-02-12,757206,HDFCBANK,TL,HDFC BANK LTD,INE040A01034,999999999,100,0,0,1,0,1433030400,0,0,1455387551,N
2026-02-12,17320,HDFCBANK,W3,HDFC BANK LIMITED,INE040A13013,600,55725,3,0,3,0,1374019200,0,0,1377280986,Y
2026-02-12,11111,ICICIBANK,AF,ICICI BANK LTD.,INE090A01021,1,200,0,0,1,0,1248566400,0,0,1455387583,N
2026-02-12,4967,ICICIBANK,BE,ICICI BANK LTD DEPO SETT,INE090A01021,1,200,0,0,1,0,559526400,0,0,1455387583,N
2026-02-12,12458,ICICIBANK,BL,ICICI BANK LTD.,INE090A01021,999999999,200,0,0,1,0,816220800,0,0,1455387583,N
2026-02-12,4963,ICICIBANK,EQ,ICICI BANK LTD.,INE090A01021,1,200,0,0,6,1,559526400,0,0,1455387700,N
2026-02-12,27885,ICICIBANK,IQ,ICICI BANK LTD.,INE090A01021,1,1000,0,0,1,0,1029369600,0,0,1455381691,N
2026-02-12,15897,ICICIBANK,RL,ICICI BANK LTD.,INE090A01021,1,200,0,0,1,0,893203200,0,0,1455387583,N
2026-02-12,757217,ICICIBANK,T0,ICICI BANK LTD.,INE090A01021,1,200,0,0,1,1,1433030400,0,0,1455381694,N
2026-02-12,757218,ICICIBANK,TL,ICICI BANK LTD.,INE090A01021,999999999,200,0,0,1,0,1433030400,0,0,1455387583,N
2026-02-12,11117,LT,AF,LARSEN & TOUBRO LTD.,INE018A01030,1,200,0,0,1,0,1248566400,0,0,1455387591,N
2026-02-12,11484,LT,BE,LARSEN & TOUBRO LTD.,INE018A01030,1,200,0,0,1,0,772416000,0,0,1455387591,N
2026-02-12,12562,LT,BL,LARSEN & TOUBRO LTD.,INE018A01030,999999999,200,0,0,1,0,816220800,0,0,1455387591,N
2026-02-12,11483,LT,EQ,LARSEN & TOUBRO LTD.,INE018A01030,1,200,0,0,6,1,772416000,0,0,1455387700,N
2026-02-12,28092,LT,IQ,LARSEN & TOUBRO LIMITED,INE018A01030,1,200,0,0,1,0,1029369600,0,0,1455389127,N
2026-02-12,16070,LT,RL,LARSEN & TOUBRO LTD.,INE018A01030,1,200,0,0,1,0,893203200,0,0,1455387591,N
2026-02-12,757249,LT,T0,LARSEN & TOUBRO LTD.,INE018A01030,1,200,0,0,1,1,1433030400,0,0,1455381694,N
2026-02-12,757250,LT,TL,LARSEN & TOUBRO LTD.,INE018A01030,999999999,200,0,0,1,0,1433030400,0,0,1455387591,N
2026-02-12,11139,RELIANCE,AF,RELIANCE INDUSTRIES LTD,INE002A01018,1,1000,0,0,1,0,1248566400,0,0,1455387579,N
2026-02-12,4615,RELIANCE,BE,RELIANCE IND DEPO-SETT,INE002A01018,1,1000,0,0,1,0,502070400,0,0,1455387579,N
2026-02-12,12713,RELIANCE,BL,RELIANCE INDUSTRIES LTD,INE002A01018,999999999,1000,0,0,1,0,816220800,0,0,1455387579,N
2026-02-12,2885,RELIANCE,EQ,RELIANCE INDUSTRIES LTD,INE002A01018,1,1000,0,0,6,1,502070400,0,0,1455387701,N
2026-02-12,28389,RELIANCE,IQ,RELIANCE INDUSTRIES LTD,INE002A01018,1,1000,0,0,1,0,1029369600,0,0,1455381691,N
2026-02-12,16328,RELIANCE,RL,RELIANCE INDUSTRIES LTD,INE002A01018,1,1000,0,0,1,0,893203200,0,0,1455387579,N
2026-02-12,757287,RELIANCE,T0,RELIANCE INDUSTRIES LTD,INE002A01018,1,1000,0,0,1,1,1433030400,0,0,1455381694,N
2026-02-12,757288,RELIANCE,TL,RELIANCE INDUSTRIES LTD,INE002A01018,999999999,1000,0,0,1,0,1433030400,0,0,1455387579,N
2026-02-12,11128,SBIN,AF,STATE BANK OF INDIA,INE062A01020,1,100,0,0,1,0,1248566400,0,0,1455387580,N
2026-02-12,4884,SBIN,BE,SBIN - DEPO SETT,INE062A01020,1,100,0,0,1,0,554688000,0,0,1455387580,N
2026-02-12,12740,SBIN,BL,STATE BANK OF INDIA,INE062A01020,999999999,100,0,0,1,0,816220800,0,0,1455387580,N
2026-02-12,3045,SBIN,EQ,STATE BANK OF INDIA,INE062A01020,1,100,0,0,6,1,478483200,0,0,1455387701,N
2026-02-12,28450,SBIN,IQ,STATE BANK OF INDIA,INE062A01020,1,1000,0,0,1,0,1029369600,0,0,1455389127,N
2026-02-12,20520,SBIN,N2,BOND 9.50% PA SERIES 2,INE062A08025,1,1000000,2,0,3,0,973987200,0,0,1298742279,Y
2026-02-12,22350,SBIN,N3,BOND 9.75% PA RET. S3,INE062A08033,1,1000000,2,0,3,0,985305600,0,0,1340475767,Y
2026-02-12,22352,SBIN,N4,BOND 9.30% PA NON RET. S3,INE062A08041,1,1000000,2,0,3,0,985305600,0,0,1340475767,Y
2026-02-12,22354,SBIN,N5,BOND 9.95% PA RET. S4,INE062A08058,1,1000000,2,0,3,0,985305600,0,0,1301159429,Y
2026-02-12,22356,SBIN,N6,BOND 9.45% PA NON RET. S4,INE062A08066,1,1000000,2,0,3,0,985305600,0,0,1301159429,Y
2026-02-12,16382,SBIN,RL,STATE BANK OF INDIA,INE062A01020,1,100,0,0,1,0,893203200,0,0,1455387580,N
2026-02-12,23256,SBIN,T0,STATE BANK OF INDIA,INE062A01020,1,100,0,0,1,1,1396051200,0,0,1455381690,N
2026-02-12,756131,SBIN,TL,STATE BANK OF INDIA,INE062A01020,999999999,100,0,0,1,0,1430611200,0,0,1455387580,N
2026-02-12,20521,SBIN,U2,BOND 9.50% PA SERIES 2,INE062A08025,1,1000000,2,0,3,0,973987200,0,0,1298742279,Y
2026-02-12,22351,SBIN,U3,BOND 9.75% PA RET. S3,INE062A08033,1,1000000,2,0,1,0,985305600,0,0,1455381690,N
2026-02-12,22353,SBIN,U4,BOND 9.30% PA NON RET. S3,INE062A08041,1,1000000,2,0,1,0,985305600,0,0,1455381690,N
2026-02-12,22355,SBIN,U5,BOND 9.95% PA RET. S4,INE062A08058,1,1000000,2,0,3,0,985305600,0,0,1301159429,Y
2026-02-12,22357,SBIN,U6,BOND 9.45% PA NON RET. S4,INE062A08066,1,1000000,2,0,3,0,985305600,0,0,1301159429,Y
2026-02-13,11107,HDFCBANK,AF,HDFC BANK LTD,INE040A01034,1,100,0,0,1,0,1248566400,0,0,1455472028,N
2026-02-13,4813,HDFCBANK,BE,HDFC BANK-DEPO. SETT.,INE040A01034,1,100,0,0,1,0,551059200,0,0,1455472028,N
2026-02-13,12431,HDFCBANK,BL,HDFC BANK LTD,INE040A01034,999999999,100,0,0,1,0,816220800,0,0,1455472028,N
2026-02-13,1333,HDFCBANK,EQ,HDFC BANK LTD,INE040A01034,1,100,0,0,6,1,500256000,0,0,1455476576,N
2026-02-13,27835,HDFCBANK,IQ,HDFC BANK LTD.,INE040A01034,1,200,0,0,1,0,1029369600,0,0,1455473596,N
2026-02-13,17321,HDFCBANK,K3,HDFC BANK LIMITED,INE040A13013,600,55725,3,0,3,0,1374019200,0,0,1377280986,Y
2026-02-13,15854,HDFCBANK,RL,HDFC BANK LTD,INE040A01034,1,100,0,0,1,0,893203200,0,0,1455472028,N
2026-02-13,757205,HDFCBANK,T0,HDFC BANK LTD,INE040A01034,1,100,0,0,1,1,1433030400,0,0,1455469384,N
2026-02-13,757206,HDFCBANK,TL,HDFC BANK LTD,INE040A01034,999999999,100,0,0,1,0,1433030400,0,0,1455472028,N
2026-02-13,17320,HDFCBANK,W3,HDFC BANK LIMITED,INE040A13013,600,55725,3,0,3,0,1374019200,0,0,1377280986,Y
2026-02-13,11111,ICICIBANK,AF,ICICI BANK LTD.,INE090A01021,1,200,0,0,1,0,1248566400,0,0,1455472060,N
2026-02-13,4967,ICICIBANK,BE,ICICI BANK LTD DEPO SETT,INE090A01021,1,200,0,0,1,0,559526400,0,0,1455472060,N
2026-02-13,12458,ICICIBANK,BL,ICICI BANK LTD.,INE090A01021,999999999,200,0,0,1,0,816220800,0,0,1455472060,N
2026-02-13,4963,ICICIBANK,EQ,ICICI BANK LTD.,INE090A01021,1,200,0,0,6,1,559526400,0,0,1455476576,N
2026-02-13,27885,ICICIBANK,IQ,ICICI BANK LTD.,INE090A01021,1,1000,0,0,1,0,1029369600,0,0,1455473596,N
2026-02-13,15897,ICICIBANK,RL,ICICI BANK LTD.,INE090A01021,1,200,0,0,1,0,893203200,0,0,1455472060,N
2026-02-13,757217,ICICIBANK,T0,ICICI BANK LTD.,INE090A01021,1,200,0,0,1,1,1433030400,0,0,1455469384,N
2026-02-13,757218,ICICIBANK,TL,ICICI BANK LTD.,INE090A01021,999999999,200,0,0,1,0,1433030400,0,0,1455472060,N
2026-02-13,11117,LT,AF,LARSEN & TOUBRO LTD.,INE018A01030,1,200,0,0,1,0,1248566400,0,0,1455472068,N
2026-02-13,11484,LT,BE,LARSEN & TOUBRO LTD.,INE018A01030,1,200,0,0,1,0,772416000,0,0,1455472068,N
2026-02-13,12562,LT,BL,LARSEN & TOUBRO LTD.,INE018A01030,999999999,200,0,0,1,0,816220800,0,0,1455472068,N
2026-02-13,11483,LT,EQ,LARSEN & TOUBRO LTD.,INE018A01030,1,200,0,0,6,1,772416000,0,0,1455476576,N
2026-02-13,28092,LT,IQ,LARSEN & TOUBRO LIMITED,INE018A01030,1,200,0,0,1,0,1029369600,0,0,1455469381,N
2026-02-13,16070,LT,RL,LARSEN & TOUBRO LTD.,INE018A01030,1,200,0,0,1,0,893203200,0,0,1455472068,N
2026-02-13,757249,LT,T0,LARSEN & TOUBRO LTD.,INE018A01030,1,200,0,0,1,1,1433030400,0,0,1455469384,N
2026-02-13,757250,LT,TL,LARSEN & TOUBRO LTD.,INE018A01030,999999999,200,0,0,1,0,1433030400,0,0,1455472068,N
2026-02-13,11139,RELIANCE,AF,RELIANCE INDUSTRIES LTD,INE002A01018,1,1000,0,0,1,0,1248566400,0,0,1455472057,N
2026-02-13,4615,RELIANCE,BE,RELIANCE IND DEPO-SETT,INE002A01018,1,1000,0,0,1,0,502070400,0,0,1455472057,N
2026-02-13,12713,RELIANCE,BL,RELIANCE INDUSTRIES LTD,INE002A01018,999999999,1000,0,0,1,0,816220800,0,0,1455472057,N
2026-02-13,2885,RELIANCE,EQ,RELIANCE INDUSTRIES LTD,INE002A01018,1,1000,0,0,6,1,502070400,0,0,1455476577,N
2026-02-13,28389,RELIANCE,IQ,RELIANCE INDUSTRIES LTD,INE002A01018,1,1000,0,0,1,0,1029369600,0,0,1455469381,N
2026-02-13,16328,RELIANCE,RL,RELIANCE INDUSTRIES LTD,INE002A01018,1,1000,0,0,1,0,893203200,0,0,1455472057,N
2026-02-13,757287,RELIANCE,T0,RELIANCE INDUSTRIES LTD,INE002A01018,1,1000,0,0,1,1,1433030400,0,0,1455469384,N
2026-02-13,757288,RELIANCE,TL,RELIANCE INDUSTRIES LTD,INE002A01018,999999999,1000,0,0,1,0,1433030400,0,0,1455472057,N
2026-02-13,11128,SBIN,AF,STATE BANK OF INDIA,INE062A01020,1,100,0,0,1,0,1248566400,0,0,1455472057,N
2026-02-13,4884,SBIN,BE,SBIN - DEPO SETT,INE062A01020,1,100,0,0,1,0,554688000,0,0,1455472057,N
2026-02-13,12740,SBIN,BL,STATE BANK OF INDIA,INE062A01020,999999999,100,0,0,1,0,816220800,0,0,1455472057,N
2026-02-13,3045,SBIN,EQ,STATE BANK OF INDIA,INE062A01020,1,100,0,0,6,1,478483200,0,0,1455476577,N
2026-02-13,28450,SBIN,IQ,STATE BANK OF INDIA,INE062A01020,1,1000,0,0,1,0,1029369600,0,0,1455473597,N
2026-02-13,20520,SBIN,N2,BOND 9.50% PA SERIES 2,INE062A08025,1,1000000,2,0,3,0,973987200,0,0,1298742279,Y
2026-02-13,22350,SBIN,N3,BOND 9.75% PA RET. S3,INE062A08033,1,1000000,2,0,3,0,985305600,0,0,1340475767,Y
2026-02-13,22352,SBIN,N4,BOND 9.30% PA NON RET. S3,INE062A08041,1,1000000,2,0,3,0,985305600,0,0,1340475767,Y
2026-02-13,22354,SBIN,N5,BOND 9.95% PA RET. S4,INE062A08058,1,1000000,2,0,3,0,985305600,0,0,1301159429,Y
2026-02-13,22356,SBIN,N6,BOND 9.45% PA NON RET. S4,INE062A08066,1,1000000,2,0,3,0,985305600,0,0,1301159429,Y
2026-02-13,16382,SBIN,RL,STATE BANK OF INDIA,INE062A01020,1,100,0,0,1,0,893203200,0,0,1455472057,N
2026-02-13,23256,SBIN,T0,STATE BANK OF INDIA,INE062A01020,1,100,0,0,1,1,1396051200,0,0,1455469380,N
2026-02-13,756131,SBIN,TL,STATE BANK OF INDIA,INE062A01020,999999999,100,0,0,1,0,1430611200,0,0,1455472057,N
2026-02-13,20521,SBIN,U2,BOND 9.50% PA SERIES 2,INE062A08025,1,1000000,2,0,3,0,973987200,0,0,1298742279,Y
2026-02-13,22351,SBIN,U3,BOND 9.75% PA RET. S3,INE062A08033,1,1000000,2,0,1,0,985305600,0,0,1455469380,N
2026-02-13,22353,SBIN,U4,BOND 9.30% PA NON RET. S3,INE062A08041,1,1000000,2,0,1,0,985305600,0,0,1455469380,N
2026-02-13,22355,SBIN,U5,BOND 9.95% PA RET. S4,INE062A08058,1,1000000,2,0,3,0,985305600,0,0,1301159429,Y
2026-02-13,22357,SBIN,U6,BOND 9.45% PA NON RET. S4,INE062A08066,1,1000000,2,0,3,0,985305600,0,0,1301159429,Y
2026-02-16,11107,HDFCBANK,AF,HDFC BANK LTD,INE040A01034,1,100,0,0,1,0,1248566400,0,0,1455730081,N
2026-02-16,4813,HDFCBANK,BE,HDFC BANK-DEPO. SETT.,INE040A01034,1,100,0,0,1,0,551059200,0,0,1455730081,N
2026-02-16,12431,HDFCBANK,BL,HDFC BANK LTD,INE040A01034,999999999,100,0,0,1,0,816220800,0,0,1455730081,N
2026-02-16,1333,HDFCBANK,EQ,HDFC BANK LTD,INE040A01034,1,100,0,0,6,1,500256000,0,0,1455732208,N
2026-02-16,27835,HDFCBANK,IQ,HDFC BANK LTD.,INE040A01034,1,200,0,0,1,0,1029369600,0,0,1455730899,N
2026-02-16,17321,HDFCBANK,K3,HDFC BANK LIMITED,INE040A13013,600,55725,3,0,3,0,1374019200,0,0,1377280986,Y
2026-02-16,15854,HDFCBANK,RL,HDFC BANK LTD,INE040A01034,1,100,0,0,1,0,893203200,0,0,1455730081,N
2026-02-16,757205,HDFCBANK,T0,HDFC BANK LTD,INE040A01034,1,100,0,0,1,1,1433030400,0,0,1455727766,N
2026-02-16,757206,HDFCBANK,TL,HDFC BANK LTD,INE040A01034,999999999,100,0,0,1,0,1433030400,0,0,1455730081,N
2026-02-16,17320,HDFCBANK,W3,HDFC BANK LIMITED,INE040A13013,600,55725,3,0,3,0,1374019200,0,0,1377280986,Y
2026-02-16,11111,ICICIBANK,AF,ICICI BANK LTD.,INE090A01021,1,200,0,0,1,0,1248566400,0,0,1455730114,N
2026-02-16,4967,ICICIBANK,BE,ICICI BANK LTD DEPO SETT,INE090A01021,1,200,0,0,1,0,559526400,0,0,1455730114,N
2026-02-16,12458,ICICIBANK,BL,ICICI BANK LTD.,INE090A01021,999999999,200,0,0,1,0,816220800,0,0,1455730114,N
2026-02-16,4963,ICICIBANK,EQ,ICICI BANK LTD.,INE090A01021,1,200,0,0,6,1,559526400,0,0,1455732208,N
2026-02-16,27885,ICICIBANK,IQ,ICICI BANK LTD.,INE090A01021,1,1000,0,0,1,0,1029369600,0,0,1455730899,N
2026-02-16,15897,ICICIBANK,RL,ICICI BANK LTD.,INE090A01021,1,200,0,0,1,0,893203200,0,0,1455730114,N
2026-02-16,757217,ICICIBANK,T0,ICICI BANK LTD.,INE090A01021,1,200,0,0,1,1,1433030400,0,0,1455727766,N
2026-02-16,757218,ICICIBANK,TL,ICICI BANK LTD.,INE090A01021,999999999,200,0,0,1,0,1433030400,0,0,1455730114,N
2026-02-16,11117,LT,AF,LARSEN & TOUBRO LTD.,INE018A01030,1,200,0,0,1,0,1248566400,0,0,1455730122,N
2026-02-16,11484,LT,BE,LARSEN & TOUBRO LTD.,INE018A01030,1,200,0,0,1,0,772416000,0,0,1455730122,N
2026-02-16,12562,LT,BL,LARSEN & TOUBRO LTD.,INE018A01030,999999999,200,0,0,1,0,816220800,0,0,1455730122,N
2026-02-16,11483,LT,EQ,LARSEN & TOUBRO LTD.,INE018A01030,1,200,0,0,6,1,772416000,0,0,1455732208,N
2026-02-16,28092,LT,IQ,LARSEN & TOUBRO LIMITED,INE018A01030,1,200,0,0,1,0,1029369600,0,0,1455727763,N
2026-02-16,16070,LT,RL,LARSEN & TOUBRO LTD.,INE018A01030,1,200,0,0,1,0,893203200,0,0,1455730122,N
2026-02-16,757249,LT,T0,LARSEN & TOUBRO LTD.,INE018A01030,1,200,0,0,1,1,1433030400,0,0,1455727766,N
2026-02-16,757250,LT,TL,LARSEN & TOUBRO LTD.,INE018A01030,999999999,200,0,0,1,0,1433030400,0,0,1455730122,N
2026-02-16,11139,RELIANCE,AF,RELIANCE INDUSTRIES LTD,INE002A01018,1,1000,0,0,1,0,1248566400,0,0,1455730110,N
2026-02-16,4615,RELIANCE,BE,RELIANCE IND DEPO-SETT,INE002A01018,1,1000,0,0,1,0,502070400,0,0,1455730110,N
2026-02-16,12713,RELIANCE,BL,RELIANCE INDUSTRIES LTD,INE002A01018,999999999,1000,0,0,1,0,816220800,0,0,1455730110,N
2026-02-16,2885,RELIANCE,EQ,RELIANCE INDUSTRIES LTD,INE002A01018,1,1000,0,0,6,1,502070400,0,0,1455732208,N
2026-02-16,28389,RELIANCE,IQ,RELIANCE INDUSTRIES LTD,INE002A01018,1,1000,0,0,1,0,1029369600,0,0,1455727763,N
2026-02-16,16328,RELIANCE,RL,RELIANCE INDUSTRIES LTD,INE002A01018,1,1000,0,0,1,0,893203200,0,0,1455730110,N
2026-02-16,757287,RELIANCE,T0,RELIANCE INDUSTRIES LTD,INE002A01018,1,1000,0,0,1,1,1433030400,0,0,1455727766,N
2026-02-16,757288,RELIANCE,TL,RELIANCE INDUSTRIES LTD,INE002A01018,999999999,1000,0,0,1,0,1433030400,0,0,1455730110,N
2026-02-16,11128,SBIN,AF,STATE BANK OF INDIA,INE062A01020,1,100,0,0,1,0,1248566400,0,0,1455730897,N
2026-02-16,4884,SBIN,BE,SBIN - DEPO SETT,INE062A01020,1,100,0,0,1,0,554688000,0,0,1455730896,N
2026-02-16,12740,SBIN,BL,STATE BANK OF INDIA,INE062A01020,999999999,100,0,0,1,0,816220800,0,0,1455730110,N
2026-02-16,3045,SBIN,EQ,STATE BANK OF INDIA,INE062A01020,1,100,0,0,6,1,478483200,0,0,1455732208,N
2026-02-16,28450,SBIN,IQ,STATE BANK OF INDIA,INE062A01020,1,1000,0,0,1,0,1029369600,0,0,1455727763,N
2026-02-16,20520,SBIN,N2,BOND 9.50% PA SERIES 2,INE062A08025,1,1000000,2,0,3,0,973987200,0,0,1298742279,Y
2026-02-16,22350,SBIN,N3,BOND 9.75% PA RET. S3,INE062A08033,1,1000000,2,0,3,0,985305600,0,0,1340475767,Y
2026-02-16,22352,SBIN,N4,BOND 9.30% PA NON RET. S3,INE062A08041,1,1000000,2,0,3,0,985305600,0,0,1340475767,Y
2026-02-16,22354,SBIN,N5,BOND 9.95% PA RET. S4,INE062A08058,1,1000000,2,0,3,0,985305600,0,0,1301159429,Y
2026-02-16,22356,SBIN,N6,BOND 9.45% PA NON RET. S4,INE062A08066,1,1000000,2,0,3,0,985305600,0,0,1301159429,Y
2026-02-16,16382,SBIN,RL,STATE BANK OF INDIA,INE062A01020,1,100,0,0,1,0,893203200,0,0,1455730898,N
2026-02-16,23256,SBIN,T0,STATE BANK OF INDIA,INE062A01020,1,100,0,0,1,1,1396051200,0,0,1455730898,N
2026-02-16,756131,SBIN,TL,STATE BANK OF INDIA,INE062A01020,999999999,100,0,0,1,0,1430611200,0,0,1455730110,N
2026-02-16,20521,SBIN,U2,BOND 9.50% PA SERIES 2,INE062A08025,1,1000000,2,0,3,0,973987200,0,0,1298742279,Y
2026-02-16,22351,SBIN,U3,BOND 9.75% PA RET. S3,INE062A08033,1,1000000,2,0,1,0,985305600,0,0,1455727762,N
2026-02-16,22353,SBIN,U4,BOND 9.30% PA NON RET. S3,INE062A08041,1,1000000,2,0,1,0,985305600,0,0,1455727762,N
2026-02-16,22355,SBIN,U5,BOND 9.95% PA RET. S4,INE062A08058,1,1000000,2,0,3,0,985305600,0,0,1301159429,Y
2026-02-16,22357,SBIN,U6,BOND 9.45% PA NON RET. S4,INE062A08066,1,1000000,2,0,3,0,985305600,0,0,1301159429,Y
2026-02-17,11107,HDFCBANK,AF,HDFC BANK LTD,INE040A01034,1,100,0,0,1,0,1248566400,0,0,1455820399,N
2026-02-17,4813,HDFCBANK,BE,HDFC BANK-DEPO. SETT.,INE040A01034,1,100,0,0,1,0,551059200,0,0,1455820399,N
2026-02-17,12431,HDFCBANK,BL,HDFC BANK LTD,INE040A01034,999999999,100,0,0,1,0,816220800,0,0,1455820399,N
2026-02-17,1333,HDFCBANK,EQ,HDFC BANK LTD,INE040A01034,1,100,0,0,6,1,500256000,0,0,1455820546,N
2026-02-17,27835,HDFCBANK,IQ,HDFC BANK LTD.,INE040A01034,1,200,0,0,1,0,1029369600,0,0,1455813854,N
2026-02-17,17321,HDFCBANK,K3,HDFC BANK LIMITED,INE040A13013,600,55725,3,0,3,0,1374019200,0,0,1377280986,Y
2026-02-17,15854,HDFCBANK,RL,HDFC BANK LTD,INE040A01034,1,100,0,0,1,0,893203200,0,0,1455820399,N
2026-02-17,757205,HDFCBANK,T0,HDFC BANK LTD,INE040A01034,1,100,0,0,1,1,1433030400,0,0,1455813857,N
2026-02-17,757206,HDFCBANK,TL,HDFC BANK LTD,INE040A01034,999999999,100,0,0,1,0,1433030400,0,0,1455820399,N
2026-02-17,17320,HDFCBANK,W3,HDFC BANK LIMITED,INE040A13013,600,55725,3,0,3,0,1374019200,0,0,1377280986,Y
2026-02-17,11111,ICICIBANK,AF,ICICI BANK LTD.,INE090A01021,1,200,0,0,1,0,1248566400,0,0,1455820431,N
2026-02-17,4967,ICICIBANK,BE,ICICI BANK LTD DEPO SETT,INE090A01021,1,200,0,0,1,0,559526400,0,0,1455820431,N
2026-02-17,12458,ICICIBANK,BL,ICICI BANK LTD.,INE090A01021,999999999,200,0,0,1,0,816220800,0,0,1455820431,N
2026-02-17,4963,ICICIBANK,EQ,ICICI BANK LTD.,INE090A01021,1,200,0,0,6,1,559526400,0,0,1455820546,N
2026-02-17,27885,ICICIBANK,IQ,ICICI BANK LTD.,INE090A01021,1,1000,0,0,1,0,1029369600,0,0,1455813854,N
2026-02-17,15897,ICICIBANK,RL,ICICI BANK LTD.,INE090A01021,1,200,0,0,1,0,893203200,0,0,1455820431,N
2026-02-17,757217,ICICIBANK,T0,ICICI BANK LTD.,INE090A01021,1,200,0,0,1,1,1433030400,0,0,1455813857,N
2026-02-17,757218,ICICIBANK,TL,ICICI BANK LTD.,INE090A01021,999999999,200,0,0,1,0,1433030400,0,0,1455820431,N
2026-02-17,11117,LT,AF,LARSEN & TOUBRO LTD.,INE018A01030,1,200,0,0,1,0,1248566400,0,0,1455821063,N
2026-02-17,11484,LT,BE,LARSEN & TOUBRO LTD.,INE018A01030,1,200,0,0,1,0,772416000,0,0,1455821063,N
2026-02-17,12562,LT,BL,LARSEN & TOUBRO LTD.,INE018A01030,999999999,200,0,0,1,0,816220800,0,0,1455820439,N
2026-02-17,11483,LT,EQ,LARSEN & TOUBRO LTD.,INE018A01030,1,200,0,0,6,1,772416000,0,0,1455821063,N
2026-02-17,28092,LT,IQ,LARSEN & TOUBRO LIMITED,INE018A01030,1,200,0,0,1,0,1029369600,0,0,1455813854,N
2026-02-17,16070,LT,RL,LARSEN & TOUBRO LTD.,INE018A01030,1,200,0,0,1,0,893203200,0,0,1455821063,N
2026-02-17,757249,LT,T0,LARSEN & TOUBRO LTD.,INE018A01030,1,200,0,0,1,1,1433030400,0,0,1455821065,N
2026-02-17,757250,LT,TL,LARSEN & TOUBRO LTD.,INE018A01030,999999999,200,0,0,1,0,1433030400,0,0,1455820439,N
2026-02-17,11139,RELIANCE,AF,RELIANCE INDUSTRIES LTD,INE002A01018,1,1000,0,0,1,0,1248566400,0,0,1455820427,N
2026-02-17,4615,RELIANCE,BE,RELIANCE IND DEPO-SETT,INE002A01018,1,1000,0,0,1,0,502070400,0,0,1455820427,N
2026-02-17,12713,RELIANCE,BL,RELIANCE INDUSTRIES LTD,INE002A01018,999999999,1000,0,0,1,0,816220800,0,0,1455820427,N
2026-02-17,2885,RELIANCE,EQ,RELIANCE INDUSTRIES LTD,INE002A01018,1,1000,0,0,6,1,502070400,0,0,1455820546,N
2026-02-17,28389,RELIANCE,IQ,RELIANCE INDUSTRIES LTD,INE002A01018,1,1000,0,0,1,0,1029369600,0,0,1455813854,N
2026-02-17,16328,RELIANCE,RL,RELIANCE INDUSTRIES LTD,INE002A01018,1,1000,0,0,1,0,893203200,0,0,1455820427,N
2026-02-17,757287,RELIANCE,T0,RELIANCE INDUSTRIES LTD,INE002A01018,1,1000,0,0,1,1,1433030400,0,0,1455813857,N
2026-02-17,757288,RELIANCE,TL,RELIANCE INDUSTRIES LTD,INE002A01018,999999999,1000,0,0,1,0,1433030400,0,0,1455820427,N
2026-02-17,11128,SBIN,AF,STATE BANK OF INDIA,INE062A01020,1,100,0,0,1,0,1248566400,0,0,1455820428,N
2026-02-17,4884,SBIN,BE,SBIN - DEPO SETT,INE062A01020,1,100,0,0,1,0,554688000,0,0,1455820428,N
2026-02-17,12740,SBIN,BL,STATE BANK OF INDIA,INE062A01020,999999999,100,0,0,1,0,816220800,0,0,1455820428,N
2026-02-17,3045,SBIN,EQ,STATE BANK OF INDIA,INE062A01020,1,100,0,0,6,1,478483200,0,0,1455820546,N
2026-02-17,28450,SBIN,IQ,STATE BANK OF INDIA,INE062A01020,1,1000,0,0,1,0,1029369600,0,0,1455821064,N
2026-02-17,20520,SBIN,N2,BOND 9.50% PA SERIES 2,INE062A08025,1,1000000,2,0,3,0,973987200,0,0,1298742279,Y
2026-02-17,22350,SBIN,N3,BOND 9.75% PA RET. S3,INE062A08033,1,1000000,2,0,3,0,985305600,0,0,1340475767,Y
2026-02-17,22352,SBIN,N4,BOND 9.30% PA NON RET. S3,INE062A08041,1,1000000,2,0,3,0,985305600,0,0,1340475767,Y
2026-02-17,22354,SBIN,N5,BOND 9.95% PA RET. S4,INE062A08058,1,1000000,2,0,3,0,985305600,0,0,1301159429,Y
2026-02-17,22356,SBIN,N6,BOND 9.45% PA NON RET. S4,INE062A08066,1,1000000,2,0,3,0,985305600,0,0,1301159429,Y
2026-02-17,16382,SBIN,RL,STATE BANK OF INDIA,INE062A01020,1,100,0,0,1,0,893203200,0,0,1455820428,N
2026-02-17,23256,SBIN,T0,STATE BANK OF INDIA,INE062A01020,1,100,0,0,1,1,1396051200,0,0,1455813853,N
2026-02-17,756131,SBIN,TL,STATE BANK OF INDIA,INE062A01020,999999999,100,0,0,1,0,1430611200,0,0,1455820428,N
2026-02-17,20521,SBIN,U2,BOND 9.50% PA SERIES 2,INE062A08025,1,1000000,2,0,3,0,973987200,0,0,1298742279,Y
2026-02-17,22351,SBIN,U3,BOND 9.75% PA RET. S3,INE062A08033,1,1000000,2,0,1,0,985305600,0,0,1455813853,N
2026-02-17,22353,SBIN,U4,BOND 9.30% PA NON RET. S3,INE062A08041,1,1000000,2,0,1,0,985305600,0,0,1455813853,N
2026-02-17,22355,SBIN,U5,BOND 9.95% PA RET. S4,INE062A08058,1,1000000,2,0,3,0,985305600,0,0,1301159429,Y
2026-02-17,22357,SBIN,U6,BOND 9.45% PA NON RET. S4,INE062A08066,1,1000000,2,0,3,0,985305600,0,0,1301159429,Y
2026-02-18,11107,HDFCBANK,AF,HDFC BANK LTD,INE040A01034,1,100,0,0,1,0,1248566400,0,0,1455901657,N
2026-02-18,4813,HDFCBANK,BE,HDFC BANK-DEPO. SETT.,INE040A01034,1,100,0,0,1,0,551059200,0,0,1455901657,N
2026-02-18,12431,HDFCBANK,BL,HDFC BANK LTD,INE040A01034,999999999,100,0,0,1,0,816220800,0,0,1455901657,N
2026-02-18,1333,HDFCBANK,EQ,HDFC BANK LTD,INE040A01034,1,100,0,0,6,1,500256000,0,0,1455906273,N
2026-02-18,27835,HDFCBANK,IQ,HDFC BANK LTD.,INE040A01034,1,200,0,0,1,0,1029369600,0,0,1455900037,N
2026-02-18,17321,HDFCBANK,K3,HDFC BANK LIMITED,INE040A13013,600,55725,3,0,3,0,1374019200,0,0,1377280986,Y
2026-02-18,15854,HDFCBANK,RL,HDFC BANK LTD,INE040A01034,1,100,0,0,1,0,893203200,0,0,1455901657,N
2026-02-18,757205,HDFCBANK,T0,HDFC BANK LTD,INE040A01034,1,100,0,0,1,1,1433030400,0,0,1455900040,N
2026-02-18,757206,HDFCBANK,TL,HDFC BANK LTD,INE040A01034,999999999,100,0,0,1,0,1433030400,0,0,1455901657,N
2026-02-18,17320,HDFCBANK,W3,HDFC BANK LIMITED,INE040A13013,600,55725,3,0,3,0,1374019200,0,0,1377280986,Y
2026-02-18,11111,ICICIBANK,AF,ICICI BANK LTD.,INE090A01021,1,200,0,0,1,0,1248566400,0,0,1455901689,N
2026-02-18,4967,ICICIBANK,BE,ICICI BANK LTD DEPO SETT,INE090A01021,1,200,0,0,1,0,559526400,0,0,1455901689,N
2026-02-18,12458,ICICIBANK,BL,ICICI BANK LTD.,INE090A01021,999999999,200,0,0,1,0,816220800,0,0,1455901689,N
2026-02-18,4963,ICICIBANK,EQ,ICICI BANK LTD.,INE090A01021,1,200,0,0,6,1,559526400,0,0,1455906273,N
2026-02-18,27885,ICICIBANK,IQ,ICICI BANK LTD.,INE090A01021,1,1000,0,0,1,0,1029369600,0,0,1455900037,N
2026-02-18,15897,ICICIBANK,RL,ICICI BANK LTD.,INE090A01021,1,200,0,0,1,0,893203200,0,0,1455901689,N
2026-02-18,757217,ICICIBANK,T0,ICICI BANK LTD.,INE090A01021,1,200,0,0,1,1,1433030400,0,0,1455900040,N
2026-02-18,757218,ICICIBANK,TL,ICICI BANK LTD.,INE090A01021,999999999,200,0,0,1,0,1433030400,0,0,1455901689,N
2026-02-18,11117,LT,AF,LARSEN & TOUBRO LTD.,INE018A01030,1,200,0,0,1,0,1248566400,0,0,1455901697,N
2026-02-18,11484,LT,BE,LARSEN & TOUBRO LTD.,INE018A01030,1,200,0,0,1,0,772416000,0,0,1455901697,N
2026-02-18,12562,LT,BL,LARSEN & TOUBRO LTD.,INE018A01030,999999999,200,0,0,1,0,816220800,0,0,1455901697,N
2026-02-18,11483,LT,EQ,LARSEN & TOUBRO LTD.,INE018A01030,1,200,0,0,6,1,772416000,0,0,1455906273,N
2026-02-18,28092,LT,IQ,LARSEN & TOUBRO LIMITED,INE018A01030,1,200,0,0,1,0,1029369600,0,0,1455902201,N
2026-02-18,16070,LT,RL,LARSEN & TOUBRO LTD.,INE018A01030,1,200,0,0,1,0,893203200,0,0,1455901697,N
2026-02-18,757249,LT,T0,LARSEN & TOUBRO LTD.,INE018A01030,1,200,0,0,1,1,1433030400,0,0,1455900040,N
2026-02-18,757250,LT,TL,LARSEN & TOUBRO LTD.,INE018A01030,999999999,200,0,0,1,0,1433030400,0,0,1455901697,N
2026-02-18,11139,RELIANCE,AF,RELIANCE INDUSTRIES LTD,INE002A01018,1,1000,0,0,1,0,1248566400,0,0,1455901686,N
2026-02-18,4615,RELIANCE,BE,RELIANCE IND DEPO-SETT,INE002A01018,1,1000,0,0,1,0,502070400,0,0,1455901686,N
2026-02-18,12713,RELIANCE,BL,RELIANCE INDUSTRIES LTD,INE002A01018,999999999,1000,0,0,1,0,816220800,0,0,1455901686,N
2026-02-18,2885,RELIANCE,EQ,RELIANCE INDUSTRIES LTD,INE002A01018,1,1000,0,0,6,1,502070400,0,0,1455906273,N
2026-02-18,28389,RELIANCE,IQ,RELIANCE INDUSTRIES LTD,INE002A01018,1,1000,0,0,1,0,1029369600,0,0,1455900037,N
2026-02-18,16328,RELIANCE,RL,RELIANCE INDUSTRIES LTD,INE002A01018,1,1000,0,0,1,0,893203200,0,0,1455901686,N
2026-02-18,757287,RELIANCE,T0,RELIANCE INDUSTRIES LTD,INE002A01018,1,1000,0,0,1,1,1433030400,0,0,1455900040,N
2026-02-18,757288,RELIANCE,TL,RELIANCE INDUSTRIES LTD,INE002A01018,999999999,1000,0,0,1,0,1433030400,0,0,1455901686,N
2026-02-18,11128,SBIN,AF,STATE BANK OF INDIA,INE062A01020,1,100,0,0,1,0,1248566400,0,0,1455901686,N
2026-02-18,4884,SBIN,BE,SBIN - DEPO SETT,INE062A01020,1,100,0,0,1,0,554688000,0,0,1455901686,N
2026-02-18,12740,SBIN,BL,STATE BANK OF INDIA,INE062A01020,999999999,100,0,0,1,0,816220800,0,0,1455901686,N
2026-02-18,3045,SBIN,EQ,STATE BANK OF INDIA,INE062A01020,1,100,0,0,6,1,478483200,0,0,1455906273,N
2026-02-18,28450,SBIN,IQ,STATE BANK OF INDIA,INE062A01020,1,1000,0,0,1,0,1029369600,0,0,1455902201,N
2026-02-18,20520,SBIN,N2,BOND 9.50% PA SERIES 2,INE062A08025,1,1000000,2,0,3,0,973987200,0,0,1298742279,Y
2026-02-18,22350,SBIN,N3,BOND 9.75% PA RET. S3,INE062A08033,1,1000000,2,0,3,0,985305600,0,0,1340475767,Y
2026-02-18,22352,SBIN,N4,BOND 9.30% PA NON RET. S3,INE062A08041,1,1000000,2,0,3,0,985305600,0,0,1340475767,Y
2026-02-18,22354,SBIN,N5,BOND 9.95% PA RET. S4,INE062A08058,1,1000000,2,0,3,0,985305600,0,0,1301159429,Y
2026-02-18,22356,SBIN,N6,BOND 9.45% PA NON RET. S4,INE062A08066,1,1000000,2,0,3,0,985305600,0,0,1301159429,Y
2026-02-18,16382,SBIN,RL,STATE BANK OF INDIA,INE062A01020,1,100,0,0,1,0,893203200,0,0,1455901686,N
2026-02-18,23256,SBIN,T0,STATE BANK OF INDIA,INE062A01020,1,100,0,0,1,1,1396051200,0,0,1455900036,N
2026-02-18,756131,SBIN,TL,STATE BANK OF INDIA,INE062A01020,999999999,100,0,0,1,0,1430611200,0,0,1455901686,N
2026-02-18,20521,SBIN,U2,BOND 9.50% PA SERIES 2,INE062A08025,1,1000000,2,0,3,0,973987200,0,0,1298742279,Y
2026-02-18,22351,SBIN,U3,BOND 9.75% PA RET. S3,INE062A08033,1,1000000,2,0,1,0,985305600,0,0,1455900036,N
2026-02-18,22353,SBIN,U4,BOND 9.30% PA NON RET. S3,INE062A08041,1,1000000,2,0,1,0,985305600,0,0,1455900036,N
2026-02-18,22355,SBIN,U5,BOND 9.95% PA RET. S4,INE062A08058,1,1000000,2,0,3,0,985305600,0,0,1301159429,Y
2026-02-18,22357,SBIN,U6,BOND 9.45% PA NON RET. S4,INE062A08066,1,1000000,2,0,3,0,985305600,0,0,1301159429,Y
2026-02-19,11107,HDFCBANK,AF,HDFC BANK LTD,INE040A01034,1,100,0,0,1,0,1248566400,0,0,1455988611,N
2026-02-19,4813,HDFCBANK,BE,HDFC BANK-DEPO. SETT.,INE040A01034,1,100,0,0,1,0,551059200,0,0,1455988611,N
2026-02-19,12431,HDFCBANK,BL,HDFC BANK LTD,INE040A01034,999999999,100,0,0,1,0,816220800,0,0,1455988611,N
2026-02-19,1333,HDFCBANK,EQ,HDFC BANK LTD,INE040A01034,1,100,0,0,6,1,500256000,0,0,1455992980,N
2026-02-19,27835,HDFCBANK,IQ,HDFC BANK LTD.,INE040A01034,1,200,0,0,1,0,1029369600,0,0,1455986484,N
2026-02-19,17321,HDFCBANK,K3,HDFC BANK LIMITED,INE040A13013,600,55725,3,0,3,0,1374019200,0,0,1377280986,Y
2026-02-19,15854,HDFCBANK,RL,HDFC BANK LTD,INE040A01034,1,100,0,0,1,0,893203200,0,0,1455988611,N
2026-02-19,757205,HDFCBANK,T0,HDFC BANK LTD,INE040A01034,1,100,0,0,1,1,1433030400,0,0,1455986487,N
2026-02-19,757206,HDFCBANK,TL,HDFC BANK LTD,INE040A01034,999999999,100,0,0,1,0,1433030400,0,0,1455988611,N
2026-02-19,17320,HDFCBANK,W3,HDFC BANK LIMITED,INE040A13013,600,55725,3,0,3,0,1374019200,0,0,1377280986,Y
2026-02-19,11111,ICICIBANK,AF,ICICI BANK LTD.,INE090A01021,1,200,0,0,1,0,1248566400,0,0,1455989470,N
2026-02-19,4967,ICICIBANK,BE,ICICI BANK LTD DEPO SETT,INE090A01021,1,200,0,0,1,0,559526400,0,0,1455989469,N
2026-02-19,12458,ICICIBANK,BL,ICICI BANK LTD.,INE090A01021,999999999,200,0,0,1,0,816220800,0,0,1455988643,N
2026-02-19,4963,ICICIBANK,EQ,ICICI BANK LTD.,INE090A01021,1,200,0,0,6,1,559526400,0,0,1455992980,N
2026-02-19,27885,ICICIBANK,IQ,ICICI BANK LTD.,INE090A01021,1,1000,0,0,1,0,1029369600,0,0,1455986484,N
2026-02-19,15897,ICICIBANK,RL,ICICI BANK LTD.,INE090A01021,1,200,0,0,1,0,893203200,0,0,1455989470,N
2026-02-19,757217,ICICIBANK,T0,ICICI BANK LTD.,INE090A01021,1,200,0,0,1,1,1433030400,0,0,1455989472,N
2026-02-19,757218,ICICIBANK,TL,ICICI BANK LTD.,INE090A01021,999999999,200,0,0,1,0,1433030400,0,0,1455988643,N
2026-02-19,11117,LT,AF,LARSEN & TOUBRO LTD.,INE018A01030,1,200,0,0,1,0,1248566400,0,0,1455988651,N
2026-02-19,11484,LT,BE,LARSEN & TOUBRO LTD.,INE018A01030,1,200,0,0,1,0,772416000,0,0,1455988651,N
2026-02-19,12562,LT,BL,LARSEN & TOUBRO LTD.,INE018A01030,999999999,200,0,0,1,0,816220800,0,0,1455988651,N
2026-02-19,11483,LT,EQ,LARSEN & TOUBRO LTD.,INE018A01030,1,200,0,0,6,1,772416000,0,0,1455992981,N
2026-02-19,28092,LT,IQ,LARSEN & TOUBRO LIMITED,INE018A01030,1,200,0,0,1,0,1029369600,0,0,1455986484,N
2026-02-19,16070,LT,RL,LARSEN & TOUBRO LTD.,INE018A01030,1,200,0,0,1,0,893203200,0,0,1455988651,N
2026-02-19,757249,LT,T0,LARSEN & TOUBRO LTD.,INE018A01030,1,200,0,0,1,1,1433030400,0,0,1455986487,N
2026-02-19,757250,LT,TL,LARSEN & TOUBRO LTD.,INE018A01030,999999999,200,0,0,1,0,1433030400,0,0,1455988651,N
2026-02-19,11139,RELIANCE,AF,RELIANCE INDUSTRIES LTD,INE002A01018,1,1000,0,0,1,0,1248566400,0,0,1455988639,N
2026-02-19,4615,RELIANCE,BE,RELIANCE IND DEPO-SETT,INE002A01018,1,1000,0,0,1,0,502070400,0,0,1455988639,N
2026-02-19,12713,RELIANCE,BL,RELIANCE INDUSTRIES LTD,INE002A01018,999999999,1000,0,0,1,0,816220800,0,0,1455988639,N
2026-02-19,2885,RELIANCE,EQ,RELIANCE INDUSTRIES LTD,INE002A01018,1,1000,0,0,6,1,502070400,0,0,1455992981,N
2026-02-19,28389,RELIANCE,IQ,RELIANCE INDUSTRIES LTD,INE002A01018,1,1000,0,0,1,0,1029369600,0,0,1455986484,N
2026-02-19,16328,RELIANCE,RL,RELIANCE INDUSTRIES LTD,INE002A01018,1,1000,0,0,1,0,893203200,0,0,1455988639,N
2026-02-19,757287,RELIANCE,T0,RELIANCE INDUSTRIES LTD,INE002A01018,1,1000,0,0,1,1,1433030400,0,0,1455986487,N
2026-02-19,757288,RELIANCE,TL,RELIANCE INDUSTRIES LTD,INE002A01018,999999999,1000,0,0,1,0,1433030400,0,0,1455988639,N
2026-02-19,11128,SBIN,AF,STATE BANK OF INDIA,INE062A01020,1,100,0,0,1,0,1248566400,0,0,1455988640,N
2026-02-19,4884,SBIN,BE,SBIN - DEPO SETT,INE062A01020,1,100,0,0,1,0,554688000,0,0,1455988640,N
2026-02-19,12740,SBIN,BL,STATE BANK OF INDIA,INE062A01020,999999999,100,0,0,1,0,816220800,0,0,1455988640,N
2026-02-19,3045,SBIN,EQ,STATE BANK OF INDIA,INE062A01020,1,100,0,0,6,1,478483200,0,0,1455992981,N
2026-02-19,28450,SBIN,IQ,STATE BANK OF INDIA,INE062A01020,1,1000,0,0,1,0,1029369600,0,0,1455986484,N
2026-02-19,20520,SBIN,N2,BOND 9.50% PA SERIES 2,INE062A08025,1,1000000,2,0,3,0,973987200,0,0,1298742279,Y
2026-02-19,22350,SBIN,N3,BOND 9.75% PA RET. S3,INE062A08033,1,1000000,2,0,3,0,985305600,0,0,1340475767,Y
2026-02-19,22352,SBIN,N4,BOND 9.30% PA NON RET. S3,INE062A08041,1,1000000,2,0,3,0,985305600,0,0,1340475767,Y
2026-02-19,22354,SBIN,N5,BOND 9.95% PA RET. S4,INE062A08058,1,1000000,2,0,3,0,985305600,0,0,1301159429,Y
2026-02-19,22356,SBIN,N6,BOND 9.45% PA NON RET. S4,INE062A08066,1,1000000,2,0,3,0,985305600,0,0,1301159429,Y
2026-02-19,16382,SBIN,RL,STATE BANK OF INDIA,INE062A01020,1,100,0,0,1,0,893203200,0,0,1455988640,N
2026-02-19,23256,SBIN,T0,STATE BANK OF INDIA,INE062A01020,1,100,0,0,1,1,1396051200,0,0,1455986483,N
2026-02-19,756131,SBIN,TL,STATE BANK OF INDIA,INE062A01020,999999999,100,0,0,1,0,1430611200,0,0,1455988640,N
2026-02-19,20521,SBIN,U2,BOND 9.50% PA SERIES 2,INE062A08025,1,1000000,2,0,3,0,973987200,0,0,1298742279,Y
2026-02-19,22351,SBIN,U3,BOND 9.75% PA RET. S3,INE062A08033,1,1000000,2,0,1,0,985305600,0,0,1455986483,N
2026-02-19,22353,SBIN,U4,BOND 9.30% PA NON RET. S3,INE062A08041,1,1000000,2,0,1,0,985305600,0,0,1455986483,N
2026-02-19,22355,SBIN,U5,BOND 9.95% PA RET. S4,INE062A08058,1,1000000,2,0,3,0,985305600,0,0,1301159429,Y
2026-02-19,22357,SBIN,U6,BOND 9.45% PA NON RET. S4,INE062A08066,1,1000000,2,0,3,0,985305600,0,0,1301159429,Y
2026-02-20,11107,HDFCBANK,AF,HDFC BANK LTD,INE040A01034,1,100,0,0,1,0,1248566400,0,0,1456077329,N
2026-02-20,4813,HDFCBANK,BE,HDFC BANK-DEPO. SETT.,INE040A01034,1,100,0,0,1,0,551059200,0,0,1456077329,N
2026-02-20,12431,HDFCBANK,BL,HDFC BANK LTD,INE040A01034,999999999,100,0,0,1,0,816220800,0,0,1456077329,N
2026-02-20,1333,HDFCBANK,EQ,HDFC BANK LTD,INE040A01034,1,100,0,0,6,1,500256000,0,0,1456081179,N
2026-02-20,27835,HDFCBANK,IQ,HDFC BANK LTD.,INE040A01034,1,200,0,0,1,0,1029369600,0,0,1456072749,N
2026-02-20,17321,HDFCBANK,K3,HDFC BANK LIMITED,INE040A13013,600,55725,3,0,3,0,1374019200,0,0,1377280986,Y
2026-02-20,15854,HDFCBANK,RL,HDFC BANK LTD,INE040A01034,1,100,0,0,1,0,893203200,0,0,1456077329,N
2026-02-20,757205,HDFCBANK,T0,HDFC BANK LTD,INE040A01034,1,100,0,0,1,1,1433030400,0,0,1456072752,N
2026-02-20,757206,HDFCBANK,TL,HDFC BANK LTD,INE040A01034,999999999,100,0,0,1,0,1433030400,0,0,1456077329,N
2026-02-20,17320,HDFCBANK,W3,HDFC BANK LIMITED,INE040A13013,600,55725,3,0,3,0,1374019200,0,0,1377280986,Y
2026-02-20,11111,ICICIBANK,AF,ICICI BANK LTD.,INE090A01021,1,200,0,0,1,0,1248566400,0,0,1456077361,N
2026-02-20,4967,ICICIBANK,BE,ICICI BANK LTD DEPO SETT,INE090A01021,1,200,0,0,1,0,559526400,0,0,1456077361,N
2026-02-20,12458,ICICIBANK,BL,ICICI BANK LTD.,INE090A01021,999999999,200,0,0,1,0,816220800,0,0,1456077361,N
2026-02-20,4963,ICICIBANK,EQ,ICICI BANK LTD.,INE090A01021,1,200,0,0,6,1,559526400,0,0,1456081179,N
2026-02-20,27885,ICICIBANK,IQ,ICICI BANK LTD.,INE090A01021,1,1000,0,0,1,0,1029369600,0,0,1456077755,N
2026-02-20,15897,ICICIBANK,RL,ICICI BANK LTD.,INE090A01021,1,200,0,0,1,0,893203200,0,0,1456077361,N
2026-02-20,757217,ICICIBANK,T0,ICICI BANK LTD.,INE090A01021,1,200,0,0,1,1,1433030400,0,0,1456072752,N
2026-02-20,757218,ICICIBANK,TL,ICICI BANK LTD.,INE090A01021,999999999,200,0,0,1,0,1433030400,0,0,1456077361,N
2026-02-20,11117,LT,AF,LARSEN & TOUBRO LTD.,INE018A01030,1,200,0,0,1,0,1248566400,0,0,1456077369,N
2026-02-20,11484,LT,BE,LARSEN & TOUBRO LTD.,INE018A01030,1,200,0,0,1,0,772416000,0,0,1456077369,N
2026-02-20,12562,LT,BL,LARSEN & TOUBRO LTD.,INE018A01030,999999999,200,0,0,1,0,816220800,0,0,1456077369,N
2026-02-20,11483,LT,EQ,LARSEN & TOUBRO LTD.,INE018A01030,1,200,0,0,6,1,772416000,0,0,1456081179,N
2026-02-20,28092,LT,IQ,LARSEN & TOUBRO LIMITED,INE018A01030,1,200,0,0,1,0,1029369600,0,0,1456072749,N
2026-02-20,16070,LT,RL,LARSEN & TOUBRO LTD.,INE018A01030,1,200,0,0,1,0,893203200,0,0,1456077369,N
2026-02-20,757249,LT,T0,LARSEN & TOUBRO LTD.,INE018A01030,1,200,0,0,1,1,1433030400,0,0,1456072752,N
2026-02-20,757250,LT,TL,LARSEN & TOUBRO LTD.,INE018A01030,999999999,200,0,0,1,0,1433030400,0,0,1456077369,N
2026-02-20,11139,RELIANCE,AF,RELIANCE INDUSTRIES LTD,INE002A01018,1,1000,0,0,1,0,1248566400,0,0,1456077358,N
2026-02-20,4615,RELIANCE,BE,RELIANCE IND DEPO-SETT,INE002A01018,1,1000,0,0,1,0,502070400,0,0,1456077358,N
2026-02-20,12713,RELIANCE,BL,RELIANCE INDUSTRIES LTD,INE002A01018,999999999,1000,0,0,1,0,816220800,0,0,1456077358,N
2026-02-20,2885,RELIANCE,EQ,RELIANCE INDUSTRIES LTD,INE002A01018,1,1000,0,0,6,1,502070400,0,0,1456081179,N
2026-02-20,28389,RELIANCE,IQ,RELIANCE INDUSTRIES LTD,INE002A01018,1,1000,0,0,1,0,1029369600,0,0,1456072749,N
2026-02-20,16328,RELIANCE,RL,RELIANCE INDUSTRIES LTD,INE002A01018,1,1000,0,0,1,0,893203200,0,0,1456077358,N
2026-02-20,757287,RELIANCE,T0,RELIANCE INDUSTRIES LTD,INE002A01018,1,1000,0,0,1,1,1433030400,0,0,1456072752,N
2026-02-20,757288,RELIANCE,TL,RELIANCE INDUSTRIES LTD,INE002A01018,999999999,1000,0,0,1,0,1433030400,0,0,1456077358,N
2026-02-20,11128,SBIN,AF,STATE BANK OF INDIA,INE062A01020,1,100,0,0,1,0,1248566400,0,0,1456077358,N
2026-02-20,4884,SBIN,BE,SBIN - DEPO SETT,INE062A01020,1,100,0,0,1,0,554688000,0,0,1456077358,N
2026-02-20,12740,SBIN,BL,STATE BANK OF INDIA,INE062A01020,999999999,100,0,0,1,0,816220800,0,0,1456077358,N
2026-02-20,3045,SBIN,EQ,STATE BANK OF INDIA,INE062A01020,1,100,0,0,6,1,478483200,0,0,1456081179,N
2026-02-20,28450,SBIN,IQ,STATE BANK OF INDIA,INE062A01020,1,1000,0,0,1,0,1029369600,0,0,1456077755,N
2026-02-20,20520,SBIN,N2,BOND 9.50% PA SERIES 2,INE062A08025,1,1000000,2,0,3,0,973987200,0,0,1298742279,Y
2026-02-20,22350,SBIN,N3,BOND 9.75% PA RET. S3,INE062A08033,1,1000000,2,0,3,0,985305600,0,0,1340475767,Y
2026-02-20,22352,SBIN,N4,BOND 9.30% PA NON RET. S3,INE062A08041,1,1000000,2,0,3,0,985305600,0,0,1340475767,Y
2026-02-20,22354,SBIN,N5,BOND 9.95% PA RET. S4,INE062A08058,1,1000000,2,0,3,0,985305600,0,0,1301159429,Y
2026-02-20,22356,SBIN,N6,BOND 9.45% PA NON RET. S4,INE062A08066,1,1000000,2,0,3,0,985305600,0,0,1301159429,Y
2026-02-20,16382,SBIN,RL,STATE BANK OF INDIA,INE062A01020,1,100,0,0,1,0,893203200,0,0,1456077358,N
2026-02-20,23256,SBIN,T0,STATE BANK OF INDIA,INE062A01020,1,100,0,0,1,1,1396051200,0,0,1456072748,N
2026-02-20,756131,SBIN,TL,STATE BANK OF INDIA,INE062A01020,999999999,100,0,0,1,0,1430611200,0,0,1456077358,N
2026-02-20,20521,SBIN,U2,BOND 9.50% PA SERIES 2,INE062A08025,1,1000000,2,0,3,0,973987200,0,0,1298742279,Y
2026-02-20,22351,SBIN,U3,BOND 9.75% PA RET. S3,INE062A08033,1,1000000,2,0,1,0,985305600,0,0,1456072748,N
2026-02-20,22353,SBIN,U4,BOND 9.30% PA NON RET. S3,INE062A08041,1,1000000,2,0,1,0,985305600,0,0,1456072748,N
2026-02-20,22355,SBIN,U5,BOND 9.95% PA RET. S4,INE062A08058,1,1000000,2,0,3,0,985305600,0,0,1301159429,Y
2026-02-20,22357,SBIN,U6,BOND 9.45% PA NON RET. S4,INE062A08066,1,1000000,2,0,3,0,985305600,0,0,1301159429,Y
2026-02-23,11107,HDFCBANK,AF,HDFC BANK LTD,INE040A01034,1,100,0,0,1,0,1248566400,0,0,1456336139,N
2026-02-23,4813,HDFCBANK,BE,HDFC BANK-DEPO. SETT.,INE040A01034,1,100,0,0,1,0,551059200,0,0,1456336139,N
2026-02-23,12431,HDFCBANK,BL,HDFC BANK LTD,INE040A01034,999999999,100,0,0,1,0,816220800,0,0,1456336139,N
2026-02-23,1333,HDFCBANK,EQ,HDFC BANK LTD,INE040A01034,1,100,0,0,6,1,500256000,0,0,1456337135,N
2026-02-23,27835,HDFCBANK,IQ,HDFC BANK LTD.,INE040A01034,1,200,0,0,1,0,1029369600,0,0,1456334001,N
2026-02-23,17321,HDFCBANK,K3,HDFC BANK LIMITED,INE040A13013,600,55725,3,0,3,0,1374019200,0,0,1377280986,Y
2026-02-23,15854,HDFCBANK,RL,HDFC BANK LTD,INE040A01034,1,100,0,0,1,0,893203200,0,0,1456336139,N
2026-02-23,757205,HDFCBANK,T0,HDFC BANK LTD,INE040A01034,1,100,0,0,1,1,1433030400,0,0,1456334004,N
2026-02-23,757206,HDFCBANK,TL,HDFC BANK LTD,INE040A01034,999999999,100,0,0,1,0,1433030400,0,0,1456336139,N
2026-02-23,17320,HDFCBANK,W3,HDFC BANK LIMITED,INE040A13013,600,55725,3,0,3,0,1374019200,0,0,1377280986,Y
2026-02-23,11111,ICICIBANK,AF,ICICI BANK LTD.,INE090A01021,1,200,0,0,1,0,1248566400,0,0,1456337761,N
2026-02-23,4967,ICICIBANK,BE,ICICI BANK LTD DEPO SETT,INE090A01021,1,200,0,0,1,0,559526400,0,0,1456337760,N
2026-02-23,12458,ICICIBANK,BL,ICICI BANK LTD.,INE090A01021,999999999,200,0,0,1,0,816220800,0,0,1456336171,N
2026-02-23,4963,ICICIBANK,EQ,ICICI BANK LTD.,INE090A01021,1,200,0,0,6,1,559526400,0,0,1456337760,N
2026-02-23,27885,ICICIBANK,IQ,ICICI BANK LTD.,INE090A01021,1,1000,0,0,1,0,1029369600,0,0,1456334001,N
2026-02-23,15897,ICICIBANK,RL,ICICI BANK LTD.,INE090A01021,1,200,0,0,1,0,893203200,0,0,1456337761,N
2026-02-23,757217,ICICIBANK,T0,ICICI BANK LTD.,INE090A01021,1,200,0,0,1,1,1433030400,0,0,1456337763,N
2026-02-23,757218,ICICIBANK,TL,ICICI BANK LTD.,INE090A01021,999999999,200,0,0,1,0,1433030400,0,0,1456336171,N
2026-02-23,11117,LT,AF,LARSEN & TOUBRO LTD.,INE018A01030,1,200,0,0,1,0,1248566400,0,0,1456336179,N
2026-02-23,11484,LT,BE,LARSEN & TOUBRO LTD.,INE018A01030,1,200,0,0,1,0,772416000,0,0,1456336179,N
2026-02-23,12562,LT,BL,LARSEN & TOUBRO LTD.,INE018A01030,999999999,200,0,0,1,0,816220800,0,0,1456336179,N
2026-02-23,11483,LT,EQ,LARSEN & TOUBRO LTD.,INE018A01030,1,200,0,0,6,1,772416000,0,0,1456337135,N
2026-02-23,28092,LT,IQ,LARSEN & TOUBRO LIMITED,INE018A01030,1,200,0,0,1,0,1029369600,0,0,1456334001,N
2026-02-23,16070,LT,RL,LARSEN & TOUBRO LTD.,INE018A01030,1,200,0,0,1,0,893203200,0,0,1456336179,N
2026-02-23,757249,LT,T0,LARSEN & TOUBRO LTD.,INE018A01030,1,200,0,0,1,1,1433030400,0,0,1456334004,N
2026-02-23,757250,LT,TL,LARSEN & TOUBRO LTD.,INE018A01030,999999999,200,0,0,1,0,1433030400,0,0,1456336179,N
2026-02-23,11139,RELIANCE,AF,RELIANCE INDUSTRIES LTD,INE002A01018,1,1000,0,0,1,0,1248566400,0,0,1456336168,N
2026-02-23,4615,RELIANCE,BE,RELIANCE IND DEPO-SETT,INE002A01018,1,1000,0,0,1,0,502070400,0,0,1456336168,N
2026-02-23,12713,RELIANCE,BL,RELIANCE INDUSTRIES LTD,INE002A01018,999999999,1000,0,0,1,0,816220800,0,0,1456336168,N
2026-02-23,2885,RELIANCE,EQ,RELIANCE INDUSTRIES LTD,INE002A01018,1,1000,0,0,6,1,502070400,0,0,1456337135,N
2026-02-23,28389,RELIANCE,IQ,RELIANCE INDUSTRIES LTD,INE002A01018,1,1000,0,0,1,0,1029369600,0,0,1456334001,N
2026-02-23,16328,RELIANCE,RL,RELIANCE INDUSTRIES LTD,INE002A01018,1,1000,0,0,1,0,893203200,0,0,1456336168,N
2026-02-23,757287,RELIANCE,T0,RELIANCE INDUSTRIES LTD,INE002A01018,1,1000,0,0,1,1,1433030400,0,0,1456334004,N
2026-02-23,757288,RELIANCE,TL,RELIANCE INDUSTRIES LTD,INE002A01018,999999999,1000,0,0,1,0,1433030400,0,0,1456336168,N
2026-02-23,11128,SBIN,AF,STATE BANK OF INDIA,INE062A01020,1,100,0,0,1,0,1248566400,0,0,1456336168,N
2026-02-23,4884,SBIN,BE,SBIN - DEPO SETT,INE062A01020,1,100,0,0,1,0,554688000,0,0,1456336168,N
2026-02-23,12740,SBIN,BL,STATE BANK OF INDIA,INE062A01020,999999999,100,0,0,1,0,816220800,0,0,1456336168,N
2026-02-23,3045,SBIN,EQ,STATE BANK OF INDIA,INE062A01020,1,100,0,0,6,1,478483200,0,0,1456337135,N
2026-02-23,28450,SBIN,IQ,STATE BANK OF INDIA,INE062A01020,1,1000,0,0,1,0,1029369600,0,0,1456337762,N
2026-02-23,20520,SBIN,N2,BOND 9.50% PA SERIES 2,INE062A08025,1,1000000,2,0,3,0,973987200,0,0,1298742279,Y
2026-02-23,22350,SBIN,N3,BOND 9.75% PA RET. S3,INE062A08033,1,1000000,2,0,3,0,985305600,0,0,1340475767,Y
2026-02-23,22352,SBIN,N4,BOND 9.30% PA NON RET. S3,INE062A08041,1,1000000,2,0,3,0,985305600,0,0,1340475767,Y
2026-02-23,22354,SBIN,N5,BOND 9.95% PA RET. S4,INE062A08058,1,1000000,2,0,3,0,985305600,0,0,1301159429,Y
2026-02-23,22356,SBIN,N6,BOND 9.45% PA NON RET. S4,INE062A08066,1,1000000,2,0,3,0,985305600,0,0,1301159429,Y
2026-02-23,16382,SBIN,RL,STATE BANK OF INDIA,INE062A01020,1,100,0,0,1,0,893203200,0,0,1456336168,N
2026-02-23,23256,SBIN,T0,STATE BANK OF INDIA,INE062A01020,1,100,0,0,1,1,1396051200,0,0,1456334000,N
2026-02-23,756131,SBIN,TL,STATE BANK OF INDIA,INE062A01020,999999999,100,0,0,1,0,1430611200,0,0,1456336168,N
2026-02-23,20521,SBIN,U2,BOND 9.50% PA SERIES 2,INE062A08025,1,1000000,2,0,3,0,973987200,0,0,1298742279,Y
2026-02-23,22351,SBIN,U3,BOND 9.75% PA RET. S3,INE062A08033,1,1000000,2,0,1,0,985305600,0,0,1456334000,N
2026-02-23,22353,SBIN,U4,BOND 9.30% PA NON RET. S3,INE062A08041,1,1000000,2,0,1,0,985305600,0,0,1456334000,N
2026-02-23,22355,SBIN,U5,BOND 9.95% PA RET. S4,INE062A08058,1,1000000,2,0,3,0,985305600,0,0,1301159429,Y
2026-02-23,22357,SBIN,U6,BOND 9.45% PA NON RET. S4,INE062A08066,1,1000000,2,0,3,0,985305600,0,0,1301159429,Y
2026-02-24,11107,HDFCBANK,AF,HDFC BANK LTD,INE040A01034,1,100,0,0,1,0,1248566400,0,0,1456420961,N
2026-02-24,4813,HDFCBANK,BE,HDFC BANK-DEPO. SETT.,INE040A01034,1,100,0,0,1,0,551059200,0,0,1456420961,N
2026-02-24,12431,HDFCBANK,BL,HDFC BANK LTD,INE040A01034,999999999,100,0,0,1,0,816220800,0,0,1456420961,N
2026-02-24,1333,HDFCBANK,EQ,HDFC BANK LTD,INE040A01034,1,100,0,0,6,1,500256000,0,0,1456422672,N
2026-02-24,27835,HDFCBANK,IQ,HDFC BANK LTD.,INE040A01034,1,200,0,0,1,0,1029369600,0,0,1456421973,N
2026-02-24,17321,HDFCBANK,K3,HDFC BANK LIMITED,INE040A13013,600,55725,3,0,3,0,1374019200,0,0,1377280986,Y
2026-02-24,15854,HDFCBANK,RL,HDFC BANK LTD,INE040A01034,1,100,0,0,1,0,893203200,0,0,1456420961,N
2026-02-24,757205,HDFCBANK,T0,HDFC BANK LTD,INE040A01034,1,100,0,0,1,1,1433030400,0,0,1456418675,N
2026-02-24,757206,HDFCBANK,TL,HDFC BANK LTD,INE040A01034,999999999,100,0,0,1,0,1433030400,0,0,1456420961,N
2026-02-24,17320,HDFCBANK,W3,HDFC BANK LIMITED,INE040A13013,600,55725,3,0,3,0,1374019200,0,0,1377280986,Y
2026-02-24,11111,ICICIBANK,AF,ICICI BANK LTD.,INE090A01021,1,200,0,0,1,0,1248566400,0,0,1456421972,N
2026-02-24,4967,ICICIBANK,BE,ICICI BANK LTD DEPO SETT,INE090A01021,1,200,0,0,1,0,559526400,0,0,1456421971,N
2026-02-24,12458,ICICIBANK,BL,ICICI BANK LTD.,INE090A01021,999999999,200,0,0,1,0,816220800,0,0,1456420994,N
2026-02-24,4963,ICICIBANK,EQ,ICICI BANK LTD.,INE090A01021,1,200,0,0,6,1,559526400,0,0,1456422672,N
2026-02-24,27885,ICICIBANK,IQ,ICICI BANK LTD.,INE090A01021,1,1000,0,0,1,0,1029369600,0,0,1456421973,N
2026-02-24,15897,ICICIBANK,RL,ICICI BANK LTD.,INE090A01021,1,200,0,0,1,0,893203200,0,0,1456421972,N
2026-02-24,757217,ICICIBANK,T0,ICICI BANK LTD.,INE090A01021,1,200,0,0,1,1,1433030400,0,0,1456421973,N
2026-02-24,757218,ICICIBANK,TL,ICICI BANK LTD.,INE090A01021,999999999,200,0,0,1,0,1433030400,0,0,1456420994,N
2026-02-24,11117,LT,AF,LARSEN & TOUBRO LTD.,INE018A01030,1,200,0,0,1,0,1248566400,0,0,1456421972,N
2026-02-24,11484,LT,BE,LARSEN & TOUBRO LTD.,INE018A01030,1,200,0,0,1,0,772416000,0,0,1456421972,N
2026-02-24,12562,LT,BL,LARSEN & TOUBRO LTD.,INE018A01030,999999999,200,0,0,1,0,816220800,0,0,1456421002,N
2026-02-24,11483,LT,EQ,LARSEN & TOUBRO LTD.,INE018A01030,1,200,0,0,6,1,772416000,0,0,1456422673,N
2026-02-24,28092,LT,IQ,LARSEN & TOUBRO LIMITED,INE018A01030,1,200,0,0,1,0,1029369600,0,0,1456421973,N
2026-02-24,16070,LT,RL,LARSEN & TOUBRO LTD.,INE018A01030,1,200,0,0,1,0,893203200,0,0,1456421972,N
2026-02-24,757249,LT,T0,LARSEN & TOUBRO LTD.,INE018A01030,1,200,0,0,1,1,1433030400,0,0,1456421973,N
2026-02-24,757250,LT,TL,LARSEN & TOUBRO LTD.,INE018A01030,999999999,200,0,0,1,0,1433030400,0,0,1456421002,N
2026-02-24,11139,RELIANCE,AF,RELIANCE INDUSTRIES LTD,INE002A01018,1,1000,0,0,1,0,1248566400,0,0,1456420990,N
2026-02-24,4615,RELIANCE,BE,RELIANCE IND DEPO-SETT,INE002A01018,1,1000,0,0,1,0,502070400,0,0,1456420990,N
2026-02-24,12713,RELIANCE,BL,RELIANCE INDUSTRIES LTD,INE002A01018,999999999,1000,0,0,1,0,816220800,0,0,1456420990,N
2026-02-24,2885,RELIANCE,EQ,RELIANCE INDUSTRIES LTD,INE002A01018,1,1000,0,0,6,1,502070400,0,0,1456422673,N
2026-02-24,28389,RELIANCE,IQ,RELIANCE INDUSTRIES LTD,INE002A01018,1,1000,0,0,1,0,1029369600,0,0,1456418672,N
2026-02-24,16328,RELIANCE,RL,RELIANCE INDUSTRIES LTD,INE002A01018,1,1000,0,0,1,0,893203200,0,0,1456420990,N
2026-02-24,757287,RELIANCE,T0,RELIANCE INDUSTRIES LTD,INE002A01018,1,1000,0,0,1,1,1433030400,0,0,1456418675,N
2026-02-24,757288,RELIANCE,TL,RELIANCE INDUSTRIES LTD,INE002A01018,999999999,1000,0,0,1,0,1433030400,0,0,1456420990,N
2026-02-24,11128,SBIN,AF,STATE BANK OF INDIA,INE062A01020,1,100,0,0,1,0,1248566400,0,0,1456420990,N
2026-02-24,4884,SBIN,BE,SBIN - DEPO SETT,INE062A01020,1,100,0,0,1,0,554688000,0,0,1456420990,N
2026-02-24,12740,SBIN,BL,STATE BANK OF INDIA,INE062A01020,999999999,100,0,0,1,0,816220800,0,0,1456420990,N
2026-02-24,3045,SBIN,EQ,STATE BANK OF INDIA,INE062A01020,1,100,0,0,6,1,478483200,0,0,1456422673,N
2026-02-24,28450,SBIN,IQ,STATE BANK OF INDIA,INE062A01020,1,1000,0,0,1,0,1029369600,0,0,1456421973,N
2026-02-24,20520,SBIN,N2,BOND 9.50% PA SERIES 2,INE062A08025,1,1000000,2,0,3,0,973987200,0,0,1298742279,Y
2026-02-24,22350,SBIN,N3,BOND 9.75% PA RET. S3,INE062A08033,1,1000000,2,0,3,0,985305600,0,0,1340475767,Y
2026-02-24,22352,SBIN,N4,BOND 9.30% PA NON RET. S3,INE062A08041,1,1000000,2,0,3,0,985305600,0,0,1340475767,Y
2026-02-24,22354,SBIN,N5,BOND 9.95% PA RET. S4,INE062A08058,1,1000000,2,0,3,0,985305600,0,0,1301159429,Y
2026-02-24,22356,SBIN,N6,BOND 9.45% PA NON RET. S4,INE062A08066,1,1000000,2,0,3,0,985305600,0,0,1301159429,Y
2026-02-24,16382,SBIN,RL,STATE BANK OF INDIA,INE062A01020,1,100,0,0,1,0,893203200,0,0,1456420990,N
2026-02-24,23256,SBIN,T0,STATE BANK OF INDIA,INE062A01020,1,100,0,0,1,1,1396051200,0,0,1456418671,N
2026-02-24,756131,SBIN,TL,STATE BANK OF INDIA,INE062A01020,999999999,100,0,0,1,0,1430611200,0,0,1456420990,N
2026-02-24,20521,SBIN,U2,BOND 9.50% PA SERIES 2,INE062A08025,1,1000000,2,0,3,0,973987200,0,0,1298742279,Y
2026-02-24,22351,SBIN,U3,BOND 9.75% PA RET. S3,INE062A08033,1,1000000,2,0,1,0,985305600,0,0,1456418671,N
2026-02-24,22353,SBIN,U4,BOND 9.30% PA NON RET. S3,INE062A08041,1,1000000,2,0,1,0,985305600,0,0,1456418671,N
2026-02-24,22355,SBIN,U5,BOND 9.95% PA RET. S4,INE062A08058,1,1000000,2,0,3,0,985305600,0,0,1301159429,Y
2026-02-24,22357,SBIN,U6,BOND 9.45% PA NON RET. S4,INE062A08066,1,1000000,2,0,3,0,985305600,0,0,1301159429,Y
2026-02-25,11107,HDFCBANK,AF,HDFC BANK LTD,INE040A01034,1,100,0,0,1,0,1248566400,0,0,1456509290,N
2026-02-25,4813,HDFCBANK,BE,HDFC BANK-DEPO. SETT.,INE040A01034,1,100,0,0,1,0,551059200,0,0,1456509290,N
2026-02-25,12431,HDFCBANK,BL,HDFC BANK LTD,INE040A01034,999999999,100,0,0,1,0,816220800,0,0,1456509290,N
2026-02-25,1333,HDFCBANK,EQ,HDFC BANK LTD,INE040A01034,1,100,0,0,6,1,500256000,0,0,1456509440,N
2026-02-25,27835,HDFCBANK,IQ,HDFC BANK LTD.,INE040A01034,1,200,0,0,1,0,1029369600,0,0,1456506266,N
2026-02-25,17321,HDFCBANK,K3,HDFC BANK LIMITED,INE040A13013,600,55725,3,0,3,0,1374019200,0,0,1377280986,Y
2026-02-25,15854,HDFCBANK,RL,HDFC BANK LTD,INE040A01034,1,100,0,0,1,0,893203200,0,0,1456509290,N
2026-02-25,757205,HDFCBANK,T0,HDFC BANK LTD,INE040A01034,1,100,0,0,1,1,1433030400,0,0,1456506269,N
2026-02-25,757206,HDFCBANK,TL,HDFC BANK LTD,INE040A01034,999999999,100,0,0,1,0,1433030400,0,0,1456509290,N
2026-02-25,17320,HDFCBANK,W3,HDFC BANK LIMITED,INE040A13013,600,55725,3,0,3,0,1374019200,0,0,1377280986,Y
2026-02-25,11111,ICICIBANK,AF,ICICI BANK LTD.,INE090A01021,1,200,0,0,1,0,1248566400,0,0,1456509904,N
2026-02-25,4967,ICICIBANK,BE,ICICI BANK LTD DEPO SETT,INE090A01021,1,200,0,0,1,0,559526400,0,0,1456509903,N
2026-02-25,12458,ICICIBANK,BL,ICICI BANK LTD.,INE090A01021,999999999,200,0,0,1,0,816220800,0,0,1456509323,N
2026-02-25,4963,ICICIBANK,EQ,ICICI BANK LTD.,INE090A01021,1,200,0,0,6,1,559526400,0,0,1456509903,N
2026-02-25,27885,ICICIBANK,IQ,ICICI BANK LTD.,INE090A01021,1,1000,0,0,1,0,1029369600,0,0,1456509905,N
2026-02-25,15897,ICICIBANK,RL,ICICI BANK LTD.,INE090A01021,1,200,0,0,1,0,893203200,0,0,1456509904,N
2026-02-25,757217,ICICIBANK,T0,ICICI BANK LTD.,INE090A01021,1,200,0,0,1,1,1433030400,0,0,1456509906,N
2026-02-25,757218,ICICIBANK,TL,ICICI BANK LTD.,INE090A01021,999999999,200,0,0,1,0,1433030400,0,0,1456509323,N
2026-02-25,11117,LT,AF,LARSEN & TOUBRO LTD.,INE018A01030,1,200,0,0,1,0,1248566400,0,0,1456509904,N
2026-02-25,11484,LT,BE,LARSEN & TOUBRO LTD.,INE018A01030,1,200,0,0,1,0,772416000,0,0,1456509904,N
2026-02-25,12562,LT,BL,LARSEN & TOUBRO LTD.,INE018A01030,999999999,200,0,0,1,0,816220800,0,0,1456509331,N
2026-02-25,11483,LT,EQ,LARSEN & TOUBRO LTD.,INE018A01030,1,200,0,0,6,1,772416000,0,0,1456509904,N
2026-02-25,28092,LT,IQ,LARSEN & TOUBRO LIMITED,INE018A01030,1,200,0,0,1,0,1029369600,0,0,1456509905,N
2026-02-25,16070,LT,RL,LARSEN & TOUBRO LTD.,INE018A01030,1,200,0,0,1,0,893203200,0,0,1456509904,N
2026-02-25,757249,LT,T0,LARSEN & TOUBRO LTD.,INE018A01030,1,200,0,0,1,1,1433030400,0,0,1456509906,N
2026-02-25,757250,LT,TL,LARSEN & TOUBRO LTD.,INE018A01030,999999999,200,0,0,1,0,1433030400,0,0,1456509331,N
2026-02-25,11139,RELIANCE,AF,RELIANCE INDUSTRIES LTD,INE002A01018,1,1000,0,0,1,0,1248566400,0,0,1456509319,N
2026-02-25,4615,RELIANCE,BE,RELIANCE IND DEPO-SETT,INE002A01018,1,1000,0,0,1,0,502070400,0,0,1456509319,N
2026-02-25,12713,RELIANCE,BL,RELIANCE INDUSTRIES LTD,INE002A01018,999999999,1000,0,0,1,0,816220800,0,0,1456509319,N
2026-02-25,2885,RELIANCE,EQ,RELIANCE INDUSTRIES LTD,INE002A01018,1,1000,0,0,6,1,502070400,0,0,1456509441,N
2026-02-25,28389,RELIANCE,IQ,RELIANCE INDUSTRIES LTD,INE002A01018,1,1000,0,0,1,0,1029369600,0,0,1456506266,N
2026-02-25,16328,RELIANCE,RL,RELIANCE INDUSTRIES LTD,INE002A01018,1,1000,0,0,1,0,893203200,0,0,1456509319,N
2026-02-25,757287,RELIANCE,T0,RELIANCE INDUSTRIES LTD,INE002A01018,1,1000,0,0,1,1,1433030400,0,0,1456506269,N
2026-02-25,757288,RELIANCE,TL,RELIANCE INDUSTRIES LTD,INE002A01018,999999999,1000,0,0,1,0,1433030400,0,0,1456509319,N
2026-02-25,11128,SBIN,AF,STATE BANK OF INDIA,INE062A01020,1,100,0,0,1,0,1248566400,0,0,1456509904,N
2026-02-25,4884,SBIN,BE,SBIN - DEPO SETT,INE062A01020,1,100,0,0,1,0,554688000,0,0,1456509903,N
2026-02-25,12740,SBIN,BL,STATE BANK OF INDIA,INE062A01020,999999999,100,0,0,1,0,816220800,0,0,1456509320,N
2026-02-25,3045,SBIN,EQ,STATE BANK OF INDIA,INE062A01020,1,100,0,0,6,1,478483200,0,0,1456509903,N
2026-02-25,28450,SBIN,IQ,STATE BANK OF INDIA,INE062A01020,1,1000,0,0,1,0,1029369600,0,0,1456506266,N
2026-02-25,20520,SBIN,N2,BOND 9.50% PA SERIES 2,INE062A08025,1,1000000,2,0,3,0,973987200,0,0,1298742279,Y
2026-02-25,22350,SBIN,N3,BOND 9.75% PA RET. S3,INE062A08033,1,1000000,2,0,3,0,985305600,0,0,1340475767,Y
2026-02-25,22352,SBIN,N4,BOND 9.30% PA NON RET. S3,INE062A08041,1,1000000,2,0,3,0,985305600,0,0,1340475767,Y
2026-02-25,22354,SBIN,N5,BOND 9.95% PA RET. S4,INE062A08058,1,1000000,2,0,3,0,985305600,0,0,1301159429,Y
2026-02-25,22356,SBIN,N6,BOND 9.45% PA NON RET. S4,INE062A08066,1,1000000,2,0,3,0,985305600,0,0,1301159429,Y
2026-02-25,16382,SBIN,RL,STATE BANK OF INDIA,INE062A01020,1,100,0,0,1,0,893203200,0,0,1456509904,N
2026-02-25,23256,SBIN,T0,STATE BANK OF INDIA,INE062A01020,1,100,0,0,1,1,1396051200,0,0,1456509905,N
2026-02-25,756131,SBIN,TL,STATE BANK OF INDIA,INE062A01020,999999999,100,0,0,1,0,1430611200,0,0,1456509320,N
2026-02-25,20521,SBIN,U2,BOND 9.50% PA SERIES 2,INE062A08025,1,1000000,2,0,3,0,973987200,0,0,1298742279,Y
2026-02-25,22351,SBIN,U3,BOND 9.75% PA RET. S3,INE062A08033,1,1000000,2,0,1,0,985305600,0,0,1456506265,N
2026-02-25,22353,SBIN,U4,BOND 9.30% PA NON RET. S3,INE062A08041,1,1000000,2,0,1,0,985305600,0,0,1456506265,N
2026-02-25,22355,SBIN,U5,BOND 9.95% PA RET. S4,INE062A08058,1,1000000,2,0,3,0,985305600,0,0,1301159429,Y
2026-02-25,22357,SBIN,U6,BOND 9.45% PA NON RET. S4,INE062A08066,1,1000000,2,0,3,0,985305600,0,0,1301159429,Y
2026-02-26,11107,HDFCBANK,AF,HDFC BANK LTD,INE040A01034,1,100,0,0,1,0,1248566400,0,0,1456601399,N
2026-02-26,4813,HDFCBANK,BE,HDFC BANK-DEPO. SETT.,INE040A01034,1,100,0,0,1,0,551059200,0,0,1456601399,N
2026-02-26,12431,HDFCBANK,BL,HDFC BANK LTD,INE040A01034,999999999,100,0,0,1,0,816220800,0,0,1456601399,N
2026-02-26,1333,HDFCBANK,EQ,HDFC BANK LTD,INE040A01034,1,100,0,0,6,1,500256000,0,0,1456601552,N
2026-02-26,27835,HDFCBANK,IQ,HDFC BANK LTD.,INE040A01034,1,200,0,0,1,0,1029369600,0,0,1456591518,N
2026-02-26,17321,HDFCBANK,K3,HDFC BANK LIMITED,INE040A13013,600,55725,3,0,3,0,1374019200,0,0,1377280986,Y
2026-02-26,15854,HDFCBANK,RL,HDFC BANK LTD,INE040A01034,1,100,0,0,1,0,893203200,0,0,1456601399,N
2026-02-26,757205,HDFCBANK,T0,HDFC BANK LTD,INE040A01034,1,100,0,0,1,1,1433030400,0,0,1456591521,N
2026-02-26,757206,HDFCBANK,TL,HDFC BANK LTD,INE040A01034,999999999,100,0,0,1,0,1433030400,0,0,1456601399,N
2026-02-26,17320,HDFCBANK,W3,HDFC BANK LIMITED,INE040A13013,600,55725,3,0,3,0,1374019200,0,0,1377280986,Y
2026-02-26,11111,ICICIBANK,AF,ICICI BANK LTD.,INE090A01021,1,200,0,0,1,0,1248566400,0,0,1456601432,N
2026-02-26,4967,ICICIBANK,BE,ICICI BANK LTD DEPO SETT,INE090A01021,1,200,0,0,1,0,559526400,0,0,1456601432,N
2026-02-26,12458,ICICIBANK,BL,ICICI BANK LTD.,INE090A01021,999999999,200,0,0,1,0,816220800,0,0,1456601432,N
2026-02-26,4963,ICICIBANK,EQ,ICICI BANK LTD.,INE090A01021,1,200,0,0,6,1,559526400,0,0,1456601552,N
2026-02-26,27885,ICICIBANK,IQ,ICICI BANK LTD.,INE090A01021,1,1000,0,0,1,0,1029369600,0,0,1456602454,N
2026-02-26,15897,ICICIBANK,RL,ICICI BANK LTD.,INE090A01021,1,200,0,0,1,0,893203200,0,0,1456601432,N
2026-02-26,757217,ICICIBANK,T0,ICICI BANK LTD.,INE090A01021,1,200,0,0,1,1,1433030400,0,0,1456591521,N
2026-02-26,757218,ICICIBANK,TL,ICICI BANK LTD.,INE090A01021,999999999,200,0,0,1,0,1433030400,0,0,1456601432,N
2026-02-26,11117,LT,AF,LARSEN & TOUBRO LTD.,INE018A01030,1,200,0,0,1,0,1248566400,0,0,1456601440,N
2026-02-26,11484,LT,BE,LARSEN & TOUBRO LTD.,INE018A01030,1,200,0,0,1,0,772416000,0,0,1456601440,N
2026-02-26,12562,LT,BL,LARSEN & TOUBRO LTD.,INE018A01030,999999999,200,0,0,1,0,816220800,0,0,1456601440,N
2026-02-26,11483,LT,EQ,LARSEN & TOUBRO LTD.,INE018A01030,1,200,0,0,6,1,772416000,0,0,1456601552,N
2026-02-26,28092,LT,IQ,LARSEN & TOUBRO LIMITED,INE018A01030,1,200,0,0,1,0,1029369600,0,0,1456602454,N
2026-02-26,16070,LT,RL,LARSEN & TOUBRO LTD.,INE018A01030,1,200,0,0,1,0,893203200,0,0,1456601440,N
2026-02-26,757249,LT,T0,LARSEN & TOUBRO LTD.,INE018A01030,1,200,0,0,1,1,1433030400,0,0,1456591521,N
2026-02-26,757250,LT,TL,LARSEN & TOUBRO LTD.,INE018A01030,999999999,200,0,0,1,0,1433030400,0,0,1456601440,N
2026-02-26,11139,RELIANCE,AF,RELIANCE INDUSTRIES LTD,INE002A01018,1,1000,0,0,1,0,1248566400,0,0,1456601428,N
2026-02-26,4615,RELIANCE,BE,RELIANCE IND DEPO-SETT,INE002A01018,1,1000,0,0,1,0,502070400,0,0,1456601428,N
2026-02-26,12713,RELIANCE,BL,RELIANCE INDUSTRIES LTD,INE002A01018,999999999,1000,0,0,1,0,816220800,0,0,1456601428,N
2026-02-26,2885,RELIANCE,EQ,RELIANCE INDUSTRIES LTD,INE002A01018,1,1000,0,0,6,1,502070400,0,0,1456601552,N
2026-02-26,28389,RELIANCE,IQ,RELIANCE INDUSTRIES LTD,INE002A01018,1,1000,0,0,1,0,1029369600,0,0,1456602454,N
2026-02-26,16328,RELIANCE,RL,RELIANCE INDUSTRIES LTD,INE002A01018,1,1000,0,0,1,0,893203200,0,0,1456601428,N
2026-02-26,757287,RELIANCE,T0,RELIANCE INDUSTRIES LTD,INE002A01018,1,1000,0,0,1,1,1433030400,0,0,1456591521,N
2026-02-26,757288,RELIANCE,TL,RELIANCE INDUSTRIES LTD,INE002A01018,999999999,1000,0,0,1,0,1433030400,0,0,1456601428,N
2026-02-26,11128,SBIN,AF,STATE BANK OF INDIA,INE062A01020,1,100,0,0,1,0,1248566400,0,0,1456602452,N
2026-02-26,4884,SBIN,BE,SBIN - DEPO SETT,INE062A01020,1,100,0,0,1,0,554688000,0,0,1456602452,N
2026-02-26,12740,SBIN,BL,STATE BANK OF INDIA,INE062A01020,999999999,100,0,0,1,0,816220800,0,0,1456601429,N
2026-02-26,3045,SBIN,EQ,STATE BANK OF INDIA,INE062A01020,1,100,0,0,6,1,478483200,0,0,1456602452,N
2026-02-26,28450,SBIN,IQ,STATE BANK OF INDIA,INE062A01020,1,1000,0,0,1,0,1029369600,0,0,1456602454,N
2026-02-26,20520,SBIN,N2,BOND 9.50% PA SERIES 2,INE062A08025,1,1000000,2,0,3,0,973987200,0,0,1298742279,Y
2026-02-26,22350,SBIN,N3,BOND 9.75% PA RET. S3,INE062A08033,1,1000000,2,0,3,0,985305600,0,0,1340475767,Y
2026-02-26,22352,SBIN,N4,BOND 9.30% PA NON RET. S3,INE062A08041,1,1000000,2,0,3,0,985305600,0,0,1340475767,Y
2026-02-26,22354,SBIN,N5,BOND 9.95% PA RET. S4,INE062A08058,1,1000000,2,0,3,0,985305600,0,0,1301159429,Y
2026-02-26,22356,SBIN,N6,BOND 9.45% PA NON RET. S4,INE062A08066,1,1000000,2,0,3,0,985305600,0,0,1301159429,Y
2026-02-26,16382,SBIN,RL,STATE BANK OF INDIA,INE062A01020,1,100,0,0,1,0,893203200,0,0,1456602453,N
2026-02-26,23256,SBIN,T0,STATE BANK OF INDIA,INE062A01020,1,100,0,0,1,1,1396051200,0,0,1456602453,N
2026-02-26,756131,SBIN,TL,STATE BANK OF INDIA,INE062A01020,999999999,100,0,0,1,0,1430611200,0,0,1456601429,N
2026-02-26,20521,SBIN,U2,BOND 9.50% PA SERIES 2,INE062A08025,1,1000000,2,0,3,0,973987200,0,0,1298742279,Y
2026-02-26,22351,SBIN,U3,BOND 9.75% PA RET. S3,INE062A08033,1,1000000,2,0,1,0,985305600,0,0,1456591517,N
2026-02-26,22353,SBIN,U4,BOND 9.30% PA NON RET. S3,INE062A08041,1,1000000,2,0,1,0,985305600,0,0,1456591517,N
2026-02-26,22355,SBIN,U5,BOND 9.95% PA RET. S4,INE062A08058,1,1000000,2,0,3,0,985305600,0,0,1301159429,Y
2026-02-26,22357,SBIN,U6,BOND 9.45% PA NON RET. S4,INE062A08066,1,1000000,2,0,3,0,985305600,0,0,1301159429,Y
2026-02-27,11107,HDFCBANK,AF,HDFC BANK LTD,INE040A01034,1,100,0,0,1,0,1248566400,0,0,1456682059,N
2026-02-27,4813,HDFCBANK,BE,HDFC BANK-DEPO. SETT.,INE040A01034,1,100,0,0,1,0,551059200,0,0,1456682059,N
2026-02-27,12431,HDFCBANK,BL,HDFC BANK LTD,INE040A01034,999999999,100,0,0,1,0,816220800,0,0,1456682059,N
2026-02-27,1333,HDFCBANK,EQ,HDFC BANK LTD,INE040A01034,1,100,0,0,6,1,500256000,0,0,1456687158,N
2026-02-27,27835,HDFCBANK,IQ,HDFC BANK LTD.,INE040A01034,1,200,0,0,1,0,1029369600,0,0,1456683273,N
2026-02-27,17321,HDFCBANK,K3,HDFC BANK LIMITED,INE040A13013,600,55725,3,0,3,0,1374019200,0,0,1377280986,Y
2026-02-27,15854,HDFCBANK,RL,HDFC BANK LTD,INE040A01034,1,100,0,0,1,0,893203200,0,0,1456682059,N
2026-02-27,757205,HDFCBANK,T0,HDFC BANK LTD,INE040A01034,1,100,0,0,1,1,1433030400,0,0,1456678771,N
2026-02-27,757206,HDFCBANK,TL,HDFC BANK LTD,INE040A01034,999999999,100,0,0,1,0,1433030400,0,0,1456682059,N
2026-02-27,17320,HDFCBANK,W3,HDFC BANK LIMITED,INE040A13013,600,55725,3,0,3,0,1374019200,0,0,1377280986,Y
2026-02-27,11111,ICICIBANK,AF,ICICI BANK LTD.,INE090A01021,1,200,0,0,1,0,1248566400,0,0,1456683272,N
2026-02-27,4967,ICICIBANK,BE,ICICI BANK LTD DEPO SETT,INE090A01021,1,200,0,0,1,0,559526400,0,0,1456683271,N
2026-02-27,12458,ICICIBANK,BL,ICICI BANK LTD.,INE090A01021,999999999,200,0,0,1,0,816220800,0,0,1456682066,N
2026-02-27,4963,ICICIBANK,EQ,ICICI BANK LTD.,INE090A01021,1,200,0,0,6,1,559526400,0,0,1456687158,N
2026-02-27,27885,ICICIBANK,IQ,ICICI BANK LTD.,INE090A01021,1,1000,0,0,1,0,1029369600,0,0,1456678768,N
2026-02-27,15897,ICICIBANK,RL,ICICI BANK LTD.,INE090A01021,1,200,0,0,1,0,893203200,0,0,1456683272,N
2026-02-27,757217,ICICIBANK,T0,ICICI BANK LTD.,INE090A01021,1,200,0,0,1,1,1433030400,0,0,1456683274,N
2026-02-27,757218,ICICIBANK,TL,ICICI BANK LTD.,INE090A01021,999999999,200,0,0,1,0,1433030400,0,0,1456682066,N
2026-02-27,11117,LT,AF,LARSEN & TOUBRO LTD.,INE018A01030,1,200,0,0,1,0,1248566400,0,0,1456682075,N
2026-02-27,11484,LT,BE,LARSEN & TOUBRO LTD.,INE018A01030,1,200,0,0,1,0,772416000,0,0,1456682074,N
2026-02-27,12562,LT,BL,LARSEN & TOUBRO LTD.,INE018A01030,999999999,200,0,0,1,0,816220800,0,0,1456682074,N
2026-02-27,11483,LT,EQ,LARSEN & TOUBRO LTD.,INE018A01030,1,200,0,0,6,1,772416000,0,0,1456687158,N
2026-02-27,28092,LT,IQ,LARSEN & TOUBRO LIMITED,INE018A01030,1,200,0,0,1,0,1029369600,0,0,1456678768,N
2026-02-27,16070,LT,RL,LARSEN & TOUBRO LTD.,INE018A01030,1,200,0,0,1,0,893203200,0,0,1456682075,N
2026-02-27,757249,LT,T0,LARSEN & TOUBRO LTD.,INE018A01030,1,200,0,0,1,1,1433030400,0,0,1456678771,N
2026-02-27,757250,LT,TL,LARSEN & TOUBRO LTD.,INE018A01030,999999999,200,0,0,1,0,1433030400,0,0,1456682075,N
2026-02-27,11139,RELIANCE,AF,RELIANCE INDUSTRIES LTD,INE002A01018,1,1000,0,0,1,0,1248566400,0,0,1456682063,N
2026-02-27,4615,RELIANCE,BE,RELIANCE IND DEPO-SETT,INE002A01018,1,1000,0,0,1,0,502070400,0,0,1456682063,N
2026-02-27,12713,RELIANCE,BL,RELIANCE INDUSTRIES LTD,INE002A01018,999999999,1000,0,0,1,0,816220800,0,0,1456682063,N
2026-02-27,2885,RELIANCE,EQ,RELIANCE INDUSTRIES LTD,INE002A01018,1,1000,0,0,6,1,502070400,0,0,1456687158,N
2026-02-27,28389,RELIANCE,IQ,RELIANCE INDUSTRIES LTD,INE002A01018,1,1000,0,0,1,0,1029369600,0,0,1456678768,N
2026-02-27,16328,RELIANCE,RL,RELIANCE INDUSTRIES LTD,INE002A01018,1,1000,0,0,1,0,893203200,0,0,1456682063,N
2026-02-27,757287,RELIANCE,T0,RELIANCE INDUSTRIES LTD,INE002A01018,1,1000,0,0,1,1,1433030400,0,0,1456678771,N
2026-02-27,757288,RELIANCE,TL,RELIANCE INDUSTRIES LTD,INE002A01018,999999999,1000,0,0,1,0,1433030400,0,0,1456682063,N
2026-02-27,11128,SBIN,AF,STATE BANK OF INDIA,INE062A01020,1,100,0,0,1,0,1248566400,0,0,1456683272,N
2026-02-27,4884,SBIN,BE,SBIN - DEPO SETT,INE062A01020,1,100,0,0,1,0,554688000,0,0,1456683271,N
2026-02-27,12740,SBIN,BL,STATE BANK OF INDIA,INE062A01020,999999999,100,0,0,1,0,816220800,0,0,1456682063,N
2026-02-27,3045,SBIN,EQ,STATE BANK OF INDIA,INE062A01020,1,100,0,0,6,1,478483200,0,0,1456687158,N
2026-02-27,28450,SBIN,IQ,STATE BANK OF INDIA,INE062A01020,1,1000,0,0,1,0,1029369600,0,0,1456683274,N
2026-02-27,20520,SBIN,N2,BOND 9.50% PA SERIES 2,INE062A08025,1,1000000,2,0,3,0,973987200,0,0,1298742279,Y
2026-02-27,22350,SBIN,N3,BOND 9.75% PA RET. S3,INE062A08033,1,1000000,2,0,3,0,985305600,0,0,1340475767,Y
2026-02-27,22352,SBIN,N4,BOND 9.30% PA NON RET. S3,INE062A08041,1,1000000,2,0,3,0,985305600,0,0,1340475767,Y
2026-02-27,22354,SBIN,N5,BOND 9.95% PA RET. S4,INE062A08058,1,1000000,2,0,3,0,985305600,0,0,1301159429,Y
2026-02-27,22356,SBIN,N6,BOND 9.45% PA NON RET. S4,INE062A08066,1,1000000,2,0,3,0,985305600,0,0,1301159429,Y
2026-02-27,16382,SBIN,RL,STATE BANK OF INDIA,INE062A01020,1,100,0,0,1,0,893203200,0,0,1456683273,N
2026-02-27,23256,SBIN,T0,STATE BANK OF INDIA,INE062A01020,1,100,0,0,1,1,1396051200,0,0,1456683273,N
2026-02-27,756131,SBIN,TL,STATE BANK OF INDIA,INE062A01020,999999999,100,0,0,1,0,1430611200,0,0,1456682063,N
2026-02-27,20521,SBIN,U2,BOND 9.50% PA SERIES 2,INE062A08025,1,1000000,2,0,3,0,973987200,0,0,1298742279,Y
2026-02-27,22351,SBIN,U3,BOND 9.75% PA RET. S3,INE062A08033,1,1000000,2,0,1,0,985305600,0,0,1456678767,N
2026-02-27,22353,SBIN,U4,BOND 9.30% PA NON RET. S3,INE062A08041,1,1000000,2,0,1,0,985305600,0,0,1456678767,N
2026-02-27,22355,SBIN,U5,BOND 9.95% PA RET. S4,INE062A08058,1,1000000,2,0,3,0,985305600,0,0,1301159429,Y
2026-02-27,22357,SBIN,U6,BOND 9.45% PA NON RET. S4,INE062A08066,1,1000000,2,0,3,0,985305600,0,0,1301159429,Y
2026-03-02,11107,HDFCBANK,AF,HDFC BANK LTD,INE040A01034,1,100,0,0,1,0,1248566400,0,0,1456940431,N
2026-03-02,4813,HDFCBANK,BE,HDFC BANK-DEPO. SETT.,INE040A01034,1,100,0,0,1,0,551059200,0,0,1456940431,N
2026-03-02,12431,HDFCBANK,BL,HDFC BANK LTD,INE040A01034,999999999,100,0,0,1,0,816220800,0,0,1456940431,N
2026-03-02,1333,HDFCBANK,EQ,HDFC BANK LTD,INE040A01034,1,100,0,0,6,1,500256000,0,0,1456944673,N
2026-03-02,27835,HDFCBANK,IQ,HDFC BANK LTD.,INE040A01034,1,200,0,0,1,0,1029369600,0,0,1456936810,N
2026-03-02,17321,HDFCBANK,K3,HDFC BANK LIMITED,INE040A13013,600,55725,3,0,3,0,1374019200,0,0,1377280986,Y
2026-03-02,15854,HDFCBANK,RL,HDFC BANK LTD,INE040A01034,1,100,0,0,1,0,893203200,0,0,1456940431,N
2026-03-02,757205,HDFCBANK,T0,HDFC BANK LTD,INE040A01034,1,100,0,0,1,1,1433030400,0,0,1456936812,N
2026-03-02,757206,HDFCBANK,TL,HDFC BANK LTD,INE040A01034,999999999,100,0,0,1,0,1433030400,0,0,1456940431,N
2026-03-02,17320,HDFCBANK,W3,HDFC BANK LIMITED,INE040A13013,600,55725,3,0,3,0,1374019200,0,0,1377280986,Y
2026-03-02,11111,ICICIBANK,AF,ICICI BANK LTD.,INE090A01021,1,200,0,0,1,0,1248566400,0,0,1456940464,N
2026-03-02,4967,ICICIBANK,BE,ICICI BANK LTD DEPO SETT,INE090A01021,1,200,0,0,1,0,559526400,0,0,1456940464,N
2026-03-02,12458,ICICIBANK,BL,ICICI BANK LTD.,INE090A01021,999999999,200,0,0,1,0,816220800,0,0,1456940464,N
2026-03-02,4963,ICICIBANK,EQ,ICICI BANK LTD.,INE090A01021,1,200,0,0,6,1,559526400,0,0,1456944673,N
2026-03-02,27885,ICICIBANK,IQ,ICICI BANK LTD.,INE090A01021,1,1000,0,0,1,0,1029369600,0,0,1456941186,N
2026-03-02,15897,ICICIBANK,RL,ICICI BANK LTD.,INE090A01021,1,200,0,0,1,0,893203200,0,0,1456940464,N
2026-03-02,757217,ICICIBANK,T0,ICICI BANK LTD.,INE090A01021,1,200,0,0,1,1,1433030400,0,0,1456936812,N
2026-03-02,757218,ICICIBANK,TL,ICICI BANK LTD.,INE090A01021,999999999,200,0,0,1,0,1433030400,0,0,1456940464,N
2026-03-02,11117,LT,AF,LARSEN & TOUBRO LTD.,INE018A01030,1,200,0,0,1,0,1248566400,0,0,1456941184,N
2026-03-02,11484,LT,BE,LARSEN & TOUBRO LTD.,INE018A01030,1,200,0,0,1,0,772416000,0,0,1456941184,N
2026-03-02,12562,LT,BL,LARSEN & TOUBRO LTD.,INE018A01030,999999999,200,0,0,1,0,816220800,0,0,1456940471,N
2026-03-02,11483,LT,EQ,LARSEN & TOUBRO LTD.,INE018A01030,1,200,0,0,6,1,772416000,0,0,1456944673,N
2026-03-02,28092,LT,IQ,LARSEN & TOUBRO LIMITED,INE018A01030,1,200,0,0,1,0,1029369600,0,0,1456941186,N
2026-03-02,16070,LT,RL,LARSEN & TOUBRO LTD.,INE018A01030,1,200,0,0,1,0,893203200,0,0,1456941185,N
2026-03-02,757249,LT,T0,LARSEN & TOUBRO LTD.,INE018A01030,1,200,0,0,1,1,1433030400,0,0,1456941186,N
2026-03-02,757250,LT,TL,LARSEN & TOUBRO LTD.,INE018A01030,999999999,200,0,0,1,0,1433030400,0,0,1456940471,N
2026-03-02,11139,RELIANCE,AF,RELIANCE INDUSTRIES LTD,INE002A01018,1,1000,0,0,1,0,1248566400,0,0,1456940460,N
2026-03-02,4615,RELIANCE,BE,RELIANCE IND DEPO-SETT,INE002A01018,1,1000,0,0,1,0,502070400,0,0,1456940460,N
2026-03-02,12713,RELIANCE,BL,RELIANCE INDUSTRIES LTD,INE002A01018,999999999,1000,0,0,1,0,816220800,0,0,1456940460,N
2026-03-02,2885,RELIANCE,EQ,RELIANCE INDUSTRIES LTD,INE002A01018,1,1000,0,0,6,1,502070400,0,0,1456944673,N
2026-03-02,28389,RELIANCE,IQ,RELIANCE INDUSTRIES LTD,INE002A01018,1,1000,0,0,1,0,1029369600,0,0,1456936810,N
2026-03-02,16328,RELIANCE,RL,RELIANCE INDUSTRIES LTD,INE002A01018,1,1000,0,0,1,0,893203200,0,0,1456940460,N
2026-03-02,757287,RELIANCE,T0,RELIANCE INDUSTRIES LTD,INE002A01018,1,1000,0,0,1,1,1433030400,0,0,1456936813,N
2026-03-02,757288,RELIANCE,TL,RELIANCE INDUSTRIES LTD,INE002A01018,999999999,1000,0,0,1,0,1433030400,0,0,1456940460,N
2026-03-02,11128,SBIN,AF,STATE BANK OF INDIA,INE062A01020,1,100,0,0,1,0,1248566400,0,0,1456940460,N
2026-03-02,4884,SBIN,BE,SBIN - DEPO SETT,INE062A01020,1,100,0,0,1,0,554688000,0,0,1456940460,N
2026-03-02,12740,SBIN,BL,STATE BANK OF INDIA,INE062A01020,999999999,100,0,0,1,0,816220800,0,0,1456940460,N
2026-03-02,3045,SBIN,EQ,STATE BANK OF INDIA,INE062A01020,1,100,0,0,6,1,478483200,0,0,1456944673,N
2026-03-02,28450,SBIN,IQ,STATE BANK OF INDIA,INE062A01020,1,1000,0,0,1,0,1029369600,0,0,1456941186,N
2026-03-02,20520,SBIN,N2,BOND 9.50% PA SERIES 2,INE062A08025,1,1000000,2,0,3,0,973987200,0,0,1298742279,Y
2026-03-02,22350,SBIN,N3,BOND 9.75% PA RET. S3,INE062A08033,1,1000000,2,0,3,0,985305600,0,0,1340475767,Y
2026-03-02,22352,SBIN,N4,BOND 9.30% PA NON RET. S3,INE062A08041,1,1000000,2,0,3,0,985305600,0,0,1340475767,Y
2026-03-02,22354,SBIN,N5,BOND 9.95% PA RET. S4,INE062A08058,1,1000000,2,0,3,0,985305600,0,0,1301159429,Y
2026-03-02,22356,SBIN,N6,BOND 9.45% PA NON RET. S4,INE062A08066,1,1000000,2,0,3,0,985305600,0,0,1301159429,Y
2026-03-02,16382,SBIN,RL,STATE BANK OF INDIA,INE062A01020,1,100,0,0,1,0,893203200,0,0,1456940460,N
2026-03-02,23256,SBIN,T0,STATE BANK OF INDIA,INE062A01020,1,100,0,0,1,1,1396051200,0,0,1456936809,N
2026-03-02,756131,SBIN,TL,STATE BANK OF INDIA,INE062A01020,999999999,100,0,0,1,0,1430611200,0,0,1456940460,N
2026-03-02,20521,SBIN,U2,BOND 9.50% PA SERIES 2,INE062A08025,1,1000000,2,0,3,0,973987200,0,0,1298742279,Y
2026-03-02,22351,SBIN,U3,BOND 9.75% PA RET. S3,INE062A08033,1,1000000,2,0,1,0,985305600,0,0,1456936808,N
2026-03-02,22353,SBIN,U4,BOND 9.30% PA NON RET. S3,INE062A08041,1,1000000,2,0,1,0,985305600,0,0,1456936808,N
2026-03-02,22355,SBIN,U5,BOND 9.95% PA RET. S4,INE062A08058,1,1000000,2,0,3,0,985305600,0,0,1301159429,Y
2026-03-02,22357,SBIN,U6,BOND 9.45% PA NON RET. S4,INE062A08066,1,1000000,2,0,3,0,985305600,0,0,1301159429,Y
2026-03-04,11107,HDFCBANK,AF,HDFC BANK LTD,INE040A01034,1,100,0,0,1,0,1248566400,0,0,1457111313,N
2026-03-04,4813,HDFCBANK,BE,HDFC BANK-DEPO. SETT.,INE040A01034,1,100,0,0,1,0,551059200,0,0,1457111313,N
2026-03-04,12431,HDFCBANK,BL,HDFC BANK LTD,INE040A01034,999999999,100,0,0,1,0,816220800,0,0,1457111313,N
2026-03-04,1333,HDFCBANK,EQ,HDFC BANK LTD,INE040A01034,1,100,0,0,6,1,500256000,0,0,1457113831,N
2026-03-04,27835,HDFCBANK,IQ,HDFC BANK LTD.,INE040A01034,1,200,0,0,1,0,1029369600,0,0,1457112304,N
2026-03-04,17321,HDFCBANK,K3,HDFC BANK LIMITED,INE040A13013,600,55725,3,0,3,0,1374019200,0,0,1377280986,Y
2026-03-04,15854,HDFCBANK,RL,HDFC BANK LTD,INE040A01034,1,100,0,0,1,0,893203200,0,0,1457111313,N
2026-03-04,757205,HDFCBANK,T0,HDFC BANK LTD,INE040A01034,1,100,0,0,1,1,1433030400,0,0,1457109641,N
2026-03-04,757206,HDFCBANK,TL,HDFC BANK LTD,INE040A01034,999999999,100,0,0,1,0,1433030400,0,0,1457111313,N
2026-03-04,17320,HDFCBANK,W3,HDFC BANK LIMITED,INE040A13013,600,55725,3,0,3,0,1374019200,0,0,1377280986,Y
2026-03-04,11111,ICICIBANK,AF,ICICI BANK LTD.,INE090A01021,1,200,0,0,1,0,1248566400,0,0,1457111345,N
2026-03-04,4967,ICICIBANK,BE,ICICI BANK LTD DEPO SETT,INE090A01021,1,200,0,0,1,0,559526400,0,0,1457111345,N
2026-03-04,12458,ICICIBANK,BL,ICICI BANK LTD.,INE090A01021,999999999,200,0,0,1,0,816220800,0,0,1457111345,N
2026-03-04,4963,ICICIBANK,EQ,ICICI BANK LTD.,INE090A01021,1,200,0,0,6,1,559526400,0,0,1457113831,N
2026-03-04,27885,ICICIBANK,IQ,ICICI BANK LTD.,INE090A01021,1,1000,0,0,1,0,1029369600,0,0,1457112304,N
2026-03-04,15897,ICICIBANK,RL,ICICI BANK LTD.,INE090A01021,1,200,0,0,1,0,893203200,0,0,1457111345,N
2026-03-04,757217,ICICIBANK,T0,ICICI BANK LTD.,INE090A01021,1,200,0,0,1,1,1433030400,0,0,1457109641,N
2026-03-04,757218,ICICIBANK,TL,ICICI BANK LTD.,INE090A01021,999999999,200,0,0,1,0,1433030400,0,0,1457111345,N
2026-03-04,11117,LT,AF,LARSEN & TOUBRO LTD.,INE018A01030,1,200,0,0,1,0,1248566400,0,0,1457112303,N
2026-03-04,11484,LT,BE,LARSEN & TOUBRO LTD.,INE018A01030,1,200,0,0,1,0,772416000,0,0,1457112303,N
2026-03-04,12562,LT,BL,LARSEN & TOUBRO LTD.,INE018A01030,999999999,200,0,0,1,0,816220800,0,0,1457111353,N
2026-03-04,11483,LT,EQ,LARSEN & TOUBRO LTD.,INE018A01030,1,200,0,0,6,1,772416000,0,0,1457113831,N
2026-03-04,28092,LT,IQ,LARSEN & TOUBRO LIMITED,INE018A01030,1,200,0,0,1,0,1029369600,0,0,1457112304,N
2026-03-04,16070,LT,RL,LARSEN & TOUBRO LTD.,INE018A01030,1,200,0,0,1,0,893203200,0,0,1457112303,N
2026-03-04,757249,LT,T0,LARSEN & TOUBRO LTD.,INE018A01030,1,200,0,0,1,1,1433030400,0,0,1457112305,N
2026-03-04,757250,LT,TL,LARSEN & TOUBRO LTD.,INE018A01030,999999999,200,0,0,1,0,1433030400,0,0,1457111353,N
2026-03-04,11139,RELIANCE,AF,RELIANCE INDUSTRIES LTD,INE002A01018,1,1000,0,0,1,0,1248566400,0,0,1457111342,N
2026-03-04,4615,RELIANCE,BE,RELIANCE IND DEPO-SETT,INE002A01018,1,1000,0,0,1,0,502070400,0,0,1457111341,N
2026-03-04,12713,RELIANCE,BL,RELIANCE INDUSTRIES LTD,INE002A01018,999999999,1000,0,0,1,0,816220800,0,0,1457111342,N
2026-03-04,2885,RELIANCE,EQ,RELIANCE INDUSTRIES LTD,INE002A01018,1,1000,0,0,6,1,502070400,0,0,1457113831,N
2026-03-04,28389,RELIANCE,IQ,RELIANCE INDUSTRIES LTD,INE002A01018,1,1000,0,0,1,0,1029369600,0,0,1457109638,N
2026-03-04,16328,RELIANCE,RL,RELIANCE INDUSTRIES LTD,INE002A01018,1,1000,0,0,1,0,893203200,0,0,1457111342,N
2026-03-04,757287,RELIANCE,T0,RELIANCE INDUSTRIES LTD,INE002A01018,1,1000,0,0,1,1,1433030400,0,0,1457109641,N
2026-03-04,757288,RELIANCE,TL,RELIANCE INDUSTRIES LTD,INE002A01018,999999999,1000,0,0,1,0,1433030400,0,0,1457111342,N
2026-03-04,11128,SBIN,AF,STATE BANK OF INDIA,INE062A01020,1,100,0,0,1,0,1248566400,0,0,1457111342,N
2026-03-04,4884,SBIN,BE,SBIN - DEPO SETT,INE062A01020,1,100,0,0,1,0,554688000,0,0,1457111342,N
2026-03-04,12740,SBIN,BL,STATE BANK OF INDIA,INE062A01020,999999999,100,0,0,1,0,816220800,0,0,1457111342,N
2026-03-04,3045,SBIN,EQ,STATE BANK OF INDIA,INE062A01020,1,100,0,0,6,1,478483200,0,0,1457113831,N
2026-03-04,28450,SBIN,IQ,STATE BANK OF INDIA,INE062A01020,1,1000,0,0,1,0,1029369600,0,0,1457112304,N
2026-03-04,20520,SBIN,N2,BOND 9.50% PA SERIES 2,INE062A08025,1,1000000,2,0,3,0,973987200,0,0,1298742279,Y
2026-03-04,22350,SBIN,N3,BOND 9.75% PA RET. S3,INE062A08033,1,1000000,2,0,3,0,985305600,0,0,1340475767,Y
2026-03-04,22352,SBIN,N4,BOND 9.30% PA NON RET. S3,INE062A08041,1,1000000,2,0,3,0,985305600,0,0,1340475767,Y
2026-03-04,22354,SBIN,N5,BOND 9.95% PA RET. S4,INE062A08058,1,1000000,2,0,3,0,985305600,0,0,1301159429,Y
2026-03-04,22356,SBIN,N6,BOND 9.45% PA NON RET. S4,INE062A08066,1,1000000,2,0,3,0,985305600,0,0,1301159429,Y
2026-03-04,16382,SBIN,RL,STATE BANK OF INDIA,INE062A01020,1,100,0,0,1,0,893203200,0,0,1457111342,N
2026-03-04,23256,SBIN,T0,STATE BANK OF INDIA,INE062A01020,1,100,0,0,1,1,1396051200,0,0,1457109637,N
2026-03-04,756131,SBIN,TL,STATE BANK OF INDIA,INE062A01020,999999999,100,0,0,1,0,1430611200,0,0,1457111342,N
2026-03-04,20521,SBIN,U2,BOND 9.50% PA SERIES 2,INE062A08025,1,1000000,2,0,3,0,973987200,0,0,1298742279,Y
2026-03-04,22351,SBIN,U3,BOND 9.75% PA RET. S3,INE062A08033,1,1000000,2,0,1,0,985305600,0,0,1457109637,N
2026-03-04,22353,SBIN,U4,BOND 9.30% PA NON RET. S3,INE062A08041,1,1000000,2,0,1,0,985305600,0,0,1457109637,N
2026-03-04,22355,SBIN,U5,BOND 9.95% PA RET. S4,INE062A08058,1,1000000,2,0,3,0,985305600,0,0,1301159429,Y
2026-03-04,22357,SBIN,U6,BOND 9.45% PA NON RET. S4,INE062A08066,1,1000000,2,0,3,0,985305600,0,0,1301159429,Y
2026-03-05,11107,HDFCBANK,AF,HDFC BANK LTD,INE040A01034,1,100,0,0,1,0,1248566400,0,0,1457207431,N
2026-03-05,4813,HDFCBANK,BE,HDFC BANK-DEPO. SETT.,INE040A01034,1,100,0,0,1,0,551059200,0,0,1457207431,N
2026-03-05,12431,HDFCBANK,BL,HDFC BANK LTD,INE040A01034,999999999,100,0,0,1,0,816220800,0,0,1457207431,N
2026-03-05,1333,HDFCBANK,EQ,HDFC BANK LTD,INE040A01034,1,100,0,0,6,1,500256000,0,0,1457207540,N
2026-03-05,27835,HDFCBANK,IQ,HDFC BANK LTD.,INE040A01034,1,200,0,0,1,0,1029369600,0,0,1457208413,N
2026-03-05,17321,HDFCBANK,K3,HDFC BANK LIMITED,INE040A13013,600,55725,3,0,3,0,1374019200,0,0,1377280986,Y
2026-03-05,15854,HDFCBANK,RL,HDFC BANK LTD,INE040A01034,1,100,0,0,1,0,893203200,0,0,1457207431,N
2026-03-05,757205,HDFCBANK,T0,HDFC BANK LTD,INE040A01034,1,100,0,0,1,1,1433030400,0,0,1457196703,N
2026-03-05,757206,HDFCBANK,TL,HDFC BANK LTD,INE040A01034,999999999,100,0,0,1,0,1433030400,0,0,1457207431,N
2026-03-05,17320,HDFCBANK,W3,HDFC BANK LIMITED,INE040A13013,600,55725,3,0,3,0,1374019200,0,0,1377280986,Y
2026-03-05,11111,ICICIBANK,AF,ICICI BANK LTD.,INE090A01021,1,200,0,0,1,0,1248566400,0,0,1457207437,N
2026-03-05,4967,ICICIBANK,BE,ICICI BANK LTD DEPO SETT,INE090A01021,1,200,0,0,1,0,559526400,0,0,1457207437,N
2026-03-05,12458,ICICIBANK,BL,ICICI BANK LTD.,INE090A01021,999999999,200,0,0,1,0,816220800,0,0,1457207437,N
2026-03-05,4963,ICICIBANK,EQ,ICICI BANK LTD.,INE090A01021,1,200,0,0,6,1,559526400,0,0,1457207540,N
2026-03-05,27885,ICICIBANK,IQ,ICICI BANK LTD.,INE090A01021,1,1000,0,0,1,0,1029369600,0,0,1457196700,N
2026-03-05,15897,ICICIBANK,RL,ICICI BANK LTD.,INE090A01021,1,200,0,0,1,0,893203200,0,0,1457207437,N
2026-03-05,757217,ICICIBANK,T0,ICICI BANK LTD.,INE090A01021,1,200,0,0,1,1,1433030400,0,0,1457196703,N
2026-03-05,757218,ICICIBANK,TL,ICICI BANK LTD.,INE090A01021,999999999,200,0,0,1,0,1433030400,0,0,1457207437,N
2026-03-05,11117,LT,AF,LARSEN & TOUBRO LTD.,INE018A01030,1,200,0,0,1,0,1248566400,0,0,1457208411,N
2026-03-05,11484,LT,BE,LARSEN & TOUBRO LTD.,INE018A01030,1,200,0,0,1,0,772416000,0,0,1457208411,N
2026-03-05,12562,LT,BL,LARSEN & TOUBRO LTD.,INE018A01030,999999999,200,0,0,1,0,816220800,0,0,1457207446,N
2026-03-05,11483,LT,EQ,LARSEN & TOUBRO LTD.,INE018A01030,1,200,0,0,6,1,772416000,0,0,1457208411,N
2026-03-05,28092,LT,IQ,LARSEN & TOUBRO LIMITED,INE018A01030,1,200,0,0,1,0,1029369600,0,0,1457208413,N
2026-03-05,16070,LT,RL,LARSEN & TOUBRO LTD.,INE018A01030,1,200,0,0,1,0,893203200,0,0,1457208412,N
2026-03-05,757249,LT,T0,LARSEN & TOUBRO LTD.,INE018A01030,1,200,0,0,1,1,1433030400,0,0,1457208413,N
2026-03-05,757250,LT,TL,LARSEN & TOUBRO LTD.,INE018A01030,999999999,200,0,0,1,0,1433030400,0,0,1457207446,N
2026-03-05,11139,RELIANCE,AF,RELIANCE INDUSTRIES LTD,INE002A01018,1,1000,0,0,1,0,1248566400,0,0,1457207434,N
2026-03-05,4615,RELIANCE,BE,RELIANCE IND DEPO-SETT,INE002A01018,1,1000,0,0,1,0,502070400,0,0,1457207434,N
2026-03-05,12713,RELIANCE,BL,RELIANCE INDUSTRIES LTD,INE002A01018,999999999,1000,0,0,1,0,816220800,0,0,1457207434,N
2026-03-05,2885,RELIANCE,EQ,RELIANCE INDUSTRIES LTD,INE002A01018,1,1000,0,0,6,1,502070400,0,0,1457207540,N
2026-03-05,28389,RELIANCE,IQ,RELIANCE INDUSTRIES LTD,INE002A01018,1,1000,0,0,1,0,1029369600,0,0,1457208413,N
2026-03-05,16328,RELIANCE,RL,RELIANCE INDUSTRIES LTD,INE002A01018,1,1000,0,0,1,0,893203200,0,0,1457207434,N
2026-03-05,757287,RELIANCE,T0,RELIANCE INDUSTRIES LTD,INE002A01018,1,1000,0,0,1,1,1433030400,0,0,1457196703,N
2026-03-05,757288,RELIANCE,TL,RELIANCE INDUSTRIES LTD,INE002A01018,999999999,1000,0,0,1,0,1433030400,0,0,1457207434,N
2026-03-05,11128,SBIN,AF,STATE BANK OF INDIA,INE062A01020,1,100,0,0,1,0,1248566400,0,0,1457207434,N
2026-03-05,4884,SBIN,BE,SBIN - DEPO SETT,INE062A01020,1,100,0,0,1,0,554688000,0,0,1457207434,N
2026-03-05,12740,SBIN,BL,STATE BANK OF INDIA,INE062A01020,999999999,100,0,0,1,0,816220800,0,0,1457207434,N
2026-03-05,3045,SBIN,EQ,STATE BANK OF INDIA,INE062A01020,1,100,0,0,6,1,478483200,0,0,1457207540,N
2026-03-05,28450,SBIN,IQ,STATE BANK OF INDIA,INE062A01020,1,1000,0,0,1,0,1029369600,0,0,1457208413,N
2026-03-05,20520,SBIN,N2,BOND 9.50% PA SERIES 2,INE062A08025,1,1000000,2,0,3,0,973987200,0,0,1298742279,Y
2026-03-05,22350,SBIN,N3,BOND 9.75% PA RET. S3,INE062A08033,1,1000000,2,0,3,0,985305600,0,0,1340475767,Y
2026-03-05,22352,SBIN,N4,BOND 9.30% PA NON RET. S3,INE062A08041,1,1000000,2,0,3,0,985305600,0,0,1340475767,Y
2026-03-05,22354,SBIN,N5,BOND 9.95% PA RET. S4,INE062A08058,1,1000000,2,0,3,0,985305600,0,0,1301159429,Y
2026-03-05,22356,SBIN,N6,BOND 9.45% PA NON RET. S4,INE062A08066,1,1000000,2,0,3,0,985305600,0,0,1301159429,Y
2026-03-05,16382,SBIN,RL,STATE BANK OF INDIA,INE062A01020,1,100,0,0,1,0,893203200,0,0,1457207434,N
2026-03-05,23256,SBIN,T0,STATE BANK OF INDIA,INE062A01020,1,100,0,0,1,1,1396051200,0,0,1457196699,N
2026-03-05,756131,SBIN,TL,STATE BANK OF INDIA,INE062A01020,999999999,100,0,0,1,0,1430611200,0,0,1457207434,N
2026-03-05,20521,SBIN,U2,BOND 9.50% PA SERIES 2,INE062A08025,1,1000000,2,0,3,0,973987200,0,0,1298742279,Y
2026-03-05,22351,SBIN,U3,BOND 9.75% PA RET. S3,INE062A08033,1,1000000,2,0,1,0,985305600,0,0,1457196698,N
2026-03-05,22353,SBIN,U4,BOND 9.30% PA NON RET. S3,INE062A08041,1,1000000,2,0,1,0,985305600,0,0,1457196698,N
2026-03-05,22355,SBIN,U5,BOND 9.95% PA RET. S4,INE062A08058,1,1000000,2,0,3,0,985305600,0,0,1301159429,Y
2026-03-05,22357,SBIN,U6,BOND 9.45% PA NON RET. S4,INE062A08066,1,1000000,2,0,3,0,985305600,0,0,1301159429,Y
2026-03-06,11107,HDFCBANK,AF,HDFC BANK LTD,INE040A01034,1,100,0,0,1,0,1248566400,0,0,1457286750,N
2026-03-06,4813,HDFCBANK,BE,HDFC BANK-DEPO. SETT.,INE040A01034,1,100,0,0,1,0,551059200,0,0,1457286750,N
2026-03-06,12431,HDFCBANK,BL,HDFC BANK LTD,INE040A01034,999999999,100,0,0,1,0,816220800,0,0,1457286750,N
2026-03-06,1333,HDFCBANK,EQ,HDFC BANK LTD,INE040A01034,1,100,0,0,6,1,500256000,0,0,1457292667,N
2026-03-06,27835,HDFCBANK,IQ,HDFC BANK LTD.,INE040A01034,1,200,0,0,1,0,1029369600,0,0,1457287245,N
2026-03-06,17321,HDFCBANK,K3,HDFC BANK LIMITED,INE040A13013,600,55725,3,0,3,0,1374019200,0,0,1377280986,Y
2026-03-06,15854,HDFCBANK,RL,HDFC BANK LTD,INE040A01034,1,100,0,0,1,0,893203200,0,0,1457286750,N
2026-03-06,757205,HDFCBANK,T0,HDFC BANK LTD,INE040A01034,1,100,0,0,1,1,1433030400,0,0,1457282339,N
2026-03-06,757206,HDFCBANK,TL,HDFC BANK LTD,INE040A01034,999999999,100,0,0,1,0,1433030400,0,0,1457286750,N
2026-03-06,17320,HDFCBANK,W3,HDFC BANK LIMITED,INE040A13013,600,55725,3,0,3,0,1374019200,0,0,1377280986,Y
2026-03-06,11111,ICICIBANK,AF,ICICI BANK LTD.,INE090A01021,1,200,0,0,1,0,1248566400,0,0,1457286782,N
2026-03-06,4967,ICICIBANK,BE,ICICI BANK LTD DEPO SETT,INE090A01021,1,200,0,0,1,0,559526400,0,0,1457286782,N
2026-03-06,12458,ICICIBANK,BL,ICICI BANK LTD.,INE090A01021,999999999,200,0,0,1,0,816220800,0,0,1457286782,N
2026-03-06,4963,ICICIBANK,EQ,ICICI BANK LTD.,INE090A01021,1,200,0,0,6,1,559526400,0,0,1457292667,N
2026-03-06,27885,ICICIBANK,IQ,ICICI BANK LTD.,INE090A01021,1,1000,0,0,1,0,1029369600,0,0,1457282336,N
2026-03-06,15897,ICICIBANK,RL,ICICI BANK LTD.,INE090A01021,1,200,0,0,1,0,893203200,0,0,1457286782,N
2026-03-06,757217,ICICIBANK,T0,ICICI BANK LTD.,INE090A01021,1,200,0,0,1,1,1433030400,0,0,1457282339,N
2026-03-06,757218,ICICIBANK,TL,ICICI BANK LTD.,INE090A01021,999999999,200,0,0,1,0,1433030400,0,0,1457286782,N
2026-03-06,11117,LT,AF,LARSEN & TOUBRO LTD.,INE018A01030,1,200,0,0,1,0,1248566400,0,0,1457287243,N
2026-03-06,11484,LT,BE,LARSEN & TOUBRO LTD.,INE018A01030,1,200,0,0,1,0,772416000,0,0,1457287243,N
2026-03-06,12562,LT,BL,LARSEN & TOUBRO LTD.,INE018A01030,999999999,200,0,0,1,0,816220800,0,0,1457286790,N
2026-03-06,11483,LT,EQ,LARSEN & TOUBRO LTD.,INE018A01030,1,200,0,0,6,1,772416000,0,0,1457292667,N
2026-03-06,28092,LT,IQ,LARSEN & TOUBRO LIMITED,INE018A01030,1,200,0,0,1,0,1029369600,0,0,1457287245,N
2026-03-06,16070,LT,RL,LARSEN & TOUBRO LTD.,INE018A01030,1,200,0,0,1,0,893203200,0,0,1457287244,N
2026-03-06,757249,LT,T0,LARSEN & TOUBRO LTD.,INE018A01030,1,200,0,0,1,1,1433030400,0,0,1457287245,N
2026-03-06,757250,LT,TL,LARSEN & TOUBRO LTD.,INE018A01030,999999999,200,0,0,1,0,1433030400,0,0,1457286790,N
2026-03-06,11139,RELIANCE,AF,RELIANCE INDUSTRIES LTD,INE002A01018,1,1000,0,0,1,0,1248566400,0,0,1457286779,N
2026-03-06,4615,RELIANCE,BE,RELIANCE IND DEPO-SETT,INE002A01018,1,1000,0,0,1,0,502070400,0,0,1457286779,N
2026-03-06,12713,RELIANCE,BL,RELIANCE INDUSTRIES LTD,INE002A01018,999999999,1000,0,0,1,0,816220800,0,0,1457286779,N
2026-03-06,2885,RELIANCE,EQ,RELIANCE INDUSTRIES LTD,INE002A01018,1,1000,0,0,6,1,502070400,0,0,1457292667,N
2026-03-06,28389,RELIANCE,IQ,RELIANCE INDUSTRIES LTD,INE002A01018,1,1000,0,0,1,0,1029369600,0,0,1457287245,N
2026-03-06,16328,RELIANCE,RL,RELIANCE INDUSTRIES LTD,INE002A01018,1,1000,0,0,1,0,893203200,0,0,1457286779,N
2026-03-06,757287,RELIANCE,T0,RELIANCE INDUSTRIES LTD,INE002A01018,1,1000,0,0,1,1,1433030400,0,0,1457282339,N
2026-03-06,757288,RELIANCE,TL,RELIANCE INDUSTRIES LTD,INE002A01018,999999999,1000,0,0,1,0,1433030400,0,0,1457286779,N
2026-03-06,11128,SBIN,AF,STATE BANK OF INDIA,INE062A01020,1,100,0,0,1,0,1248566400,0,0,1457286779,N
2026-03-06,4884,SBIN,BE,SBIN - DEPO SETT,INE062A01020,1,100,0,0,1,0,554688000,0,0,1457286779,N
2026-03-06,12740,SBIN,BL,STATE BANK OF INDIA,INE062A01020,999999999,100,0,0,1,0,816220800,0,0,1457286779,N
2026-03-06,3045,SBIN,EQ,STATE BANK OF INDIA,INE062A01020,1,100,0,0,6,1,478483200,0,0,1457292667,N
2026-03-06,28450,SBIN,IQ,STATE BANK OF INDIA,INE062A01020,1,1000,0,0,1,0,1029369600,0,0,1457287245,N
2026-03-06,20520,SBIN,N2,BOND 9.50% PA SERIES 2,INE062A08025,1,1000000,2,0,3,0,973987200,0,0,1298742279,Y
2026-03-06,22350,SBIN,N3,BOND 9.75% PA RET. S3,INE062A08033,1,1000000,2,0,3,0,985305600,0,0,1340475767,Y
2026-03-06,22352,SBIN,N4,BOND 9.30% PA NON RET. S3,INE062A08041,1,1000000,2,0,3,0,985305600,0,0,1340475767,Y
2026-03-06,22354,SBIN,N5,BOND 9.95% PA RET. S4,INE062A08058,1,1000000,2,0,3,0,985305600,0,0,1301159429,Y
2026-03-06,22356,SBIN,N6,BOND 9.45% PA NON RET. S4,INE062A08066,1,1000000,2,0,3,0,985305600,0,0,1301159429,Y
2026-03-06,16382,SBIN,RL,STATE BANK OF INDIA,INE062A01020,1,100,0,0,1,0,893203200,0,0,1457286779,N
2026-03-06,23256,SBIN,T0,STATE BANK OF INDIA,INE062A01020,1,100,0,0,1,1,1396051200,0,0,1457282335,N
2026-03-06,756131,SBIN,TL,STATE BANK OF INDIA,INE062A01020,999999999,100,0,0,1,0,1430611200,0,0,1457286779,N
2026-03-06,20521,SBIN,U2,BOND 9.50% PA SERIES 2,INE062A08025,1,1000000,2,0,3,0,973987200,0,0,1298742279,Y
2026-03-06,22351,SBIN,U3,BOND 9.75% PA RET. S3,INE062A08033,1,1000000,2,0,1,0,985305600,0,0,1457282335,N
2026-03-06,22353,SBIN,U4,BOND 9.30% PA NON RET. S3,INE062A08041,1,1000000,2,0,1,0,985305600,0,0,1457282335,N
2026-03-06,22355,SBIN,U5,BOND 9.95% PA RET. S4,INE062A08058,1,1000000,2,0,3,0,985305600,0,0,1301159429,Y
2026-03-06,22357,SBIN,U6,BOND 9.45% PA NON RET. S4,INE062A08066,1,1000000,2,0,3,0,985305600,0,0,1301159429,Y
2026-03-09,11107,HDFCBANK,AF,HDFC BANK LTD,INE040A01034,1,100,0,0,1,0,1248566400,0,0,1457544545,N
2026-03-09,4813,HDFCBANK,BE,HDFC BANK-DEPO. SETT.,INE040A01034,1,100,0,0,1,0,551059200,0,0,1457544545,N
2026-03-09,12431,HDFCBANK,BL,HDFC BANK LTD,INE040A01034,999999999,100,0,0,1,0,816220800,0,0,1457544545,N
2026-03-09,1333,HDFCBANK,EQ,HDFC BANK LTD,INE040A01034,1,100,0,0,6,1,500256000,0,0,1457550192,N
2026-03-09,27835,HDFCBANK,IQ,HDFC BANK LTD.,INE040A01034,1,200,0,0,1,0,1029369600,0,0,1457545632,N
2026-03-09,17321,HDFCBANK,K3,HDFC BANK LIMITED,INE040A13013,600,55725,3,0,3,0,1374019200,0,0,1377280986,Y
2026-03-09,15854,HDFCBANK,RL,HDFC BANK LTD,INE040A01034,1,100,0,0,1,0,893203200,0,0,1457544545,N
2026-03-09,757205,HDFCBANK,T0,HDFC BANK LTD,INE040A01034,1,100,0,0,1,1,1433030400,0,0,1457542370,N
2026-03-09,757206,HDFCBANK,TL,HDFC BANK LTD,INE040A01034,999999999,100,0,0,1,0,1433030400,0,0,1457544545,N
2026-03-09,17320,HDFCBANK,W3,HDFC BANK LIMITED,INE040A13013,600,55725,3,0,3,0,1374019200,0,0,1377280986,Y
2026-03-09,11111,ICICIBANK,AF,ICICI BANK LTD.,INE090A01021,1,200,0,0,1,0,1248566400,0,0,1457544577,N
2026-03-09,4967,ICICIBANK,BE,ICICI BANK LTD DEPO SETT,INE090A01021,1,200,0,0,1,0,559526400,0,0,1457544577,N
2026-03-09,12458,ICICIBANK,BL,ICICI BANK LTD.,INE090A01021,999999999,200,0,0,1,0,816220800,0,0,1457544577,N
2026-03-09,4963,ICICIBANK,EQ,ICICI BANK LTD.,INE090A01021,1,200,0,0,6,1,559526400,0,0,1457550192,N
2026-03-09,27885,ICICIBANK,IQ,ICICI BANK LTD.,INE090A01021,1,1000,0,0,1,0,1029369600,0,0,1457545632,N
2026-03-09,15897,ICICIBANK,RL,ICICI BANK LTD.,INE090A01021,1,200,0,0,1,0,893203200,0,0,1457544577,N
2026-03-09,757217,ICICIBANK,T0,ICICI BANK LTD.,INE090A01021,1,200,0,0,1,1,1433030400,0,0,1457542370,N
2026-03-09,757218,ICICIBANK,TL,ICICI BANK LTD.,INE090A01021,999999999,200,0,0,1,0,1433030400,0,0,1457544577,N
2026-03-09,11117,LT,AF,LARSEN & TOUBRO LTD.,INE018A01030,1,200,0,0,1,0,1248566400,0,0,1457544585,N
2026-03-09,11484,LT,BE,LARSEN & TOUBRO LTD.,INE018A01030,1,200,0,0,1,0,772416000,0,0,1457544585,N
2026-03-09,12562,LT,BL,LARSEN & TOUBRO LTD.,INE018A01030,999999999,200,0,0,1,0,816220800,0,0,1457544585,N
2026-03-09,11483,LT,EQ,LARSEN & TOUBRO LTD.,INE018A01030,1,200,0,0,6,1,772416000,0,0,1457550192,N
2026-03-09,28092,LT,IQ,LARSEN & TOUBRO LIMITED,INE018A01030,1,200,0,0,1,0,1029369600,0,0,1457545632,N
2026-03-09,16070,LT,RL,LARSEN & TOUBRO LTD.,INE018A01030,1,200,0,0,1,0,893203200,0,0,1457544585,N
2026-03-09,757249,LT,T0,LARSEN & TOUBRO LTD.,INE018A01030,1,200,0,0,1,1,1433030400,0,0,1457542370,N
2026-03-09,757250,LT,TL,LARSEN & TOUBRO LTD.,INE018A01030,999999999,200,0,0,1,0,1433030400,0,0,1457544585,N
2026-03-09,11139,RELIANCE,AF,RELIANCE INDUSTRIES LTD,INE002A01018,1,1000,0,0,1,0,1248566400,0,0,1457544574,N
2026-03-09,4615,RELIANCE,BE,RELIANCE IND DEPO-SETT,INE002A01018,1,1000,0,0,1,0,502070400,0,0,1457544574,N
2026-03-09,12713,RELIANCE,BL,RELIANCE INDUSTRIES LTD,INE002A01018,999999999,1000,0,0,1,0,816220800,0,0,1457544574,N
2026-03-09,2885,RELIANCE,EQ,RELIANCE INDUSTRIES LTD,INE002A01018,1,1000,0,0,6,1,502070400,0,0,1457550192,N
2026-03-09,28389,RELIANCE,IQ,RELIANCE INDUSTRIES LTD,INE002A01018,1,1000,0,0,1,0,1029369600,0,0,1457542367,N
2026-03-09,16328,RELIANCE,RL,RELIANCE INDUSTRIES LTD,INE002A01018,1,1000,0,0,1,0,893203200,0,0,1457544574,N
2026-03-09,757287,RELIANCE,T0,RELIANCE INDUSTRIES LTD,INE002A01018,1,1000,0,0,1,1,1433030400,0,0,1457542370,N
2026-03-09,757288,RELIANCE,TL,RELIANCE INDUSTRIES LTD,INE002A01018,999999999,1000,0,0,1,0,1433030400,0,0,1457544574,N
2026-03-09,11128,SBIN,AF,STATE BANK OF INDIA,INE062A01020,1,100,0,0,1,0,1248566400,0,0,1457544574,N
2026-03-09,4884,SBIN,BE,SBIN - DEPO SETT,INE062A01020,1,100,0,0,1,0,554688000,0,0,1457544574,N
2026-03-09,12740,SBIN,BL,STATE BANK OF INDIA,INE062A01020,999999999,100,0,0,1,0,816220800,0,0,1457544574,N
2026-03-09,3045,SBIN,EQ,STATE BANK OF INDIA,INE062A01020,1,100,0,0,6,1,478483200,0,0,1457550192,N
2026-03-09,28450,SBIN,IQ,STATE BANK OF INDIA,INE062A01020,1,1000,0,0,1,0,1029369600,0,0,1457545632,N
2026-03-09,20520,SBIN,N2,BOND 9.50% PA SERIES 2,INE062A08025,1,1000000,2,0,3,0,973987200,0,0,1298742279,Y
2026-03-09,22350,SBIN,N3,BOND 9.75% PA RET. S3,INE062A08033,1,1000000,2,0,3,0,985305600,0,0,1340475767,Y
2026-03-09,22352,SBIN,N4,BOND 9.30% PA NON RET. S3,INE062A08041,1,1000000,2,0,3,0,985305600,0,0,1340475767,Y
2026-03-09,22354,SBIN,N5,BOND 9.95% PA RET. S4,INE062A08058,1,1000000,2,0,3,0,985305600,0,0,1301159429,Y
2026-03-09,22356,SBIN,N6,BOND 9.45% PA NON RET. S4,INE062A08066,1,1000000,2,0,3,0,985305600,0,0,1301159429,Y
2026-03-09,16382,SBIN,RL,STATE BANK OF INDIA,INE062A01020,1,100,0,0,1,0,893203200,0,0,1457544574,N
2026-03-09,23256,SBIN,T0,STATE BANK OF INDIA,INE062A01020,1,100,0,0,1,1,1396051200,0,0,1457542366,N
2026-03-09,756131,SBIN,TL,STATE BANK OF INDIA,INE062A01020,999999999,100,0,0,1,0,1430611200,0,0,1457544574,N
2026-03-09,20521,SBIN,U2,BOND 9.50% PA SERIES 2,INE062A08025,1,1000000,2,0,3,0,973987200,0,0,1298742279,Y
2026-03-09,22351,SBIN,U3,BOND 9.75% PA RET. S3,INE062A08033,1,1000000,2,0,1,0,985305600,0,0,1457542366,N
2026-03-09,22353,SBIN,U4,BOND 9.30% PA NON RET. S3,INE062A08041,1,1000000,2,0,1,0,985305600,0,0,1457542366,N
2026-03-09,22355,SBIN,U5,BOND 9.95% PA RET. S4,INE062A08058,1,1000000,2,0,3,0,985305600,0,0,1301159429,Y
2026-03-09,22357,SBIN,U6,BOND 9.45% PA NON RET. S4,INE062A08066,1,1000000,2,0,3,0,985305600,0,0,1301159429,Y
2026-03-10,11107,HDFCBANK,AF,HDFC BANK LTD,INE040A01034,1,100,0,0,1,0,1248566400,0,0,1457632667,N
2026-03-10,4813,HDFCBANK,BE,HDFC BANK-DEPO. SETT.,INE040A01034,1,100,0,0,1,0,551059200,0,0,1457632667,N
2026-03-10,12431,HDFCBANK,BL,HDFC BANK LTD,INE040A01034,999999999,100,0,0,1,0,816220800,0,0,1457632667,N
2026-03-10,1333,HDFCBANK,EQ,HDFC BANK LTD,INE040A01034,1,100,0,0,6,1,500256000,0,0,1457636837,N
2026-03-10,27835,HDFCBANK,IQ,HDFC BANK LTD.,INE040A01034,1,200,0,0,1,0,1029369600,0,0,1457636118,N
2026-03-10,17321,HDFCBANK,K3,HDFC BANK LIMITED,INE040A13013,600,55725,3,0,3,0,1374019200,0,0,1377280986,Y
2026-03-10,15854,HDFCBANK,RL,HDFC BANK LTD,INE040A01034,1,100,0,0,1,0,893203200,0,0,1457632667,N
2026-03-10,757205,HDFCBANK,T0,HDFC BANK LTD,INE040A01034,1,100,0,0,1,1,1433030400,0,0,1457628086,N
2026-03-10,757206,HDFCBANK,TL,HDFC BANK LTD,INE040A01034,999999999,100,0,0,1,0,1433030400,0,0,1457632667,N
2026-03-10,17320,HDFCBANK,W3,HDFC BANK LIMITED,INE040A13013,600,55725,3,0,3,0,1374019200,0,0,1377280986,Y
2026-03-10,11111,ICICIBANK,AF,ICICI BANK LTD.,INE090A01021,1,200,0,0,1,0,1248566400,0,0,1457632699,N
2026-03-10,4967,ICICIBANK,BE,ICICI BANK LTD DEPO SETT,INE090A01021,1,200,0,0,1,0,559526400,0,0,1457632699,N
2026-03-10,12458,ICICIBANK,BL,ICICI BANK LTD.,INE090A01021,999999999,200,0,0,1,0,816220800,0,0,1457632699,N
2026-03-10,4963,ICICIBANK,EQ,ICICI BANK LTD.,INE090A01021,1,200,0,0,6,1,559526400,0,0,1457636837,N
2026-03-10,27885,ICICIBANK,IQ,ICICI BANK LTD.,INE090A01021,1,1000,0,0,1,0,1029369600,0,0,1457636118,N
2026-03-10,15897,ICICIBANK,RL,ICICI BANK LTD.,INE090A01021,1,200,0,0,1,0,893203200,0,0,1457632699,N
2026-03-10,757217,ICICIBANK,T0,ICICI BANK LTD.,INE090A01021,1,200,0,0,1,1,1433030400,0,0,1457628086,N
2026-03-10,757218,ICICIBANK,TL,ICICI BANK LTD.,INE090A01021,999999999,200,0,0,1,0,1433030400,0,0,1457632699,N
2026-03-10,11117,LT,AF,LARSEN & TOUBRO LTD.,INE018A01030,1,200,0,0,1,0,1248566400,0,0,1457632707,N
2026-03-10,11484,LT,BE,LARSEN & TOUBRO LTD.,INE018A01030,1,200,0,0,1,0,772416000,0,0,1457632707,N
2026-03-10,12562,LT,BL,LARSEN & TOUBRO LTD.,INE018A01030,999999999,200,0,0,1,0,816220800,0,0,1457632707,N
2026-03-10,11483,LT,EQ,LARSEN & TOUBRO LTD.,INE018A01030,1,200,0,0,6,1,772416000,0,0,1457636838,N
2026-03-10,28092,LT,IQ,LARSEN & TOUBRO LIMITED,INE018A01030,1,200,0,0,1,0,1029369600,0,0,1457636118,N
2026-03-10,16070,LT,RL,LARSEN & TOUBRO LTD.,INE018A01030,1,200,0,0,1,0,893203200,0,0,1457632707,N
2026-03-10,757249,LT,T0,LARSEN & TOUBRO LTD.,INE018A01030,1,200,0,0,1,1,1433030400,0,0,1457628086,N
2026-03-10,757250,LT,TL,LARSEN & TOUBRO LTD.,INE018A01030,999999999,200,0,0,1,0,1433030400,0,0,1457632707,N
2026-03-10,11139,RELIANCE,AF,RELIANCE INDUSTRIES LTD,INE002A01018,1,1000,0,0,1,0,1248566400,0,0,1457632695,N
2026-03-10,4615,RELIANCE,BE,RELIANCE IND DEPO-SETT,INE002A01018,1,1000,0,0,1,0,502070400,0,0,1457632695,N
2026-03-10,12713,RELIANCE,BL,RELIANCE INDUSTRIES LTD,INE002A01018,999999999,1000,0,0,1,0,816220800,0,0,1457632695,N
2026-03-10,2885,RELIANCE,EQ,RELIANCE INDUSTRIES LTD,INE002A01018,1,1000,0,0,6,1,502070400,0,0,1457636838,N
2026-03-10,28389,RELIANCE,IQ,RELIANCE INDUSTRIES LTD,INE002A01018,1,1000,0,0,1,0,1029369600,0,0,1457636118,N
2026-03-10,16328,RELIANCE,RL,RELIANCE INDUSTRIES LTD,INE002A01018,1,1000,0,0,1,0,893203200,0,0,1457632695,N
2026-03-10,757287,RELIANCE,T0,RELIANCE INDUSTRIES LTD,INE002A01018,1,1000,0,0,1,1,1433030400,0,0,1457628086,N
2026-03-10,757288,RELIANCE,TL,RELIANCE INDUSTRIES LTD,INE002A01018,999999999,1000,0,0,1,0,1433030400,0,0,1457632695,N
2026-03-10,11128,SBIN,AF,STATE BANK OF INDIA,INE062A01020,1,100,0,0,1,0,1248566400,0,0,1457632696,N
2026-03-10,4884,SBIN,BE,SBIN - DEPO SETT,INE062A01020,1,100,0,0,1,0,554688000,0,0,1457632696,N
2026-03-10,12740,SBIN,BL,STATE BANK OF INDIA,INE062A01020,999999999,100,0,0,1,0,816220800,0,0,1457632696,N
2026-03-10,3045,SBIN,EQ,STATE BANK OF INDIA,INE062A01020,1,100,0,0,6,1,478483200,0,0,1457636838,N
2026-03-10,28450,SBIN,IQ,STATE BANK OF INDIA,INE062A01020,1,1000,0,0,1,0,1029369600,0,0,1457636119,N
2026-03-10,20520,SBIN,N2,BOND 9.50% PA SERIES 2,INE062A08025,1,1000000,2,0,3,0,973987200,0,0,1298742279,Y
2026-03-10,22350,SBIN,N3,BOND 9.75% PA RET. S3,INE062A08033,1,1000000,2,0,3,0,985305600,0,0,1340475767,Y
2026-03-10,22352,SBIN,N4,BOND 9.30% PA NON RET. S3,INE062A08041,1,1000000,2,0,3,0,985305600,0,0,1340475767,Y
2026-03-10,22354,SBIN,N5,BOND 9.95% PA RET. S4,INE062A08058,1,1000000,2,0,3,0,985305600,0,0,1301159429,Y
2026-03-10,22356,SBIN,N6,BOND 9.45% PA NON RET. S4,INE062A08066,1,1000000,2,0,3,0,985305600,0,0,1301159429,Y
2026-03-10,16382,SBIN,RL,STATE BANK OF INDIA,INE062A01020,1,100,0,0,1,0,893203200,0,0,1457632696,N
2026-03-10,23256,SBIN,T0,STATE BANK OF INDIA,INE062A01020,1,100,0,0,1,1,1396051200,0,0,1457628082,N
2026-03-10,756131,SBIN,TL,STATE BANK OF INDIA,INE062A01020,999999999,100,0,0,1,0,1430611200,0,0,1457632696,N
2026-03-10,20521,SBIN,U2,BOND 9.50% PA SERIES 2,INE062A08025,1,1000000,2,0,3,0,973987200,0,0,1298742279,Y
2026-03-10,22351,SBIN,U3,BOND 9.75% PA RET. S3,INE062A08033,1,1000000,2,0,1,0,985305600,0,0,1457628082,N
2026-03-10,22353,SBIN,U4,BOND 9.30% PA NON RET. S3,INE062A08041,1,1000000,2,0,1,0,985305600,0,0,1457628082,N
2026-03-10,22355,SBIN,U5,BOND 9.95% PA RET. S4,INE062A08058,1,1000000,2,0,3,0,985305600,0,0,1301159429,Y
2026-03-10,22357,SBIN,U6,BOND 9.45% PA NON RET. S4,INE062A08066,1,1000000,2,0,3,0,985305600,0,0,1301159429,Y
2026-03-11,11107,HDFCBANK,AF,HDFC BANK LTD,INE040A01034,1,100,0,0,1,0,1248566400,0,0,1457717802,N
2026-03-11,4813,HDFCBANK,BE,HDFC BANK-DEPO. SETT.,INE040A01034,1,100,0,0,1,0,551059200,0,0,1457717802,N
2026-03-11,12431,HDFCBANK,BL,HDFC BANK LTD,INE040A01034,999999999,100,0,0,1,0,816220800,0,0,1457717802,N
2026-03-11,1333,HDFCBANK,EQ,HDFC BANK LTD,INE040A01034,1,100,0,0,6,1,500256000,0,0,1457718521,N
2026-03-11,27835,HDFCBANK,IQ,HDFC BANK LTD.,INE040A01034,1,200,0,0,1,0,1029369600,0,0,1457719436,N
2026-03-11,17321,HDFCBANK,K3,HDFC BANK LIMITED,INE040A13013,600,55725,3,0,3,0,1374019200,0,0,1377280986,Y
2026-03-11,15854,HDFCBANK,RL,HDFC BANK LTD,INE040A01034,1,100,0,0,1,0,893203200,0,0,1457717802,N
2026-03-11,757205,HDFCBANK,T0,HDFC BANK LTD,INE040A01034,1,100,0,0,1,1,1433030400,0,0,1457715600,N
2026-03-11,757206,HDFCBANK,TL,HDFC BANK LTD,INE040A01034,999999999,100,0,0,1,0,1433030400,0,0,1457717802,N
2026-03-11,17320,HDFCBANK,W3,HDFC BANK LIMITED,INE040A13013,600,55725,3,0,3,0,1374019200,0,0,1377280986,Y
2026-03-11,11111,ICICIBANK,AF,ICICI BANK LTD.,INE090A01021,1,200,0,0,1,0,1248566400,0,0,1457717808,N
2026-03-11,4967,ICICIBANK,BE,ICICI BANK LTD DEPO SETT,INE090A01021,1,200,0,0,1,0,559526400,0,0,1457717808,N
2026-03-11,12458,ICICIBANK,BL,ICICI BANK LTD.,INE090A01021,999999999,200,0,0,1,0,816220800,0,0,1457717808,N
2026-03-11,4963,ICICIBANK,EQ,ICICI BANK LTD.,INE090A01021,1,200,0,0,6,1,559526400,0,0,1457718521,N
2026-03-11,27885,ICICIBANK,IQ,ICICI BANK LTD.,INE090A01021,1,1000,0,0,1,0,1029369600,0,0,1457719436,N
2026-03-11,15897,ICICIBANK,RL,ICICI BANK LTD.,INE090A01021,1,200,0,0,1,0,893203200,0,0,1457717808,N
2026-03-11,757217,ICICIBANK,T0,ICICI BANK LTD.,INE090A01021,1,200,0,0,1,1,1433030400,0,0,1457715600,N
2026-03-11,757218,ICICIBANK,TL,ICICI BANK LTD.,INE090A01021,999999999,200,0,0,1,0,1433030400,0,0,1457717808,N
2026-03-11,11117,LT,AF,LARSEN & TOUBRO LTD.,INE018A01030,1,200,0,0,1,0,1248566400,0,0,1457717816,N
2026-03-11,11484,LT,BE,LARSEN & TOUBRO LTD.,INE018A01030,1,200,0,0,1,0,772416000,0,0,1457717816,N
2026-03-11,12562,LT,BL,LARSEN & TOUBRO LTD.,INE018A01030,999999999,200,0,0,1,0,816220800,0,0,1457717816,N
2026-03-11,11483,LT,EQ,LARSEN & TOUBRO LTD.,INE018A01030,1,200,0,0,6,1,772416000,0,0,1457718521,N
2026-03-11,28092,LT,IQ,LARSEN & TOUBRO LIMITED,INE018A01030,1,200,0,0,1,0,1029369600,0,0,1457719436,N
2026-03-11,16070,LT,RL,LARSEN & TOUBRO LTD.,INE018A01030,1,200,0,0,1,0,893203200,0,0,1457717816,N
2026-03-11,757249,LT,T0,LARSEN & TOUBRO LTD.,INE018A01030,1,200,0,0,1,1,1433030400,0,0,1457715600,N
2026-03-11,757250,LT,TL,LARSEN & TOUBRO LTD.,INE018A01030,999999999,200,0,0,1,0,1433030400,0,0,1457717816,N
2026-03-11,11139,RELIANCE,AF,RELIANCE INDUSTRIES LTD,INE002A01018,1,1000,0,0,1,0,1248566400,0,0,1457717805,N
2026-03-11,4615,RELIANCE,BE,RELIANCE IND DEPO-SETT,INE002A01018,1,1000,0,0,1,0,502070400,0,0,1457717805,N
2026-03-11,12713,RELIANCE,BL,RELIANCE INDUSTRIES LTD,INE002A01018,999999999,1000,0,0,1,0,816220800,0,0,1457717805,N
2026-03-11,2885,RELIANCE,EQ,RELIANCE INDUSTRIES LTD,INE002A01018,1,1000,0,0,6,1,502070400,0,0,1457718521,N
2026-03-11,28389,RELIANCE,IQ,RELIANCE INDUSTRIES LTD,INE002A01018,1,1000,0,0,1,0,1029369600,0,0,1457715597,N
2026-03-11,16328,RELIANCE,RL,RELIANCE INDUSTRIES LTD,INE002A01018,1,1000,0,0,1,0,893203200,0,0,1457717805,N
2026-03-11,757287,RELIANCE,T0,RELIANCE INDUSTRIES LTD,INE002A01018,1,1000,0,0,1,1,1433030400,0,0,1457715600,N
2026-03-11,757288,RELIANCE,TL,RELIANCE INDUSTRIES LTD,INE002A01018,999999999,1000,0,0,1,0,1433030400,0,0,1457717805,N
2026-03-11,11128,SBIN,AF,STATE BANK OF INDIA,INE062A01020,1,100,0,0,1,0,1248566400,0,0,1457717805,N
2026-03-11,4884,SBIN,BE,SBIN - DEPO SETT,INE062A01020,1,100,0,0,1,0,554688000,0,0,1457717805,N
2026-03-11,12740,SBIN,BL,STATE BANK OF INDIA,INE062A01020,999999999,100,0,0,1,0,816220800,0,0,1457717805,N
2026-03-11,3045,SBIN,EQ,STATE BANK OF INDIA,INE062A01020,1,100,0,0,6,1,478483200,0,0,1457718521,N
2026-03-11,28450,SBIN,IQ,STATE BANK OF INDIA,INE062A01020,1,1000,0,0,1,0,1029369600,0,0,1457719437,N
2026-03-11,20520,SBIN,N2,BOND 9.50% PA SERIES 2,INE062A08025,1,1000000,2,0,3,0,973987200,0,0,1298742279,Y
2026-03-11,22350,SBIN,N3,BOND 9.75% PA RET. S3,INE062A08033,1,1000000,2,0,3,0,985305600,0,0,1340475767,Y
2026-03-11,22352,SBIN,N4,BOND 9.30% PA NON RET. S3,INE062A08041,1,1000000,2,0,3,0,985305600,0,0,1340475767,Y
2026-03-11,22354,SBIN,N5,BOND 9.95% PA RET. S4,INE062A08058,1,1000000,2,0,3,0,985305600,0,0,1301159429,Y
2026-03-11,22356,SBIN,N6,BOND 9.45% PA NON RET. S4,INE062A08066,1,1000000,2,0,3,0,985305600,0,0,1301159429,Y
2026-03-11,16382,SBIN,RL,STATE BANK OF INDIA,INE062A01020,1,100,0,0,1,0,893203200,0,0,1457717805,N
2026-03-11,23256,SBIN,T0,STATE BANK OF INDIA,INE062A01020,1,100,0,0,1,1,1396051200,0,0,1457715596,N
2026-03-11,756131,SBIN,TL,STATE BANK OF INDIA,INE062A01020,999999999,100,0,0,1,0,1430611200,0,0,1457717805,N
2026-03-11,20521,SBIN,U2,BOND 9.50% PA SERIES 2,INE062A08025,1,1000000,2,0,3,0,973987200,0,0,1298742279,Y
2026-03-11,22351,SBIN,U3,BOND 9.75% PA RET. S3,INE062A08033,1,1000000,2,0,1,0,985305600,0,0,1457715596,N
2026-03-11,22353,SBIN,U4,BOND 9.30% PA NON RET. S3,INE062A08041,1,1000000,2,0,1,0,985305600,0,0,1457715596,N
2026-03-11,22355,SBIN,U5,BOND 9.95% PA RET. S4,INE062A08058,1,1000000,2,0,3,0,985305600,0,0,1301159429,Y
2026-03-11,22357,SBIN,U6,BOND 9.45% PA NON RET. S4,INE062A08066,1,1000000,2,0,3,0,985305600,0,0,1301159429,Y
2026-03-12,11107,HDFCBANK,AF,HDFC BANK LTD,INE040A01034,1,100,0,0,1,0,1248566400,0,0,1457802323,N
2026-03-12,4813,HDFCBANK,BE,HDFC BANK-DEPO. SETT.,INE040A01034,1,100,0,0,1,0,551059200,0,0,1457802323,N
2026-03-12,12431,HDFCBANK,BL,HDFC BANK LTD,INE040A01034,999999999,100,0,0,1,0,816220800,0,0,1457802323,N
2026-03-12,1333,HDFCBANK,EQ,HDFC BANK LTD,INE040A01034,1,100,0,0,6,1,500256000,0,0,1457805569,N
2026-03-12,27835,HDFCBANK,IQ,HDFC BANK LTD.,INE040A01034,1,200,0,0,1,0,1029369600,0,0,1457800638,N
2026-03-12,17321,HDFCBANK,K3,HDFC BANK LIMITED,INE040A13013,600,55725,3,0,3,0,1374019200,0,0,1377280986,Y
2026-03-12,15854,HDFCBANK,RL,HDFC BANK LTD,INE040A01034,1,100,0,0,1,0,893203200,0,0,1457802323,N
2026-03-12,757205,HDFCBANK,T0,HDFC BANK LTD,INE040A01034,1,100,0,0,1,1,1433030400,0,0,1457800641,N
2026-03-12,757206,HDFCBANK,TL,HDFC BANK LTD,INE040A01034,999999999,100,0,0,1,0,1433030400,0,0,1457802323,N
2026-03-12,17320,HDFCBANK,W3,HDFC BANK LIMITED,INE040A13013,600,55725,3,0,3,0,1374019200,0,0,1377280986,Y
2026-03-12,11111,ICICIBANK,AF,ICICI BANK LTD.,INE090A01021,1,200,0,0,1,0,1248566400,0,0,1457803850,N
2026-03-12,4967,ICICIBANK,BE,ICICI BANK LTD DEPO SETT,INE090A01021,1,200,0,0,1,0,559526400,0,0,1457803849,N
2026-03-12,12458,ICICIBANK,BL,ICICI BANK LTD.,INE090A01021,999999999,200,0,0,1,0,816220800,0,0,1457802355,N
2026-03-12,4963,ICICIBANK,EQ,ICICI BANK LTD.,INE090A01021,1,200,0,0,6,1,559526400,0,0,1457805569,N
2026-03-12,27885,ICICIBANK,IQ,ICICI BANK LTD.,INE090A01021,1,1000,0,0,1,0,1029369600,0,0,1457800638,N
2026-03-12,15897,ICICIBANK,RL,ICICI BANK LTD.,INE090A01021,1,200,0,0,1,0,893203200,0,0,1457803850,N
2026-03-12,757217,ICICIBANK,T0,ICICI BANK LTD.,INE090A01021,1,200,0,0,1,1,1433030400,0,0,1457803852,N
2026-03-12,757218,ICICIBANK,TL,ICICI BANK LTD.,INE090A01021,999999999,200,0,0,1,0,1433030400,0,0,1457802355,N
2026-03-12,11117,LT,AF,LARSEN & TOUBRO LTD.,INE018A01030,1,200,0,0,1,0,1248566400,0,0,1457803850,N
2026-03-12,11484,LT,BE,LARSEN & TOUBRO LTD.,INE018A01030,1,200,0,0,1,0,772416000,0,0,1457803850,N
2026-03-12,12562,LT,BL,LARSEN & TOUBRO LTD.,INE018A01030,999999999,200,0,0,1,0,816220800,0,0,1457802363,N
2026-03-12,11483,LT,EQ,LARSEN & TOUBRO LTD.,INE018A01030,1,200,0,0,6,1,772416000,0,0,1457805569,N
2026-03-12,28092,LT,IQ,LARSEN & TOUBRO LIMITED,INE018A01030,1,200,0,0,1,0,1029369600,0,0,1457803851,N
2026-03-12,16070,LT,RL,LARSEN & TOUBRO LTD.,INE018A01030,1,200,0,0,1,0,893203200,0,0,1457803850,N
2026-03-12,757249,LT,T0,LARSEN & TOUBRO LTD.,INE018A01030,1,200,0,0,1,1,1433030400,0,0,1457803852,N
2026-03-12,757250,LT,TL,LARSEN & TOUBRO LTD.,INE018A01030,999999999,200,0,0,1,0,1433030400,0,0,1457802363,N
2026-03-12,11139,RELIANCE,AF,RELIANCE INDUSTRIES LTD,INE002A01018,1,1000,0,0,1,0,1248566400,0,0,1457802352,N
2026-03-12,4615,RELIANCE,BE,RELIANCE IND DEPO-SETT,INE002A01018,1,1000,0,0,1,0,502070400,0,0,1457802352,N
2026-03-12,12713,RELIANCE,BL,RELIANCE INDUSTRIES LTD,INE002A01018,999999999,1000,0,0,1,0,816220800,0,0,1457802352,N
2026-03-12,2885,RELIANCE,EQ,RELIANCE INDUSTRIES LTD,INE002A01018,1,1000,0,0,6,1,502070400,0,0,1457805570,N
2026-03-12,28389,RELIANCE,IQ,RELIANCE INDUSTRIES LTD,INE002A01018,1,1000,0,0,1,0,1029369600,0,0,1457803851,N
2026-03-12,16328,RELIANCE,RL,RELIANCE INDUSTRIES LTD,INE002A01018,1,1000,0,0,1,0,893203200,0,0,1457802352,N
2026-03-12,757287,RELIANCE,T0,RELIANCE INDUSTRIES LTD,INE002A01018,1,1000,0,0,1,1,1433030400,0,0,1457800641,N
2026-03-12,757288,RELIANCE,TL,RELIANCE INDUSTRIES LTD,INE002A01018,999999999,1000,0,0,1,0,1433030400,0,0,1457802352,N
2026-03-12,11128,SBIN,AF,STATE BANK OF INDIA,INE062A01020,1,100,0,0,1,0,1248566400,0,0,1457802352,N
2026-03-12,4884,SBIN,BE,SBIN - DEPO SETT,INE062A01020,1,100,0,0,1,0,554688000,0,0,1457802352,N
2026-03-12,12740,SBIN,BL,STATE BANK OF INDIA,INE062A01020,999999999,100,0,0,1,0,816220800,0,0,1457802352,N
2026-03-12,3045,SBIN,EQ,STATE BANK OF INDIA,INE062A01020,1,100,0,0,6,1,478483200,0,0,1457805570,N
2026-03-12,28450,SBIN,IQ,STATE BANK OF INDIA,INE062A01020,1,1000,0,0,1,0,1029369600,0,0,1457803851,N
2026-03-12,20520,SBIN,N2,BOND 9.50% PA SERIES 2,INE062A08025,1,1000000,2,0,3,0,973987200,0,0,1298742279,Y
2026-03-12,22350,SBIN,N3,BOND 9.75% PA RET. S3,INE062A08033,1,1000000,2,0,3,0,985305600,0,0,1340475767,Y
2026-03-12,22352,SBIN,N4,BOND 9.30% PA NON RET. S3,INE062A08041,1,1000000,2,0,3,0,985305600,0,0,1340475767,Y
2026-03-12,22354,SBIN,N5,BOND 9.95% PA RET. S4,INE062A08058,1,1000000,2,0,3,0,985305600,0,0,1301159429,Y
2026-03-12,22356,SBIN,N6,BOND 9.45% PA NON RET. S4,INE062A08066,1,1000000,2,0,3,0,985305600,0,0,1301159429,Y
2026-03-12,16382,SBIN,RL,STATE BANK OF INDIA,INE062A01020,1,100,0,0,1,0,893203200,0,0,1457802352,N
2026-03-12,23256,SBIN,T0,STATE BANK OF INDIA,INE062A01020,1,100,0,0,1,1,1396051200,0,0,1457800637,N
2026-03-12,756131,SBIN,TL,STATE BANK OF INDIA,INE062A01020,999999999,100,0,0,1,0,1430611200,0,0,1457802352,N
2026-03-12,20521,SBIN,U2,BOND 9.50% PA SERIES 2,INE062A08025,1,1000000,2,0,3,0,973987200,0,0,1298742279,Y
2026-03-12,22351,SBIN,U3,BOND 9.75% PA RET. S3,INE062A08033,1,1000000,2,0,1,0,985305600,0,0,1457800637,N
2026-03-12,22353,SBIN,U4,BOND 9.30% PA NON RET. S3,INE062A08041,1,1000000,2,0,1,0,985305600,0,0,1457800637,N
2026-03-12,22355,SBIN,U5,BOND 9.95% PA RET. S4,INE062A08058,1,1000000,2,0,3,0,985305600,0,0,1301159429,Y
2026-03-12,22357,SBIN,U6,BOND 9.45% PA NON RET. S4,INE062A08066,1,1000000,2,0,3,0,985305600,0,0,1301159429,Y
2026-03-13,11107,HDFCBANK,AF,HDFC BANK LTD,INE040A01034,1,100,0,0,1,0,1248566400,0,0,1457888644,N
2026-03-13,4813,HDFCBANK,BE,HDFC BANK-DEPO. SETT.,INE040A01034,1,100,0,0,1,0,551059200,0,0,1457888644,N
2026-03-13,12431,HDFCBANK,BL,HDFC BANK LTD,INE040A01034,999999999,100,0,0,1,0,816220800,0,0,1457888644,N
2026-03-13,1333,HDFCBANK,EQ,HDFC BANK LTD,INE040A01034,1,100,0,0,6,1,500256000,0,0,1457897926,N
2026-03-13,27835,HDFCBANK,IQ,HDFC BANK LTD.,INE040A01034,1,200,0,0,1,0,1029369600,0,0,1457889126,N
2026-03-13,17321,HDFCBANK,K3,HDFC BANK LIMITED,INE040A13013,600,55725,3,0,3,0,1374019200,0,0,1377280986,Y
2026-03-13,15854,HDFCBANK,RL,HDFC BANK LTD,INE040A01034,1,100,0,0,1,0,893203200,0,0,1457888644,N
2026-03-13,757205,HDFCBANK,T0,HDFC BANK LTD,INE040A01034,1,100,0,0,1,1,1433030400,0,0,1457887133,N
2026-03-13,757206,HDFCBANK,TL,HDFC BANK LTD,INE040A01034,999999999,100,0,0,1,0,1433030400,0,0,1457888644,N
2026-03-13,17320,HDFCBANK,W3,HDFC BANK LIMITED,INE040A13013,600,55725,3,0,3,0,1374019200,0,0,1377280986,Y
2026-03-13,11111,ICICIBANK,AF,ICICI BANK LTD.,INE090A01021,1,200,0,0,1,0,1248566400,0,0,1457888651,N
2026-03-13,4967,ICICIBANK,BE,ICICI BANK LTD DEPO SETT,INE090A01021,1,200,0,0,1,0,559526400,0,0,1457888651,N
2026-03-13,12458,ICICIBANK,BL,ICICI BANK LTD.,INE090A01021,999999999,200,0,0,1,0,816220800,0,0,1457888651,N
2026-03-13,4963,ICICIBANK,EQ,ICICI BANK LTD.,INE090A01021,1,200,0,0,6,1,559526400,0,0,1457897926,N
2026-03-13,27885,ICICIBANK,IQ,ICICI BANK LTD.,INE090A01021,1,1000,0,0,1,0,1029369600,0,0,1457889126,N
2026-03-13,15897,ICICIBANK,RL,ICICI BANK LTD.,INE090A01021,1,200,0,0,1,0,893203200,0,0,1457888651,N
2026-03-13,757217,ICICIBANK,T0,ICICI BANK LTD.,INE090A01021,1,200,0,0,1,1,1433030400,0,0,1457887133,N
2026-03-13,757218,ICICIBANK,TL,ICICI BANK LTD.,INE090A01021,999999999,200,0,0,1,0,1433030400,0,0,1457888651,N
2026-03-13,11117,LT,AF,LARSEN & TOUBRO LTD.,INE018A01030,1,200,0,0,1,0,1248566400,0,0,1457889125,N
2026-03-13,11484,LT,BE,LARSEN & TOUBRO LTD.,INE018A01030,1,200,0,0,1,0,772416000,0,0,1457889125,N
2026-03-13,12562,LT,BL,LARSEN & TOUBRO LTD.,INE018A01030,999999999,200,0,0,1,0,816220800,0,0,1457888659,N
2026-03-13,11483,LT,EQ,LARSEN & TOUBRO LTD.,INE018A01030,1,200,0,0,6,1,772416000,0,0,1457897926,N
2026-03-13,28092,LT,IQ,LARSEN & TOUBRO LIMITED,INE018A01030,1,200,0,0,1,0,1029369600,0,0,1457889126,N
2026-03-13,16070,LT,RL,LARSEN & TOUBRO LTD.,INE018A01030,1,200,0,0,1,0,893203200,0,0,1457889125,N
2026-03-13,757249,LT,T0,LARSEN & TOUBRO LTD.,INE018A01030,1,200,0,0,1,1,1433030400,0,0,1457889126,N
2026-03-13,757250,LT,TL,LARSEN & TOUBRO LTD.,INE018A01030,999999999,200,0,0,1,0,1433030400,0,0,1457888659,N
2026-03-13,11139,RELIANCE,AF,RELIANCE INDUSTRIES LTD,INE002A01018,1,1000,0,0,1,0,1248566400,0,0,1457888647,N
2026-03-13,4615,RELIANCE,BE,RELIANCE IND DEPO-SETT,INE002A01018,1,1000,0,0,1,0,502070400,0,0,1457888647,N
2026-03-13,12713,RELIANCE,BL,RELIANCE INDUSTRIES LTD,INE002A01018,999999999,1000,0,0,1,0,816220800,0,0,1457888647,N
2026-03-13,2885,RELIANCE,EQ,RELIANCE INDUSTRIES LTD,INE002A01018,1,1000,0,0,6,1,502070400,0,0,1457897926,N
2026-03-13,28389,RELIANCE,IQ,RELIANCE INDUSTRIES LTD,INE002A01018,1,1000,0,0,1,0,1029369600,0,0,1457887130,N
2026-03-13,16328,RELIANCE,RL,RELIANCE INDUSTRIES LTD,INE002A01018,1,1000,0,0,1,0,893203200,0,0,1457888647,N
2026-03-13,757287,RELIANCE,T0,RELIANCE INDUSTRIES LTD,INE002A01018,1,1000,0,0,1,1,1433030400,0,0,1457887133,N
2026-03-13,757288,RELIANCE,TL,RELIANCE INDUSTRIES LTD,INE002A01018,999999999,1000,0,0,1,0,1433030400,0,0,1457888647,N
2026-03-13,11128,SBIN,AF,STATE BANK OF INDIA,INE062A01020,1,100,0,0,1,0,1248566400,0,0,1457889125,N
2026-03-13,4884,SBIN,BE,SBIN - DEPO SETT,INE062A01020,1,100,0,0,1,0,554688000,0,0,1457889124,N
2026-03-13,12740,SBIN,BL,STATE BANK OF INDIA,INE062A01020,999999999,100,0,0,1,0,816220800,0,0,1457888648,N
2026-03-13,3045,SBIN,EQ,STATE BANK OF INDIA,INE062A01020,1,100,0,0,6,1,478483200,0,0,1457897926,N
2026-03-13,28450,SBIN,IQ,STATE BANK OF INDIA,INE062A01020,1,1000,0,0,1,0,1029369600,0,0,1457889126,N
2026-03-13,20520,SBIN,N2,BOND 9.50% PA SERIES 2,INE062A08025,1,1000000,2,0,3,0,973987200,0,0,1298742279,Y
2026-03-13,22350,SBIN,N3,BOND 9.75% PA RET. S3,INE062A08033,1,1000000,2,0,3,0,985305600,0,0,1340475767,Y
2026-03-13,22352,SBIN,N4,BOND 9.30% PA NON RET. S3,INE062A08041,1,1000000,2,0,3,0,985305600,0,0,1340475767,Y
2026-03-13,22354,SBIN,N5,BOND 9.95% PA RET. S4,INE062A08058,1,1000000,2,0,3,0,985305600,0,0,1301159429,Y
2026-03-13,22356,SBIN,N6,BOND 9.45% PA NON RET. S4,INE062A08066,1,1000000,2,0,3,0,985305600,0,0,1301159429,Y
2026-03-13,16382,SBIN,RL,STATE BANK OF INDIA,INE062A01020,1,100,0,0,1,0,893203200,0,0,1457889125,N
2026-03-13,23256,SBIN,T0,STATE BANK OF INDIA,INE062A01020,1,100,0,0,1,1,1396051200,0,0,1457889126,N
2026-03-13,756131,SBIN,TL,STATE BANK OF INDIA,INE062A01020,999999999,100,0,0,1,0,1430611200,0,0,1457888648,N
2026-03-13,20521,SBIN,U2,BOND 9.50% PA SERIES 2,INE062A08025,1,1000000,2,0,3,0,973987200,0,0,1298742279,Y
2026-03-13,22351,SBIN,U3,BOND 9.75% PA RET. S3,INE062A08033,1,1000000,2,0,1,0,985305600,0,0,1457887129,N
2026-03-13,22353,SBIN,U4,BOND 9.30% PA NON RET. S3,INE062A08041,1,1000000,2,0,1,0,985305600,0,0,1457887129,N
2026-03-13,22355,SBIN,U5,BOND 9.95% PA RET. S4,INE062A08058,1,1000000,2,0,3,0,985305600,0,0,1301159429,Y
2026-03-13,22357,SBIN,U6,BOND 9.45% PA NON RET. S4,INE062A08066,1,1000000,2,0,3,0,985305600,0,0,1301159429,Y
2026-03-16,11107,HDFCBANK,AF,HDFC BANK LTD,INE040A01034,1,100,0,0,1,0,1248566400,0,0,1458148960,N
2026-03-16,4813,HDFCBANK,BE,HDFC BANK-DEPO. SETT.,INE040A01034,1,100,0,0,1,0,551059200,0,0,1458148960,N
2026-03-16,12431,HDFCBANK,BL,HDFC BANK LTD,INE040A01034,999999999,100,0,0,1,0,816220800,0,0,1458148960,N
2026-03-16,1333,HDFCBANK,EQ,HDFC BANK LTD,INE040A01034,1,100,0,0,6,1,500256000,0,0,1458154994,N
2026-03-16,27835,HDFCBANK,IQ,HDFC BANK LTD.,INE040A01034,1,200,0,0,1,0,1029369600,0,0,1458149366,N
2026-03-16,17321,HDFCBANK,K3,HDFC BANK LIMITED,INE040A13013,600,55725,3,0,3,0,1374019200,0,0,1377280986,Y
2026-03-16,15854,HDFCBANK,RL,HDFC BANK LTD,INE040A01034,1,100,0,0,1,0,893203200,0,0,1458148960,N
2026-03-16,757205,HDFCBANK,T0,HDFC BANK LTD,INE040A01034,1,100,0,0,1,1,1433030400,0,0,1458146250,N
2026-03-16,757206,HDFCBANK,TL,HDFC BANK LTD,INE040A01034,999999999,100,0,0,1,0,1433030400,0,0,1458148960,N
2026-03-16,17320,HDFCBANK,W3,HDFC BANK LIMITED,INE040A13013,600,55725,3,0,3,0,1374019200,0,0,1377280986,Y
2026-03-16,11111,ICICIBANK,AF,ICICI BANK LTD.,INE090A01021,1,200,0,0,1,0,1248566400,0,0,1458149364,N
2026-03-16,4967,ICICIBANK,BE,ICICI BANK LTD DEPO SETT,INE090A01021,1,200,0,0,1,0,559526400,0,0,1458149364,N
2026-03-16,12458,ICICIBANK,BL,ICICI BANK LTD.,INE090A01021,999999999,200,0,0,1,0,816220800,0,0,1458148992,N
2026-03-16,4963,ICICIBANK,EQ,ICICI BANK LTD.,INE090A01021,1,200,0,0,6,1,559526400,0,0,1458154994,N
2026-03-16,27885,ICICIBANK,IQ,ICICI BANK LTD.,INE090A01021,1,1000,0,0,1,0,1029369600,0,0,1458149366,N
2026-03-16,15897,ICICIBANK,RL,ICICI BANK LTD.,INE090A01021,1,200,0,0,1,0,893203200,0,0,1458149365,N
2026-03-16,757217,ICICIBANK,T0,ICICI BANK LTD.,INE090A01021,1,200,0,0,1,1,1433030400,0,0,1458149366,N
2026-03-16,757218,ICICIBANK,TL,ICICI BANK LTD.,INE090A01021,999999999,200,0,0,1,0,1433030400,0,0,1458148992,N
2026-03-16,11117,LT,AF,LARSEN & TOUBRO LTD.,INE018A01030,1,200,0,0,1,0,1248566400,0,0,1458149364,N
2026-03-16,11484,LT,BE,LARSEN & TOUBRO LTD.,INE018A01030,1,200,0,0,1,0,772416000,0,0,1458149364,N
2026-03-16,12562,LT,BL,LARSEN & TOUBRO LTD.,INE018A01030,999999999,200,0,0,1,0,816220800,0,0,1458149000,N
2026-03-16,11483,LT,EQ,LARSEN & TOUBRO LTD.,INE018A01030,1,200,0,0,6,1,772416000,0,0,1458154995,N
2026-03-16,28092,LT,IQ,LARSEN & TOUBRO LIMITED,INE018A01030,1,200,0,0,1,0,1029369600,0,0,1458149366,N
2026-03-16,16070,LT,RL,LARSEN & TOUBRO LTD.,INE018A01030,1,200,0,0,1,0,893203200,0,0,1458149365,N
2026-03-16,757249,LT,T0,LARSEN & TOUBRO LTD.,INE018A01030,1,200,0,0,1,1,1433030400,0,0,1458149366,N
2026-03-16,757250,LT,TL,LARSEN & TOUBRO LTD.,INE018A01030,999999999,200,0,0,1,0,1433030400,0,0,1458149000,N
2026-03-16,11139,RELIANCE,AF,RELIANCE INDUSTRIES LTD,INE002A01018,1,1000,0,0,1,0,1248566400,0,0,1458148988,N
2026-03-16,4615,RELIANCE,BE,RELIANCE IND DEPO-SETT,INE002A01018,1,1000,0,0,1,0,502070400,0,0,1458148988,N
2026-03-16,12713,RELIANCE,BL,RELIANCE INDUSTRIES LTD,INE002A01018,999999999,1000,0,0,1,0,816220800,0,0,1458148988,N
2026-03-16,2885,RELIANCE,EQ,RELIANCE INDUSTRIES LTD,INE002A01018,1,1000,0,0,6,1,502070400,0,0,1458154995,N
2026-03-16,28389,RELIANCE,IQ,RELIANCE INDUSTRIES LTD,INE002A01018,1,1000,0,0,1,0,1029369600,0,0,1458146247,N
2026-03-16,16328,RELIANCE,RL,RELIANCE INDUSTRIES LTD,INE002A01018,1,1000,0,0,1,0,893203200,0,0,1458148988,N
2026-03-16,757287,RELIANCE,T0,RELIANCE INDUSTRIES LTD,INE002A01018,1,1000,0,0,1,1,1433030400,0,0,1458146250,N
2026-03-16,757288,RELIANCE,TL,RELIANCE INDUSTRIES LTD,INE002A01018,999999999,1000,0,0,1,0,1433030400,0,0,1458148988,N
2026-03-16,11128,SBIN,AF,STATE BANK OF INDIA,INE062A01020,1,100,0,0,1,0,1248566400,0,0,1458148989,N
2026-03-16,4884,SBIN,BE,SBIN - DEPO SETT,INE062A01020,1,100,0,0,1,0,554688000,0,0,1458148989,N
2026-03-16,12740,SBIN,BL,STATE BANK OF INDIA,INE062A01020,999999999,100,0,0,1,0,816220800,0,0,1458148989,N
2026-03-16,3045,SBIN,EQ,STATE BANK OF INDIA,INE062A01020,1,100,0,0,6,1,478483200,0,0,1458154995,N
2026-03-16,28450,SBIN,IQ,STATE BANK OF INDIA,INE062A01020,1,1000,0,0,1,0,1029369600,0,0,1458149366,N
2026-03-16,20520,SBIN,N2,BOND 9.50% PA SERIES 2,INE062A08025,1,1000000,2,0,3,0,973987200,0,0,1298742279,Y
2026-03-16,22350,SBIN,N3,BOND 9.75% PA RET. S3,INE062A08033,1,1000000,2,0,3,0,985305600,0,0,1340475767,Y
2026-03-16,22352,SBIN,N4,BOND 9.30% PA NON RET. S3,INE062A08041,1,1000000,2,0,3,0,985305600,0,0,1340475767,Y
2026-03-16,22354,SBIN,N5,BOND 9.95% PA RET. S4,INE062A08058,1,1000000,2,0,3,0,985305600,0,0,1301159429,Y
2026-03-16,22356,SBIN,N6,BOND 9.45% PA NON RET. S4,INE062A08066,1,1000000,2,0,3,0,985305600,0,0,1301159429,Y
2026-03-16,16382,SBIN,RL,STATE BANK OF INDIA,INE062A01020,1,100,0,0,1,0,893203200,0,0,1458148989,N
2026-03-16,23256,SBIN,T0,STATE BANK OF INDIA,INE062A01020,1,100,0,0,1,1,1396051200,0,0,1458146246,N
2026-03-16,756131,SBIN,TL,STATE BANK OF INDIA,INE062A01020,999999999,100,0,0,1,0,1430611200,0,0,1458148989,N
2026-03-16,20521,SBIN,U2,BOND 9.50% PA SERIES 2,INE062A08025,1,1000000,2,0,3,0,973987200,0,0,1298742279,Y
2026-03-16,22351,SBIN,U3,BOND 9.75% PA RET. S3,INE062A08033,1,1000000,2,0,1,0,985305600,0,0,1458146246,N
2026-03-16,22353,SBIN,U4,BOND 9.30% PA NON RET. S3,INE062A08041,1,1000000,2,0,1,0,985305600,0,0,1458146246,N
2026-03-16,22355,SBIN,U5,BOND 9.95% PA RET. S4,INE062A08058,1,1000000,2,0,3,0,985305600,0,0,1301159429,Y
2026-03-16,22357,SBIN,U6,BOND 9.45% PA NON RET. S4,INE062A08066,1,1000000,2,0,3,0,985305600,0,0,1301159429,Y
2026-03-17,11107,HDFCBANK,AF,HDFC BANK LTD,INE040A01034,1,100,0,0,1,0,1248566400,0,0,1458234892,N
2026-03-17,4813,HDFCBANK,BE,HDFC BANK-DEPO. SETT.,INE040A01034,1,100,0,0,1,0,551059200,0,0,1458234892,N
2026-03-17,12431,HDFCBANK,BL,HDFC BANK LTD,INE040A01034,999999999,100,0,0,1,0,816220800,0,0,1458234892,N
2026-03-17,1333,HDFCBANK,EQ,HDFC BANK LTD,INE040A01034,1,100,0,0,6,1,500256000,0,0,1458238600,N
2026-03-17,27835,HDFCBANK,IQ,HDFC BANK LTD.,INE040A01034,1,200,0,0,1,0,1029369600,0,0,1458235381,N
2026-03-17,17321,HDFCBANK,K3,HDFC BANK LIMITED,INE040A13013,600,55725,3,0,3,0,1374019200,0,0,1377280986,Y
2026-03-17,15854,HDFCBANK,RL,HDFC BANK LTD,INE040A01034,1,100,0,0,1,0,893203200,0,0,1458234892,N
2026-03-17,757205,HDFCBANK,T0,HDFC BANK LTD,INE040A01034,1,100,0,0,1,1,1433030400,0,0,1458232883,N
2026-03-17,757206,HDFCBANK,TL,HDFC BANK LTD,INE040A01034,999999999,100,0,0,1,0,1433030400,0,0,1458234892,N
2026-03-17,17320,HDFCBANK,W3,HDFC BANK LIMITED,INE040A13013,600,55725,3,0,3,0,1374019200,0,0,1377280986,Y
2026-03-17,11111,ICICIBANK,AF,ICICI BANK LTD.,INE090A01021,1,200,0,0,1,0,1248566400,0,0,1458234924,N
2026-03-17,4967,ICICIBANK,BE,ICICI BANK LTD DEPO SETT,INE090A01021,1,200,0,0,1,0,559526400,0,0,1458234924,N
2026-03-17,12458,ICICIBANK,BL,ICICI BANK LTD.,INE090A01021,999999999,200,0,0,1,0,816220800,0,0,1458234924,N
2026-03-17,4963,ICICIBANK,EQ,ICICI BANK LTD.,INE090A01021,1,200,0,0,6,1,559526400,0,0,1458238600,N
2026-03-17,27885,ICICIBANK,IQ,ICICI BANK LTD.,INE090A01021,1,1000,0,0,1,0,1029369600,0,0,1458235381,N
2026-03-17,15897,ICICIBANK,RL,ICICI BANK LTD.,INE090A01021,1,200,0,0,1,0,893203200,0,0,1458234924,N
2026-03-17,757217,ICICIBANK,T0,ICICI BANK LTD.,INE090A01021,1,200,0,0,1,1,1433030400,0,0,1458232883,N
2026-03-17,757218,ICICIBANK,TL,ICICI BANK LTD.,INE090A01021,999999999,200,0,0,1,0,1433030400,0,0,1458234924,N
2026-03-17,11117,LT,AF,LARSEN & TOUBRO LTD.,INE018A01030,1,200,0,0,1,0,1248566400,0,0,1458234932,N
2026-03-17,11484,LT,BE,LARSEN & TOUBRO LTD.,INE018A01030,1,200,0,0,1,0,772416000,0,0,1458234932,N
2026-03-17,12562,LT,BL,LARSEN & TOUBRO LTD.,INE018A01030,999999999,200,0,0,1,0,816220800,0,0,1458234932,N
2026-03-17,11483,LT,EQ,LARSEN & TOUBRO LTD.,INE018A01030,1,200,0,0,6,1,772416000,0,0,1458238600,N
2026-03-17,28092,LT,IQ,LARSEN & TOUBRO LIMITED,INE018A01030,1,200,0,0,1,0,1029369600,0,0,1458235381,N
2026-03-17,16070,LT,RL,LARSEN & TOUBRO LTD.,INE018A01030,1,200,0,0,1,0,893203200,0,0,1458234932,N
2026-03-17,757249,LT,T0,LARSEN & TOUBRO LTD.,INE018A01030,1,200,0,0,1,1,1433030400,0,0,1458232883,N
2026-03-17,757250,LT,TL,LARSEN & TOUBRO LTD.,INE018A01030,999999999,200,0,0,1,0,1433030400,0,0,1458234932,N
2026-03-17,11139,RELIANCE,AF,RELIANCE INDUSTRIES LTD,INE002A01018,1,1000,0,0,1,0,1248566400,0,0,1458234921,N
2026-03-17,4615,RELIANCE,BE,RELIANCE IND DEPO-SETT,INE002A01018,1,1000,0,0,1,0,502070400,0,0,1458234921,N
2026-03-17,12713,RELIANCE,BL,RELIANCE INDUSTRIES LTD,INE002A01018,999999999,1000,0,0,1,0,816220800,0,0,1458234921,N
2026-03-17,2885,RELIANCE,EQ,RELIANCE INDUSTRIES LTD,INE002A01018,1,1000,0,0,6,1,502070400,0,0,1458238600,N
2026-03-17,28389,RELIANCE,IQ,RELIANCE INDUSTRIES LTD,INE002A01018,1,1000,0,0,1,0,1029369600,0,0,1458232880,N
2026-03-17,16328,RELIANCE,RL,RELIANCE INDUSTRIES LTD,INE002A01018,1,1000,0,0,1,0,893203200,0,0,1458234921,N
2026-03-17,757287,RELIANCE,T0,RELIANCE INDUSTRIES LTD,INE002A01018,1,1000,0,0,1,1,1433030400,0,0,1458232883,N
2026-03-17,757288,RELIANCE,TL,RELIANCE INDUSTRIES LTD,INE002A01018,999999999,1000,0,0,1,0,1433030400,0,0,1458234921,N
2026-03-17,11128,SBIN,AF,STATE BANK OF INDIA,INE062A01020,1,100,0,0,1,0,1248566400,0,0,1458234921,N
2026-03-17,4884,SBIN,BE,SBIN - DEPO SETT,INE062A01020,1,100,0,0,1,0,554688000,0,0,1458234921,N
2026-03-17,12740,SBIN,BL,STATE BANK OF INDIA,INE062A01020,999999999,100,0,0,1,0,816220800,0,0,1458234921,N
2026-03-17,3045,SBIN,EQ,STATE BANK OF INDIA,INE062A01020,1,100,0,0,6,1,478483200,0,0,1458238600,N
2026-03-17,28450,SBIN,IQ,STATE BANK OF INDIA,INE062A01020,1,1000,0,0,1,0,1029369600,0,0,1458235381,N
2026-03-17,20520,SBIN,N2,BOND 9.50% PA SERIES 2,INE062A08025,1,1000000,2,0,3,0,973987200,0,0,1298742279,Y
2026-03-17,22350,SBIN,N3,BOND 9.75% PA RET. S3,INE062A08033,1,1000000,2,0,3,0,985305600,0,0,1340475767,Y
2026-03-17,22352,SBIN,N4,BOND 9.30% PA NON RET. S3,INE062A08041,1,1000000,2,0,3,0,985305600,0,0,1340475767,Y
2026-03-17,22354,SBIN,N5,BOND 9.95% PA RET. S4,INE062A08058,1,1000000,2,0,3,0,985305600,0,0,1301159429,Y
2026-03-17,22356,SBIN,N6,BOND 9.45% PA NON RET. S4,INE062A08066,1,1000000,2,0,3,0,985305600,0,0,1301159429,Y
2026-03-17,16382,SBIN,RL,STATE BANK OF INDIA,INE062A01020,1,100,0,0,1,0,893203200,0,0,1458234921,N
2026-03-17,23256,SBIN,T0,STATE BANK OF INDIA,INE062A01020,1,100,0,0,1,1,1396051200,0,0,1458232879,N
2026-03-17,756131,SBIN,TL,STATE BANK OF INDIA,INE062A01020,999999999,100,0,0,1,0,1430611200,0,0,1458234921,N
2026-03-17,20521,SBIN,U2,BOND 9.50% PA SERIES 2,INE062A08025,1,1000000,2,0,3,0,973987200,0,0,1298742279,Y
2026-03-17,22351,SBIN,U3,BOND 9.75% PA RET. S3,INE062A08033,1,1000000,2,0,1,0,985305600,0,0,1458232879,N
2026-03-17,22353,SBIN,U4,BOND 9.30% PA NON RET. S3,INE062A08041,1,1000000,2,0,1,0,985305600,0,0,1458232879,N
2026-03-17,22355,SBIN,U5,BOND 9.95% PA RET. S4,INE062A08058,1,1000000,2,0,3,0,985305600,0,0,1301159429,Y
2026-03-17,22357,SBIN,U6,BOND 9.45% PA NON RET. S4,INE062A08066,1,1000000,2,0,3,0,985305600,0,0,1301159429,Y
2026-03-18,11107,HDFCBANK,AF,HDFC BANK LTD,INE040A01034,1,100,0,0,1,0,1248566400,0,0,1458321037,N
2026-03-18,4813,HDFCBANK,BE,HDFC BANK-DEPO. SETT.,INE040A01034,1,100,0,0,1,0,551059200,0,0,1458321037,N
2026-03-18,12431,HDFCBANK,BL,HDFC BANK LTD,INE040A01034,999999999,100,0,0,1,0,816220800,0,0,1458321037,N
2026-03-18,1333,HDFCBANK,EQ,HDFC BANK LTD,INE040A01034,1,100,0,0,6,1,500256000,0,0,1458325166,N
2026-03-18,27835,HDFCBANK,IQ,HDFC BANK LTD.,INE040A01034,1,200,0,0,1,0,1029369600,0,0,1458319122,N
2026-03-18,17321,HDFCBANK,K3,HDFC BANK LIMITED,INE040A13013,600,55725,3,0,3,0,1374019200,0,0,1377280986,Y
2026-03-18,15854,HDFCBANK,RL,HDFC BANK LTD,INE040A01034,1,100,0,0,1,0,893203200,0,0,1458321037,N
2026-03-18,757205,HDFCBANK,T0,HDFC BANK LTD,INE040A01034,1,100,0,0,1,1,1433030400,0,0,1458319125,N
2026-03-18,757206,HDFCBANK,TL,HDFC BANK LTD,INE040A01034,999999999,100,0,0,1,0,1433030400,0,0,1458321037,N
2026-03-18,17320,HDFCBANK,W3,HDFC BANK LIMITED,INE040A13013,600,55725,3,0,3,0,1374019200,0,0,1377280986,Y
2026-03-18,11111,ICICIBANK,AF,ICICI BANK LTD.,INE090A01021,1,200,0,0,1,0,1248566400,0,0,1458321044,N
2026-03-18,4967,ICICIBANK,BE,ICICI BANK LTD DEPO SETT,INE090A01021,1,200,0,0,1,0,559526400,0,0,1458321044,N
2026-03-18,12458,ICICIBANK,BL,ICICI BANK LTD.,INE090A01021,999999999,200,0,0,1,0,816220800,0,0,1458321044,N
2026-03-18,4963,ICICIBANK,EQ,ICICI BANK LTD.,INE090A01021,1,200,0,0,6,1,559526400,0,0,1458325166,N
2026-03-18,27885,ICICIBANK,IQ,ICICI BANK LTD.,INE090A01021,1,1000,0,0,1,0,1029369600,0,0,1458322147,N
2026-03-18,15897,ICICIBANK,RL,ICICI BANK LTD.,INE090A01021,1,200,0,0,1,0,893203200,0,0,1458321044,N
2026-03-18,757217,ICICIBANK,T0,ICICI BANK LTD.,INE090A01021,1,200,0,0,1,1,1433030400,0,0,1458319125,N
2026-03-18,757218,ICICIBANK,TL,ICICI BANK LTD.,INE090A01021,999999999,200,0,0,1,0,1433030400,0,0,1458321044,N
2026-03-18,11117,LT,AF,LARSEN & TOUBRO LTD.,INE018A01030,1,200,0,0,1,0,1248566400,0,0,1458321053,N
2026-03-18,11484,LT,BE,LARSEN & TOUBRO LTD.,INE018A01030,1,200,0,0,1,0,772416000,0,0,1458321053,N
2026-03-18,12562,LT,BL,LARSEN & TOUBRO LTD.,INE018A01030,999999999,200,0,0,1,0,816220800,0,0,1458321053,N
2026-03-18,11483,LT,EQ,LARSEN & TOUBRO LTD.,INE018A01030,1,200,0,0,6,1,772416000,0,0,1458325167,N
2026-03-18,28092,LT,IQ,LARSEN & TOUBRO LIMITED,INE018A01030,1,200,0,0,1,0,1029369600,0,0,1458322148,N
2026-03-18,16070,LT,RL,LARSEN & TOUBRO LTD.,INE018A01030,1,200,0,0,1,0,893203200,0,0,1458321053,N
2026-03-18,757249,LT,T0,LARSEN & TOUBRO LTD.,INE018A01030,1,200,0,0,1,1,1433030400,0,0,1458319125,N
2026-03-18,757250,LT,TL,LARSEN & TOUBRO LTD.,INE018A01030,999999999,200,0,0,1,0,1433030400,0,0,1458321053,N
2026-03-18,11139,RELIANCE,AF,RELIANCE INDUSTRIES LTD,INE002A01018,1,1000,0,0,1,0,1248566400,0,0,1458321041,N
2026-03-18,4615,RELIANCE,BE,RELIANCE IND DEPO-SETT,INE002A01018,1,1000,0,0,1,0,502070400,0,0,1458321041,N
2026-03-18,12713,RELIANCE,BL,RELIANCE INDUSTRIES LTD,INE002A01018,999999999,1000,0,0,1,0,816220800,0,0,1458321041,N
2026-03-18,2885,RELIANCE,EQ,RELIANCE INDUSTRIES LTD,INE002A01018,1,1000,0,0,6,1,502070400,0,0,1458325167,N
2026-03-18,28389,RELIANCE,IQ,RELIANCE INDUSTRIES LTD,INE002A01018,1,1000,0,0,1,0,1029369600,0,0,1458319122,N
2026-03-18,16328,RELIANCE,RL,RELIANCE INDUSTRIES LTD,INE002A01018,1,1000,0,0,1,0,893203200,0,0,1458321041,N
2026-03-18,757287,RELIANCE,T0,RELIANCE INDUSTRIES LTD,INE002A01018,1,1000,0,0,1,1,1433030400,0,0,1458319125,N
2026-03-18,757288,RELIANCE,TL,RELIANCE INDUSTRIES LTD,INE002A01018,999999999,1000,0,0,1,0,1433030400,0,0,1458321041,N
2026-03-18,11128,SBIN,AF,STATE BANK OF INDIA,INE062A01020,1,100,0,0,1,0,1248566400,0,0,1458321041,N
2026-03-18,4884,SBIN,BE,SBIN - DEPO SETT,INE062A01020,1,100,0,0,1,0,554688000,0,0,1458321041,N
2026-03-18,12740,SBIN,BL,STATE BANK OF INDIA,INE062A01020,999999999,100,0,0,1,0,816220800,0,0,1458321041,N
2026-03-18,3045,SBIN,EQ,STATE BANK OF INDIA,INE062A01020,1,100,0,0,6,1,478483200,0,0,1458325167,N
2026-03-18,28450,SBIN,IQ,STATE BANK OF INDIA,INE062A01020,1,1000,0,0,1,0,1029369600,0,0,1458319122,N
2026-03-18,20520,SBIN,N2,BOND 9.50% PA SERIES 2,INE062A08025,1,1000000,2,0,3,0,973987200,0,0,1298742279,Y
2026-03-18,22350,SBIN,N3,BOND 9.75% PA RET. S3,INE062A08033,1,1000000,2,0,3,0,985305600,0,0,1340475767,Y
2026-03-18,22352,SBIN,N4,BOND 9.30% PA NON RET. S3,INE062A08041,1,1000000,2,0,3,0,985305600,0,0,1340475767,Y
2026-03-18,22354,SBIN,N5,BOND 9.95% PA RET. S4,INE062A08058,1,1000000,2,0,3,0,985305600,0,0,1301159429,Y
2026-03-18,22356,SBIN,N6,BOND 9.45% PA NON RET. S4,INE062A08066,1,1000000,2,0,3,0,985305600,0,0,1301159429,Y
2026-03-18,16382,SBIN,RL,STATE BANK OF INDIA,INE062A01020,1,100,0,0,1,0,893203200,0,0,1458321041,N
2026-03-18,23256,SBIN,T0,STATE BANK OF INDIA,INE062A01020,1,100,0,0,1,1,1396051200,0,0,1458319121,N
2026-03-18,756131,SBIN,TL,STATE BANK OF INDIA,INE062A01020,999999999,100,0,0,1,0,1430611200,0,0,1458321041,N
2026-03-18,20521,SBIN,U2,BOND 9.50% PA SERIES 2,INE062A08025,1,1000000,2,0,3,0,973987200,0,0,1298742279,Y
2026-03-18,22351,SBIN,U3,BOND 9.75% PA RET. S3,INE062A08033,1,1000000,2,0,1,0,985305600,0,0,1458319121,N
2026-03-18,22353,SBIN,U4,BOND 9.30% PA NON RET. S3,INE062A08041,1,1000000,2,0,1,0,985305600,0,0,1458319121,N
2026-03-18,22355,SBIN,U5,BOND 9.95% PA RET. S4,INE062A08058,1,1000000,2,0,3,0,985305600,0,0,1301159429,Y
2026-03-18,22357,SBIN,U6,BOND 9.45% PA NON RET. S4,INE062A08066,1,1000000,2,0,3,0,985305600,0,0,1301159429,Y
2026-03-19,11107,HDFCBANK,AF,HDFC BANK LTD,INE040A01034,1,100,0,0,1,0,1248566400,0,0,1458407510,N
2026-03-19,4813,HDFCBANK,BE,HDFC BANK-DEPO. SETT.,INE040A01034,1,100,0,0,1,0,551059200,0,0,1458407510,N
2026-03-19,12431,HDFCBANK,BL,HDFC BANK LTD,INE040A01034,999999999,100,0,0,1,0,816220800,0,0,1458407049,N
2026-03-19,1333,HDFCBANK,EQ,HDFC BANK LTD,INE040A01034,1,100,0,0,6,1,500256000,0,0,1458410915,N
2026-03-19,27835,HDFCBANK,IQ,HDFC BANK LTD.,INE040A01034,1,200,0,0,1,0,1029369600,0,0,1458407512,N
2026-03-19,17321,HDFCBANK,K3,HDFC BANK LIMITED,INE040A13013,600,55725,3,0,3,0,1374019200,0,0,1377280986,Y
2026-03-19,15854,HDFCBANK,RL,HDFC BANK LTD,INE040A01034,1,100,0,0,1,0,893203200,0,0,1458407511,N
2026-03-19,757205,HDFCBANK,T0,HDFC BANK LTD,INE040A01034,1,100,0,0,1,1,1433030400,0,0,1458407512,N
2026-03-19,757206,HDFCBANK,TL,HDFC BANK LTD,INE040A01034,999999999,100,0,0,1,0,1433030400,0,0,1458407049,N
2026-03-19,17320,HDFCBANK,W3,HDFC BANK LIMITED,INE040A13013,600,55725,3,0,3,0,1374019200,0,0,1377280986,Y
2026-03-19,11111,ICICIBANK,AF,ICICI BANK LTD.,INE090A01021,1,200,0,0,1,0,1248566400,0,0,1458407510,N
2026-03-19,4967,ICICIBANK,BE,ICICI BANK LTD DEPO SETT,INE090A01021,1,200,0,0,1,0,559526400,0,0,1458407510,N
2026-03-19,12458,ICICIBANK,BL,ICICI BANK LTD.,INE090A01021,999999999,200,0,0,1,0,816220800,0,0,1458407081,N
2026-03-19,4963,ICICIBANK,EQ,ICICI BANK LTD.,INE090A01021,1,200,0,0,6,1,559526400,0,0,1458410915,N
2026-03-19,27885,ICICIBANK,IQ,ICICI BANK LTD.,INE090A01021,1,1000,0,0,1,0,1029369600,0,0,1458405589,N
2026-03-19,15897,ICICIBANK,RL,ICICI BANK LTD.,INE090A01021,1,200,0,0,1,0,893203200,0,0,1458407511,N
2026-03-19,757217,ICICIBANK,T0,ICICI BANK LTD.,INE090A01021,1,200,0,0,1,1,1433030400,0,0,1458407512,N
2026-03-19,757218,ICICIBANK,TL,ICICI BANK LTD.,INE090A01021,999999999,200,0,0,1,0,1433030400,0,0,1458407081,N
2026-03-19,11117,LT,AF,LARSEN & TOUBRO LTD.,INE018A01030,1,200,0,0,1,0,1248566400,0,0,1458407510,N
2026-03-19,11484,LT,BE,LARSEN & TOUBRO LTD.,INE018A01030,1,200,0,0,1,0,772416000,0,0,1458407510,N
2026-03-19,12562,LT,BL,LARSEN & TOUBRO LTD.,INE018A01030,999999999,200,0,0,1,0,816220800,0,0,1458407089,N
2026-03-19,11483,LT,EQ,LARSEN & TOUBRO LTD.,INE018A01030,1,200,0,0,6,1,772416000,0,0,1458410915,N
2026-03-19,28092,LT,IQ,LARSEN & TOUBRO LIMITED,INE018A01030,1,200,0,0,1,0,1029369600,0,0,1458405589,N
2026-03-19,16070,LT,RL,LARSEN & TOUBRO LTD.,INE018A01030,1,200,0,0,1,0,893203200,0,0,1458407511,N
2026-03-19,757249,LT,T0,LARSEN & TOUBRO LTD.,INE018A01030,1,200,0,0,1,1,1433030400,0,0,1458407512,N
2026-03-19,757250,LT,TL,LARSEN & TOUBRO LTD.,INE018A01030,999999999,200,0,0,1,0,1433030400,0,0,1458407089,N
2026-03-19,11139,RELIANCE,AF,RELIANCE INDUSTRIES LTD,INE002A01018,1,1000,0,0,1,0,1248566400,0,0,1458407078,N
2026-03-19,4615,RELIANCE,BE,RELIANCE IND DEPO-SETT,INE002A01018,1,1000,0,0,1,0,502070400,0,0,1458407078,N
2026-03-19,12713,RELIANCE,BL,RELIANCE INDUSTRIES LTD,INE002A01018,999999999,1000,0,0,1,0,816220800,0,0,1458407078,N
2026-03-19,2885,RELIANCE,EQ,RELIANCE INDUSTRIES LTD,INE002A01018,1,1000,0,0,6,1,502070400,0,0,1458410915,N
2026-03-19,28389,RELIANCE,IQ,RELIANCE INDUSTRIES LTD,INE002A01018,1,1000,0,0,1,0,1029369600,0,0,1458407512,N
2026-03-19,16328,RELIANCE,RL,RELIANCE INDUSTRIES LTD,INE002A01018,1,1000,0,0,1,0,893203200,0,0,1458407078,N
2026-03-19,757287,RELIANCE,T0,RELIANCE INDUSTRIES LTD,INE002A01018,1,1000,0,0,1,1,1433030400,0,0,1458405592,N
2026-03-19,757288,RELIANCE,TL,RELIANCE INDUSTRIES LTD,INE002A01018,999999999,1000,0,0,1,0,1433030400,0,0,1458407078,N
2026-03-19,11128,SBIN,AF,STATE BANK OF INDIA,INE062A01020,1,100,0,0,1,0,1248566400,0,0,1458407078,N
2026-03-19,4884,SBIN,BE,SBIN - DEPO SETT,INE062A01020,1,100,0,0,1,0,554688000,0,0,1458407078,N
2026-03-19,12740,SBIN,BL,STATE BANK OF INDIA,INE062A01020,999999999,100,0,0,1,0,816220800,0,0,1458407078,N
2026-03-19,3045,SBIN,EQ,STATE BANK OF INDIA,INE062A01020,1,100,0,0,6,1,478483200,0,0,1458410915,N
2026-03-19,28450,SBIN,IQ,STATE BANK OF INDIA,INE062A01020,1,1000,0,0,1,0,1029369600,0,0,1458405589,N
2026-03-19,20520,SBIN,N2,BOND 9.50% PA SERIES 2,INE062A08025,1,1000000,2,0,3,0,973987200,0,0,1298742279,Y
2026-03-19,22350,SBIN,N3,BOND 9.75% PA RET. S3,INE062A08033,1,1000000,2,0,3,0,985305600,0,0,1340475767,Y
2026-03-19,22352,SBIN,N4,BOND 9.30% PA NON RET. S3,INE062A08041,1,1000000,2,0,3,0,985305600,0,0,1340475767,Y
2026-03-19,22354,SBIN,N5,BOND 9.95% PA RET. S4,INE062A08058,1,1000000,2,0,3,0,985305600,0,0,1301159429,Y
2026-03-19,22356,SBIN,N6,BOND 9.45% PA NON RET. S4,INE062A08066,1,1000000,2,0,3,0,985305600,0,0,1301159429,Y
2026-03-19,16382,SBIN,RL,STATE BANK OF INDIA,INE062A01020,1,100,0,0,1,0,893203200,0,0,1458407078,N
2026-03-19,23256,SBIN,T0,STATE BANK OF INDIA,INE062A01020,1,100,0,0,1,1,1396051200,0,0,1458405588,N
2026-03-19,756131,SBIN,TL,STATE BANK OF INDIA,INE062A01020,999999999,100,0,0,1,0,1430611200,0,0,1458407078,N
2026-03-19,20521,SBIN,U2,BOND 9.50% PA SERIES 2,INE062A08025,1,1000000,2,0,3,0,973987200,0,0,1298742279,Y
2026-03-19,22351,SBIN,U3,BOND 9.75% PA RET. S3,INE062A08033,1,1000000,2,0,1,0,985305600,0,0,1458405588,N
2026-03-19,22353,SBIN,U4,BOND 9.30% PA NON RET. S3,INE062A08041,1,1000000,2,0,1,0,985305600,0,0,1458405588,N
2026-03-19,22355,SBIN,U5,BOND 9.95% PA RET. S4,INE062A08058,1,1000000,2,0,3,0,985305600,0,0,1301159429,Y
2026-03-19,22357,SBIN,U6,BOND 9.45% PA NON RET. S4,INE062A08066,1,1000000,2,0,3,0,985305600,0,0,1301159429,Y
2026-03-20,11107,HDFCBANK,AF,HDFC BANK LTD,INE040A01034,1,100,0,0,1,0,1248566400,0,0,1458497674,N
2026-03-20,4813,HDFCBANK,BE,HDFC BANK-DEPO. SETT.,INE040A01034,1,100,0,0,1,0,551059200,0,0,1458497674,N
2026-03-20,12431,HDFCBANK,BL,HDFC BANK LTD,INE040A01034,999999999,100,0,0,1,0,816220800,0,0,1458497674,N
2026-03-20,1333,HDFCBANK,EQ,HDFC BANK LTD,INE040A01034,1,100,0,0,6,1,500256000,0,0,1458504931,N
2026-03-20,27835,HDFCBANK,IQ,HDFC BANK LTD.,INE040A01034,1,200,0,0,1,0,1029369600,0,0,1458492118,N
2026-03-20,17321,HDFCBANK,K3,HDFC BANK LIMITED,INE040A13013,600,55725,3,0,3,0,1374019200,0,0,1377280986,Y
2026-03-20,15854,HDFCBANK,RL,HDFC BANK LTD,INE040A01034,1,100,0,0,1,0,893203200,0,0,1458497674,N
2026-03-20,757205,HDFCBANK,T0,HDFC BANK LTD,INE040A01034,1,100,0,0,1,1,1433030400,0,0,1458492121,N
2026-03-20,757206,HDFCBANK,TL,HDFC BANK LTD,INE040A01034,999999999,100,0,0,1,0,1433030400,0,0,1458497674,N
2026-03-20,17320,HDFCBANK,W3,HDFC BANK LIMITED,INE040A13013,600,55725,3,0,3,0,1374019200,0,0,1377280986,Y
2026-03-20,11111,ICICIBANK,AF,ICICI BANK LTD.,INE090A01021,1,200,0,0,1,0,1248566400,0,0,1458497707,N
2026-03-20,4967,ICICIBANK,BE,ICICI BANK LTD DEPO SETT,INE090A01021,1,200,0,0,1,0,559526400,0,0,1458497707,N
2026-03-20,12458,ICICIBANK,BL,ICICI BANK LTD.,INE090A01021,999999999,200,0,0,1,0,816220800,0,0,1458497707,N
2026-03-20,4963,ICICIBANK,EQ,ICICI BANK LTD.,INE090A01021,1,200,0,0,6,1,559526400,0,0,1458504931,N
2026-03-20,27885,ICICIBANK,IQ,ICICI BANK LTD.,INE090A01021,1,1000,0,0,1,0,1029369600,0,0,1458498416,N
2026-03-20,15897,ICICIBANK,RL,ICICI BANK LTD.,INE090A01021,1,200,0,0,1,0,893203200,0,0,1458497707,N
2026-03-20,757217,ICICIBANK,T0,ICICI BANK LTD.,INE090A01021,1,200,0,0,1,1,1433030400,0,0,1458492121,N
2026-03-20,757218,ICICIBANK,TL,ICICI BANK LTD.,INE090A01021,999999999,200,0,0,1,0,1433030400,0,0,1458497707,N
2026-03-20,11117,LT,AF,LARSEN & TOUBRO LTD.,INE018A01030,1,200,0,0,1,0,1248566400,0,0,1458497715,N
2026-03-20,11484,LT,BE,LARSEN & TOUBRO LTD.,INE018A01030,1,200,0,0,1,0,772416000,0,0,1458497715,N
2026-03-20,12562,LT,BL,LARSEN & TOUBRO LTD.,INE018A01030,999999999,200,0,0,1,0,816220800,0,0,1458497715,N
2026-03-20,11483,LT,EQ,LARSEN & TOUBRO LTD.,INE018A01030,1,200,0,0,6,1,772416000,0,0,1458504931,N
2026-03-20,28092,LT,IQ,LARSEN & TOUBRO LIMITED,INE018A01030,1,200,0,0,1,0,1029369600,0,0,1458498416,N
2026-03-20,16070,LT,RL,LARSEN & TOUBRO LTD.,INE018A01030,1,200,0,0,1,0,893203200,0,0,1458497715,N
2026-03-20,757249,LT,T0,LARSEN & TOUBRO LTD.,INE018A01030,1,200,0,0,1,1,1433030400,0,0,1458492121,N
2026-03-20,757250,LT,TL,LARSEN & TOUBRO LTD.,INE018A01030,999999999,200,0,0,1,0,1433030400,0,0,1458497715,N
2026-03-20,11139,RELIANCE,AF,RELIANCE INDUSTRIES LTD,INE002A01018,1,1000,0,0,1,0,1248566400,0,0,1458497703,N
2026-03-20,4615,RELIANCE,BE,RELIANCE IND DEPO-SETT,INE002A01018,1,1000,0,0,1,0,502070400,0,0,1458497703,N
2026-03-20,12713,RELIANCE,BL,RELIANCE INDUSTRIES LTD,INE002A01018,999999999,1000,0,0,1,0,816220800,0,0,1458497703,N
2026-03-20,2885,RELIANCE,EQ,RELIANCE INDUSTRIES LTD,INE002A01018,1,1000,0,0,6,1,502070400,0,0,1458504931,N
2026-03-20,28389,RELIANCE,IQ,RELIANCE INDUSTRIES LTD,INE002A01018,1,1000,0,0,1,0,1029369600,0,0,1458498416,N
2026-03-20,16328,RELIANCE,RL,RELIANCE INDUSTRIES LTD,INE002A01018,1,1000,0,0,1,0,893203200,0,0,1458497703,N
2026-03-20,757287,RELIANCE,T0,RELIANCE INDUSTRIES LTD,INE002A01018,1,1000,0,0,1,1,1433030400,0,0,1458492121,N
2026-03-20,757288,RELIANCE,TL,RELIANCE INDUSTRIES LTD,INE002A01018,999999999,1000,0,0,1,0,1433030400,0,0,1458497703,N
2026-03-20,11128,SBIN,AF,STATE BANK OF INDIA,INE062A01020,1,100,0,0,1,0,1248566400,0,0,1458497703,N
2026-03-20,4884,SBIN,BE,SBIN - DEPO SETT,INE062A01020,1,100,0,0,1,0,554688000,0,0,1458497703,N
2026-03-20,12740,SBIN,BL,STATE BANK OF INDIA,INE062A01020,999999999,100,0,0,1,0,816220800,0,0,1458497703,N
2026-03-20,3045,SBIN,EQ,STATE BANK OF INDIA,INE062A01020,1,100,0,0,6,1,478483200,0,0,1458504931,N
2026-03-20,28450,SBIN,IQ,STATE BANK OF INDIA,INE062A01020,1,1000,0,0,1,0,1029369600,0,0,1458498416,N
2026-03-20,20520,SBIN,N2,BOND 9.50% PA SERIES 2,INE062A08025,1,1000000,2,0,3,0,973987200,0,0,1298742279,Y
2026-03-20,22350,SBIN,N3,BOND 9.75% PA RET. S3,INE062A08033,1,1000000,2,0,3,0,985305600,0,0,1340475767,Y
2026-03-20,22352,SBIN,N4,BOND 9.30% PA NON RET. S3,INE062A08041,1,1000000,2,0,3,0,985305600,0,0,1340475767,Y
2026-03-20,22354,SBIN,N5,BOND 9.95% PA RET. S4,INE062A08058,1,1000000,2,0,3,0,985305600,0,0,1301159429,Y
2026-03-20,22356,SBIN,N6,BOND 9.45% PA NON RET. S4,INE062A08066,1,1000000,2,0,3,0,985305600,0,0,1301159429,Y
2026-03-20,16382,SBIN,RL,STATE BANK OF INDIA,INE062A01020,1,100,0,0,1,0,893203200,0,0,1458497703,N
2026-03-20,23256,SBIN,T0,STATE BANK OF INDIA,INE062A01020,1,100,0,0,1,1,1396051200,0,0,1458492117,N
2026-03-20,756131,SBIN,TL,STATE BANK OF INDIA,INE062A01020,999999999,100,0,0,1,0,1430611200,0,0,1458497703,N
2026-03-20,20521,SBIN,U2,BOND 9.50% PA SERIES 2,INE062A08025,1,1000000,2,0,3,0,973987200,0,0,1298742279,Y
2026-03-20,22351,SBIN,U3,BOND 9.75% PA RET. S3,INE062A08033,1,1000000,2,0,1,0,985305600,0,0,1458492117,N
2026-03-20,22353,SBIN,U4,BOND 9.30% PA NON RET. S3,INE062A08041,1,1000000,2,0,1,0,985305600,0,0,1458492117,N
2026-03-20,22355,SBIN,U5,BOND 9.95% PA RET. S4,INE062A08058,1,1000000,2,0,3,0,985305600,0,0,1301159429,Y
2026-03-20,22357,SBIN,U6,BOND 9.45% PA NON RET. S4,INE062A08066,1,1000000,2,0,3,0,985305600,0,0,1301159429,Y
2026-03-23,11107,HDFCBANK,AF,HDFC BANK LTD,INE040A01034,1,100,0,0,1,0,1248566400,0,0,1458753171,N
2026-03-23,4813,HDFCBANK,BE,HDFC BANK-DEPO. SETT.,INE040A01034,1,100,0,0,1,0,551059200,0,0,1458753171,N
2026-03-23,12431,HDFCBANK,BL,HDFC BANK LTD,INE040A01034,999999999,100,0,0,1,0,816220800,0,0,1458753171,N
2026-03-23,1333,HDFCBANK,EQ,HDFC BANK LTD,INE040A01034,1,100,0,0,6,1,500256000,0,0,1458758747,N
2026-03-23,27835,HDFCBANK,IQ,HDFC BANK LTD.,INE040A01034,1,200,0,0,1,0,1029369600,0,0,1458753919,N
2026-03-23,17321,HDFCBANK,K3,HDFC BANK LIMITED,INE040A13013,600,55725,3,0,3,0,1374019200,0,0,1377280986,Y
2026-03-23,15854,HDFCBANK,RL,HDFC BANK LTD,INE040A01034,1,100,0,0,1,0,893203200,0,0,1458753171,N
2026-03-23,757205,HDFCBANK,T0,HDFC BANK LTD,INE040A01034,1,100,0,0,1,1,1433030400,0,0,1458751416,N
2026-03-23,757206,HDFCBANK,TL,HDFC BANK LTD,INE040A01034,999999999,100,0,0,1,0,1433030400,0,0,1458753171,N
2026-03-23,17320,HDFCBANK,W3,HDFC BANK LIMITED,INE040A13013,600,55725,3,0,3,0,1374019200,0,0,1377280986,Y
2026-03-23,11111,ICICIBANK,AF,ICICI BANK LTD.,INE090A01021,1,200,0,0,1,0,1248566400,0,0,1458753178,N
2026-03-23,4967,ICICIBANK,BE,ICICI BANK LTD DEPO SETT,INE090A01021,1,200,0,0,1,0,559526400,0,0,1458753178,N
2026-03-23,12458,ICICIBANK,BL,ICICI BANK LTD.,INE090A01021,999999999,200,0,0,1,0,816220800,0,0,1458753178,N
2026-03-23,4963,ICICIBANK,EQ,ICICI BANK LTD.,INE090A01021,1,200,0,0,6,1,559526400,0,0,1458758747,N
2026-03-23,27885,ICICIBANK,IQ,ICICI BANK LTD.,INE090A01021,1,1000,0,0,1,0,1029369600,0,0,1458751413,N
2026-03-23,15897,ICICIBANK,RL,ICICI BANK LTD.,INE090A01021,1,200,0,0,1,0,893203200,0,0,1458753178,N
2026-03-23,757217,ICICIBANK,T0,ICICI BANK LTD.,INE090A01021,1,200,0,0,1,1,1433030400,0,0,1458751416,N
2026-03-23,757218,ICICIBANK,TL,ICICI BANK LTD.,INE090A01021,999999999,200,0,0,1,0,1433030400,0,0,1458753178,N
2026-03-23,11117,LT,AF,LARSEN & TOUBRO LTD.,INE018A01030,1,200,0,0,1,0,1248566400,0,0,1458753186,N
2026-03-23,11484,LT,BE,LARSEN & TOUBRO LTD.,INE018A01030,1,200,0,0,1,0,772416000,0,0,1458753186,N
2026-03-23,12562,LT,BL,LARSEN & TOUBRO LTD.,INE018A01030,999999999,200,0,0,1,0,816220800,0,0,1458753186,N
2026-03-23,11483,LT,EQ,LARSEN & TOUBRO LTD.,INE018A01030,1,200,0,0,6,1,772416000,0,0,1458758747,N
2026-03-23,28092,LT,IQ,LARSEN & TOUBRO LIMITED,INE018A01030,1,200,0,0,1,0,1029369600,0,0,1458751413,N
2026-03-23,16070,LT,RL,LARSEN & TOUBRO LTD.,INE018A01030,1,200,0,0,1,0,893203200,0,0,1458753186,N
2026-03-23,757249,LT,T0,LARSEN & TOUBRO LTD.,INE018A01030,1,200,0,0,1,1,1433030400,0,0,1458751416,N
2026-03-23,757250,LT,TL,LARSEN & TOUBRO LTD.,INE018A01030,999999999,200,0,0,1,0,1433030400,0,0,1458753186,N
2026-03-23,11139,RELIANCE,AF,RELIANCE INDUSTRIES LTD,INE002A01018,1,1000,0,0,1,0,1248566400,0,0,1458753174,N
2026-03-23,4615,RELIANCE,BE,RELIANCE IND DEPO-SETT,INE002A01018,1,1000,0,0,1,0,502070400,0,0,1458753174,N
2026-03-23,12713,RELIANCE,BL,RELIANCE INDUSTRIES LTD,INE002A01018,999999999,1000,0,0,1,0,816220800,0,0,1458753174,N
2026-03-23,2885,RELIANCE,EQ,RELIANCE INDUSTRIES LTD,INE002A01018,1,1000,0,0,6,1,502070400,0,0,1458758748,N
2026-03-23,28389,RELIANCE,IQ,RELIANCE INDUSTRIES LTD,INE002A01018,1,1000,0,0,1,0,1029369600,0,0,1458753919,N
2026-03-23,16328,RELIANCE,RL,RELIANCE INDUSTRIES LTD,INE002A01018,1,1000,0,0,1,0,893203200,0,0,1458753174,N
2026-03-23,757287,RELIANCE,T0,RELIANCE INDUSTRIES LTD,INE002A01018,1,1000,0,0,1,1,1433030400,0,0,1458751416,N
2026-03-23,757288,RELIANCE,TL,RELIANCE INDUSTRIES LTD,INE002A01018,999999999,1000,0,0,1,0,1433030400,0,0,1458753174,N
2026-03-23,11128,SBIN,AF,STATE BANK OF INDIA,INE062A01020,1,100,0,0,1,0,1248566400,0,0,1458753175,N
2026-03-23,4884,SBIN,BE,SBIN - DEPO SETT,INE062A01020,1,100,0,0,1,0,554688000,0,0,1458753175,N
2026-03-23,12740,SBIN,BL,STATE BANK OF INDIA,INE062A01020,999999999,100,0,0,1,0,816220800,0,0,1458753175,N
2026-03-23,3045,SBIN,EQ,STATE BANK OF INDIA,INE062A01020,1,100,0,0,6,1,478483200,0,0,1458758748,N
2026-03-23,28450,SBIN,IQ,STATE BANK OF INDIA,INE062A01020,1,1000,0,0,1,0,1029369600,0,0,1458753919,N
2026-03-23,20520,SBIN,N2,BOND 9.50% PA SERIES 2,INE062A08025,1,1000000,2,0,3,0,973987200,0,0,1298742279,Y
2026-03-23,22350,SBIN,N3,BOND 9.75% PA RET. S3,INE062A08033,1,1000000,2,0,3,0,985305600,0,0,1340475767,Y
2026-03-23,22352,SBIN,N4,BOND 9.30% PA NON RET. S3,INE062A08041,1,1000000,2,0,3,0,985305600,0,0,1340475767,Y
2026-03-23,22354,SBIN,N5,BOND 9.95% PA RET. S4,INE062A08058,1,1000000,2,0,3,0,985305600,0,0,1301159429,Y
2026-03-23,22356,SBIN,N6,BOND 9.45% PA NON RET. S4,INE062A08066,1,1000000,2,0,3,0,985305600,0,0,1301159429,Y
2026-03-23,16382,SBIN,RL,STATE BANK OF INDIA,INE062A01020,1,100,0,0,1,0,893203200,0,0,1458753175,N
2026-03-23,23256,SBIN,T0,STATE BANK OF INDIA,INE062A01020,1,100,0,0,1,1,1396051200,0,0,1458751412,N
2026-03-23,756131,SBIN,TL,STATE BANK OF INDIA,INE062A01020,999999999,100,0,0,1,0,1430611200,0,0,1458753175,N
2026-03-23,20521,SBIN,U2,BOND 9.50% PA SERIES 2,INE062A08025,1,1000000,2,0,3,0,973987200,0,0,1298742279,Y
2026-03-23,22351,SBIN,U3,BOND 9.75% PA RET. S3,INE062A08033,1,1000000,2,0,1,0,985305600,0,0,1458751412,N
2026-03-23,22353,SBIN,U4,BOND 9.30% PA NON RET. S3,INE062A08041,1,1000000,2,0,1,0,985305600,0,0,1458751412,N
2026-03-23,22355,SBIN,U5,BOND 9.95% PA RET. S4,INE062A08058,1,1000000,2,0,3,0,985305600,0,0,1301159429,Y
2026-03-23,22357,SBIN,U6,BOND 9.45% PA NON RET. S4,INE062A08066,1,1000000,2,0,3,0,985305600,0,0,1301159429,Y
2026-03-24,11107,HDFCBANK,AF,HDFC BANK LTD,INE040A01034,1,100,0,0,1,0,1248566400,0,0,1458843258,N
2026-03-24,4813,HDFCBANK,BE,HDFC BANK-DEPO. SETT.,INE040A01034,1,100,0,0,1,0,551059200,0,0,1458843258,N
2026-03-24,12431,HDFCBANK,BL,HDFC BANK LTD,INE040A01034,999999999,100,0,0,1,0,816220800,0,0,1458843258,N
2026-03-24,1333,HDFCBANK,EQ,HDFC BANK LTD,INE040A01034,1,100,0,0,6,1,500256000,0,0,1458843416,N
2026-03-24,27835,HDFCBANK,IQ,HDFC BANK LTD.,INE040A01034,1,200,0,0,1,0,1029369600,0,0,1458843895,N
2026-03-24,17321,HDFCBANK,K3,HDFC BANK LIMITED,INE040A13013,600,55725,3,0,3,0,1374019200,0,0,1377280986,Y
2026-03-24,15854,HDFCBANK,RL,HDFC BANK LTD,INE040A01034,1,100,0,0,1,0,893203200,0,0,1458843258,N
2026-03-24,757205,HDFCBANK,T0,HDFC BANK LTD,INE040A01034,1,100,0,0,1,1,1433030400,0,0,1458837893,N
2026-03-24,757206,HDFCBANK,TL,HDFC BANK LTD,INE040A01034,999999999,100,0,0,1,0,1433030400,0,0,1458843258,N
2026-03-24,17320,HDFCBANK,W3,HDFC BANK LIMITED,INE040A13013,600,55725,3,0,3,0,1374019200,0,0,1377280986,Y
2026-03-24,11111,ICICIBANK,AF,ICICI BANK LTD.,INE090A01021,1,200,0,0,1,0,1248566400,0,0,1458843290,N
2026-03-24,4967,ICICIBANK,BE,ICICI BANK LTD DEPO SETT,INE090A01021,1,200,0,0,1,0,559526400,0,0,1458843290,N
2026-03-24,12458,ICICIBANK,BL,ICICI BANK LTD.,INE090A01021,999999999,200,0,0,1,0,816220800,0,0,1458843290,N
2026-03-24,4963,ICICIBANK,EQ,ICICI BANK LTD.,INE090A01021,1,200,0,0,6,1,559526400,0,0,1458843416,N
2026-03-24,27885,ICICIBANK,IQ,ICICI BANK LTD.,INE090A01021,1,1000,0,0,1,0,1029369600,0,0,1458843895,N
2026-03-24,15897,ICICIBANK,RL,ICICI BANK LTD.,INE090A01021,1,200,0,0,1,0,893203200,0,0,1458843290,N
2026-03-24,757217,ICICIBANK,T0,ICICI BANK LTD.,INE090A01021,1,200,0,0,1,1,1433030400,0,0,1458837893,N
2026-03-24,757218,ICICIBANK,TL,ICICI BANK LTD.,INE090A01021,999999999,200,0,0,1,0,1433030400,0,0,1458843291,N
2026-03-24,11117,LT,AF,LARSEN & TOUBRO LTD.,INE018A01030,1,200,0,0,1,0,1248566400,0,0,1458843894,N
2026-03-24,11484,LT,BE,LARSEN & TOUBRO LTD.,INE018A01030,1,200,0,0,1,0,772416000,0,0,1458843894,N
2026-03-24,12562,LT,BL,LARSEN & TOUBRO LTD.,INE018A01030,999999999,200,0,0,1,0,816220800,0,0,1458843299,N
2026-03-24,11483,LT,EQ,LARSEN & TOUBRO LTD.,INE018A01030,1,200,0,0,6,1,772416000,0,0,1458843894,N
2026-03-24,28092,LT,IQ,LARSEN & TOUBRO LIMITED,INE018A01030,1,200,0,0,1,0,1029369600,0,0,1458843895,N
2026-03-24,16070,LT,RL,LARSEN & TOUBRO LTD.,INE018A01030,1,200,0,0,1,0,893203200,0,0,1458843894,N
2026-03-24,757249,LT,T0,LARSEN & TOUBRO LTD.,INE018A01030,1,200,0,0,1,1,1433030400,0,0,1458843896,N
2026-03-24,757250,LT,TL,LARSEN & TOUBRO LTD.,INE018A01030,999999999,200,0,0,1,0,1433030400,0,0,1458843299,N
2026-03-24,11139,RELIANCE,AF,RELIANCE INDUSTRIES LTD,INE002A01018,1,1000,0,0,1,0,1248566400,0,0,1458843287,N
2026-03-24,4615,RELIANCE,BE,RELIANCE IND DEPO-SETT,INE002A01018,1,1000,0,0,1,0,502070400,0,0,1458843287,N
2026-03-24,12713,RELIANCE,BL,RELIANCE INDUSTRIES LTD,INE002A01018,999999999,1000,0,0,1,0,816220800,0,0,1458843287,N
2026-03-24,2885,RELIANCE,EQ,RELIANCE INDUSTRIES LTD,INE002A01018,1,1000,0,0,6,1,502070400,0,0,1458843417,N
2026-03-24,28389,RELIANCE,IQ,RELIANCE INDUSTRIES LTD,INE002A01018,1,1000,0,0,1,0,1029369600,0,0,1458837890,N
2026-03-24,16328,RELIANCE,RL,RELIANCE INDUSTRIES LTD,INE002A01018,1,1000,0,0,1,0,893203200,0,0,1458843287,N
2026-03-24,757287,RELIANCE,T0,RELIANCE INDUSTRIES LTD,INE002A01018,1,1000,0,0,1,1,1433030400,0,0,1458837893,N
2026-03-24,757288,RELIANCE,TL,RELIANCE INDUSTRIES LTD,INE002A01018,999999999,1000,0,0,1,0,1433030400,0,0,1458843287,N
2026-03-24,11128,SBIN,AF,STATE BANK OF INDIA,INE062A01020,1,100,0,0,1,0,1248566400,0,0,1458843287,N
2026-03-24,4884,SBIN,BE,SBIN - DEPO SETT,INE062A01020,1,100,0,0,1,0,554688000,0,0,1458843287,N
2026-03-24,12740,SBIN,BL,STATE BANK OF INDIA,INE062A01020,999999999,100,0,0,1,0,816220800,0,0,1458843287,N
2026-03-24,3045,SBIN,EQ,STATE BANK OF INDIA,INE062A01020,1,100,0,0,6,1,478483200,0,0,1458843417,N
2026-03-24,28450,SBIN,IQ,STATE BANK OF INDIA,INE062A01020,1,1000,0,0,1,0,1029369600,0,0,1458843895,N
2026-03-24,20520,SBIN,N2,BOND 9.50% PA SERIES 2,INE062A08025,1,1000000,2,0,3,0,973987200,0,0,1298742279,Y
2026-03-24,22350,SBIN,N3,BOND 9.75% PA RET. S3,INE062A08033,1,1000000,2,0,3,0,985305600,0,0,1340475767,Y
2026-03-24,22352,SBIN,N4,BOND 9.30% PA NON RET. S3,INE062A08041,1,1000000,2,0,3,0,985305600,0,0,1340475767,Y
2026-03-24,22354,SBIN,N5,BOND 9.95% PA RET. S4,INE062A08058,1,1000000,2,0,3,0,985305600,0,0,1301159429,Y
2026-03-24,22356,SBIN,N6,BOND 9.45% PA NON RET. S4,INE062A08066,1,1000000,2,0,3,0,985305600,0,0,1301159429,Y
2026-03-24,16382,SBIN,RL,STATE BANK OF INDIA,INE062A01020,1,100,0,0,1,0,893203200,0,0,1458843287,N
2026-03-24,23256,SBIN,T0,STATE BANK OF INDIA,INE062A01020,1,100,0,0,1,1,1396051200,0,0,1458837889,N
2026-03-24,756131,SBIN,TL,STATE BANK OF INDIA,INE062A01020,999999999,100,0,0,1,0,1430611200,0,0,1458843287,N
2026-03-24,20521,SBIN,U2,BOND 9.50% PA SERIES 2,INE062A08025,1,1000000,2,0,3,0,973987200,0,0,1298742279,Y
2026-03-24,22351,SBIN,U3,BOND 9.75% PA RET. S3,INE062A08033,1,1000000,2,0,1,0,985305600,0,0,1458837889,N
2026-03-24,22353,SBIN,U4,BOND 9.30% PA NON RET. S3,INE062A08041,1,1000000,2,0,1,0,985305600,0,0,1458837889,N
2026-03-24,22355,SBIN,U5,BOND 9.95% PA RET. S4,INE062A08058,1,1000000,2,0,3,0,985305600,0,0,1301159429,Y
2026-03-24,22357,SBIN,U6,BOND 9.45% PA NON RET. S4,INE062A08066,1,1000000,2,0,3,0,985305600,0,0,1301159429,Y
2026-03-25,11107,HDFCBANK,AF,HDFC BANK LTD,INE040A01034,1,100,0,0,1,0,1248566400,0,0,1458931403,N
2026-03-25,4813,HDFCBANK,BE,HDFC BANK-DEPO. SETT.,INE040A01034,1,100,0,0,1,0,551059200,0,0,1458931403,N
2026-03-25,12431,HDFCBANK,BL,HDFC BANK LTD,INE040A01034,999999999,100,0,0,1,0,816220800,0,0,1458931403,N
2026-03-25,1333,HDFCBANK,EQ,HDFC BANK LTD,INE040A01034,1,100,0,0,6,1,500256000,0,0,1458931519,N
2026-03-25,27835,HDFCBANK,IQ,HDFC BANK LTD.,INE040A01034,1,200,0,0,1,0,1029369600,0,0,1458932399,N
2026-03-25,17321,HDFCBANK,K3,HDFC BANK LIMITED,INE040A13013,600,55725,3,0,3,0,1374019200,0,0,1377280986,Y
2026-03-25,15854,HDFCBANK,RL,HDFC BANK LTD,INE040A01034,1,100,0,0,1,0,893203200,0,0,1458931403,N
2026-03-25,757205,HDFCBANK,T0,HDFC BANK LTD,INE040A01034,1,100,0,0,1,1,1433030400,0,0,1458923975,N
2026-03-25,757206,HDFCBANK,TL,HDFC BANK LTD,INE040A01034,999999999,100,0,0,1,0,1433030400,0,0,1458931403,N
2026-03-25,17320,HDFCBANK,W3,HDFC BANK LIMITED,INE040A13013,600,55725,3,0,3,0,1374019200,0,0,1377280986,Y
2026-03-25,11111,ICICIBANK,AF,ICICI BANK LTD.,INE090A01021,1,200,0,0,1,0,1248566400,0,0,1458931436,N
2026-03-25,4967,ICICIBANK,BE,ICICI BANK LTD DEPO SETT,INE090A01021,1,200,0,0,1,0,559526400,0,0,1458931436,N
2026-03-25,12458,ICICIBANK,BL,ICICI BANK LTD.,INE090A01021,999999999,200,0,0,1,0,816220800,0,0,1458931436,N
2026-03-25,4963,ICICIBANK,EQ,ICICI BANK LTD.,INE090A01021,1,200,0,0,6,1,559526400,0,0,1458931519,N
2026-03-25,27885,ICICIBANK,IQ,ICICI BANK LTD.,INE090A01021,1,1000,0,0,1,0,1029369600,0,0,1458932399,N
2026-03-25,15897,ICICIBANK,RL,ICICI BANK LTD.,INE090A01021,1,200,0,0,1,0,893203200,0,0,1458931436,N
2026-03-25,757217,ICICIBANK,T0,ICICI BANK LTD.,INE090A01021,1,200,0,0,1,1,1433030400,0,0,1458923975,N
2026-03-25,757218,ICICIBANK,TL,ICICI BANK LTD.,INE090A01021,999999999,200,0,0,1,0,1433030400,0,0,1458931436,N
2026-03-25,11117,LT,AF,LARSEN & TOUBRO LTD.,INE018A01030,1,200,0,0,1,0,1248566400,0,0,1458932397,N
2026-03-25,11484,LT,BE,LARSEN & TOUBRO LTD.,INE018A01030,1,200,0,0,1,0,772416000,0,0,1458932397,N
2026-03-25,12562,LT,BL,LARSEN & TOUBRO LTD.,INE018A01030,999999999,200,0,0,1,0,816220800,0,0,1458931444,N
2026-03-25,11483,LT,EQ,LARSEN & TOUBRO LTD.,INE018A01030,1,200,0,0,6,1,772416000,0,0,1458932397,N
2026-03-25,28092,LT,IQ,LARSEN & TOUBRO LIMITED,INE018A01030,1,200,0,0,1,0,1029369600,0,0,1458932399,N
2026-03-25,16070,LT,RL,LARSEN & TOUBRO LTD.,INE018A01030,1,200,0,0,1,0,893203200,0,0,1458932398,N
2026-03-25,757249,LT,T0,LARSEN & TOUBRO LTD.,INE018A01030,1,200,0,0,1,1,1433030400,0,0,1458932399,N
2026-03-25,757250,LT,TL,LARSEN & TOUBRO LTD.,INE018A01030,999999999,200,0,0,1,0,1433030400,0,0,1458931444,N
2026-03-25,11139,RELIANCE,AF,RELIANCE INDUSTRIES LTD,INE002A01018,1,1000,0,0,1,0,1248566400,0,0,1458931432,N
2026-03-25,4615,RELIANCE,BE,RELIANCE IND DEPO-SETT,INE002A01018,1,1000,0,0,1,0,502070400,0,0,1458931432,N
2026-03-25,12713,RELIANCE,BL,RELIANCE INDUSTRIES LTD,INE002A01018,999999999,1000,0,0,1,0,816220800,0,0,1458931432,N
2026-03-25,2885,RELIANCE,EQ,RELIANCE INDUSTRIES LTD,INE002A01018,1,1000,0,0,6,1,502070400,0,0,1458931519,N
2026-03-25,28389,RELIANCE,IQ,RELIANCE INDUSTRIES LTD,INE002A01018,1,1000,0,0,1,0,1029369600,0,0,1458923972,N
2026-03-25,16328,RELIANCE,RL,RELIANCE INDUSTRIES LTD,INE002A01018,1,1000,0,0,1,0,893203200,0,0,1458931432,N
2026-03-25,757287,RELIANCE,T0,RELIANCE INDUSTRIES LTD,INE002A01018,1,1000,0,0,1,1,1433030400,0,0,1458923975,N
2026-03-25,757288,RELIANCE,TL,RELIANCE INDUSTRIES LTD,INE002A01018,999999999,1000,0,0,1,0,1433030400,0,0,1458931432,N
2026-03-25,11128,SBIN,AF,STATE BANK OF INDIA,INE062A01020,1,100,0,0,1,0,1248566400,0,0,1458931432,N
2026-03-25,4884,SBIN,BE,SBIN - DEPO SETT,INE062A01020,1,100,0,0,1,0,554688000,0,0,1458931432,N
2026-03-25,12740,SBIN,BL,STATE BANK OF INDIA,INE062A01020,999999999,100,0,0,1,0,816220800,0,0,1458931432,N
2026-03-25,3045,SBIN,EQ,STATE BANK OF INDIA,INE062A01020,1,100,0,0,6,1,478483200,0,0,1458931519,N
2026-03-25,28450,SBIN,IQ,STATE BANK OF INDIA,INE062A01020,1,1000,0,0,1,0,1029369600,0,0,1458923972,N
2026-03-25,20520,SBIN,N2,BOND 9.50% PA SERIES 2,INE062A08025,1,1000000,2,0,3,0,973987200,0,0,1298742279,Y
2026-03-25,22350,SBIN,N3,BOND 9.75% PA RET. S3,INE062A08033,1,1000000,2,0,3,0,985305600,0,0,1340475767,Y
2026-03-25,22352,SBIN,N4,BOND 9.30% PA NON RET. S3,INE062A08041,1,1000000,2,0,3,0,985305600,0,0,1340475767,Y
2026-03-25,22354,SBIN,N5,BOND 9.95% PA RET. S4,INE062A08058,1,1000000,2,0,3,0,985305600,0,0,1301159429,Y
2026-03-25,22356,SBIN,N6,BOND 9.45% PA NON RET. S4,INE062A08066,1,1000000,2,0,3,0,985305600,0,0,1301159429,Y
2026-03-25,16382,SBIN,RL,STATE BANK OF INDIA,INE062A01020,1,100,0,0,1,0,893203200,0,0,1458931432,N
2026-03-25,23256,SBIN,T0,STATE BANK OF INDIA,INE062A01020,1,100,0,0,1,1,1396051200,0,0,1458923971,N
2026-03-25,756131,SBIN,TL,STATE BANK OF INDIA,INE062A01020,999999999,100,0,0,1,0,1430611200,0,0,1458931432,N
2026-03-25,20521,SBIN,U2,BOND 9.50% PA SERIES 2,INE062A08025,1,1000000,2,0,3,0,973987200,0,0,1298742279,Y
2026-03-25,22351,SBIN,U3,BOND 9.75% PA RET. S3,INE062A08033,1,1000000,2,0,1,0,985305600,0,0,1458923971,N
2026-03-25,22353,SBIN,U4,BOND 9.30% PA NON RET. S3,INE062A08041,1,1000000,2,0,1,0,985305600,0,0,1458923971,N
2026-03-25,22355,SBIN,U5,BOND 9.95% PA RET. S4,INE062A08058,1,1000000,2,0,3,0,985305600,0,0,1301159429,Y
2026-03-25,22357,SBIN,U6,BOND 9.45% PA NON RET. S4,INE062A08066,1,1000000,2,0,3,0,985305600,0,0,1301159429,Y
2026-03-27,11107,HDFCBANK,AF,HDFC BANK LTD,INE040A01034,1,100,0,0,1,0,1248566400,0,0,1459106582,N
2026-03-27,4813,HDFCBANK,BE,HDFC BANK-DEPO. SETT.,INE040A01034,1,100,0,0,1,0,551059200,0,0,1459106582,N
2026-03-27,12431,HDFCBANK,BL,HDFC BANK LTD,INE040A01034,999999999,100,0,0,1,0,816220800,0,0,1459106582,N
2026-03-27,1333,HDFCBANK,EQ,HDFC BANK LTD,INE040A01034,1,100,0,0,6,1,500256000,0,0,1459108496,N
2026-03-27,27835,HDFCBANK,IQ,HDFC BANK LTD.,INE040A01034,1,200,0,0,1,0,1029369600,0,0,1459107255,N
2026-03-27,17321,HDFCBANK,K3,HDFC BANK LIMITED,INE040A13013,600,55725,3,0,3,0,1374019200,0,0,1377280986,Y
2026-03-27,15854,HDFCBANK,RL,HDFC BANK LTD,INE040A01034,1,100,0,0,1,0,893203200,0,0,1459106582,N
2026-03-27,757205,HDFCBANK,T0,HDFC BANK LTD,INE040A01034,1,100,0,0,1,1,1433030400,0,0,1459106582,N
2026-03-27,757206,HDFCBANK,TL,HDFC BANK LTD,INE040A01034,999999999,100,0,0,1,0,1433030400,0,0,1459106582,N
2026-03-27,17320,HDFCBANK,W3,HDFC BANK LIMITED,INE040A13013,600,55725,3,0,3,0,1374019200,0,0,1377280986,Y
2026-03-27,11111,ICICIBANK,AF,ICICI BANK LTD.,INE090A01021,1,200,0,0,1,0,1248566400,0,0,1459106589,N
2026-03-27,4967,ICICIBANK,BE,ICICI BANK LTD DEPO SETT,INE090A01021,1,200,0,0,1,0,559526400,0,0,1459106589,N
2026-03-27,12458,ICICIBANK,BL,ICICI BANK LTD.,INE090A01021,999999999,200,0,0,1,0,816220800,0,0,1459106589,N
2026-03-27,4963,ICICIBANK,EQ,ICICI BANK LTD.,INE090A01021,1,200,0,0,6,1,559526400,0,0,1459108496,N
2026-03-27,27885,ICICIBANK,IQ,ICICI BANK LTD.,INE090A01021,1,1000,0,0,1,0,1029369600,0,0,1459107255,N
2026-03-27,15897,ICICIBANK,RL,ICICI BANK LTD.,INE090A01021,1,200,0,0,1,0,893203200,0,0,1459106589,N
2026-03-27,757217,ICICIBANK,T0,ICICI BANK LTD.,INE090A01021,1,200,0,0,1,1,1433030400,0,0,1459106589,N
2026-03-27,757218,ICICIBANK,TL,ICICI BANK LTD.,INE090A01021,999999999,200,0,0,1,0,1433030400,0,0,1459106589,N
2026-03-27,11117,LT,AF,LARSEN & TOUBRO LTD.,INE018A01030,1,200,0,0,1,0,1248566400,0,0,1459107254,N
2026-03-27,11484,LT,BE,LARSEN & TOUBRO LTD.,INE018A01030,1,200,0,0,1,0,772416000,0,0,1459107254,N
2026-03-27,12562,LT,BL,LARSEN & TOUBRO LTD.,INE018A01030,999999999,200,0,0,1,0,816220800,0,0,1459106597,N
2026-03-27,11483,LT,EQ,LARSEN & TOUBRO LTD.,INE018A01030,1,200,0,0,6,1,772416000,0,0,1459108497,N
2026-03-27,28092,LT,IQ,LARSEN & TOUBRO LIMITED,INE018A01030,1,200,0,0,1,0,1029369600,0,0,1459107255,N
2026-03-27,16070,LT,RL,LARSEN & TOUBRO LTD.,INE018A01030,1,200,0,0,1,0,893203200,0,0,1459107255,N
2026-03-27,757249,LT,T0,LARSEN & TOUBRO LTD.,INE018A01030,1,200,0,0,1,1,1433030400,0,0,1459107256,N
2026-03-27,757250,LT,TL,LARSEN & TOUBRO LTD.,INE018A01030,999999999,200,0,0,1,0,1433030400,0,0,1459106597,N
2026-03-27,11139,RELIANCE,AF,RELIANCE INDUSTRIES LTD,INE002A01018,1,1000,0,0,1,0,1248566400,0,0,1459106585,N
2026-03-27,4615,RELIANCE,BE,RELIANCE IND DEPO-SETT,INE002A01018,1,1000,0,0,1,0,502070400,0,0,1459106585,N
2026-03-27,12713,RELIANCE,BL,RELIANCE INDUSTRIES LTD,INE002A01018,999999999,1000,0,0,1,0,816220800,0,0,1459106585,N
2026-03-27,2885,RELIANCE,EQ,RELIANCE INDUSTRIES LTD,INE002A01018,1,1000,0,0,6,1,502070400,0,0,1459108497,N
2026-03-27,28389,RELIANCE,IQ,RELIANCE INDUSTRIES LTD,INE002A01018,1,1000,0,0,1,0,1029369600,0,0,1459097356,N
2026-03-27,16328,RELIANCE,RL,RELIANCE INDUSTRIES LTD,INE002A01018,1,1000,0,0,1,0,893203200,0,0,1459106585,N
2026-03-27,757287,RELIANCE,T0,RELIANCE INDUSTRIES LTD,INE002A01018,1,1000,0,0,1,1,1433030400,0,0,1459097359,N
2026-03-27,757288,RELIANCE,TL,RELIANCE INDUSTRIES LTD,INE002A01018,999999999,1000,0,0,1,0,1433030400,0,0,1459106585,N
2026-03-27,11128,SBIN,AF,STATE BANK OF INDIA,INE062A01020,1,100,0,0,1,0,1248566400,0,0,1459106586,N
2026-03-27,4884,SBIN,BE,SBIN - DEPO SETT,INE062A01020,1,100,0,0,1,0,554688000,0,0,1459106586,N
2026-03-27,12740,SBIN,BL,STATE BANK OF INDIA,INE062A01020,999999999,100,0,0,1,0,816220800,0,0,1459106586,N
2026-03-27,3045,SBIN,EQ,STATE BANK OF INDIA,INE062A01020,1,100,0,0,6,1,478483200,0,0,1459108497,N
2026-03-27,28450,SBIN,IQ,STATE BANK OF INDIA,INE062A01020,1,1000,0,0,1,0,1029369600,0,0,1459107256,N
2026-03-27,20520,SBIN,N2,BOND 9.50% PA SERIES 2,INE062A08025,1,1000000,2,0,3,0,973987200,0,0,1298742279,Y
2026-03-27,22350,SBIN,N3,BOND 9.75% PA RET. S3,INE062A08033,1,1000000,2,0,3,0,985305600,0,0,1340475767,Y
2026-03-27,22352,SBIN,N4,BOND 9.30% PA NON RET. S3,INE062A08041,1,1000000,2,0,3,0,985305600,0,0,1340475767,Y
2026-03-27,22354,SBIN,N5,BOND 9.95% PA RET. S4,INE062A08058,1,1000000,2,0,3,0,985305600,0,0,1301159429,Y
2026-03-27,22356,SBIN,N6,BOND 9.45% PA NON RET. S4,INE062A08066,1,1000000,2,0,3,0,985305600,0,0,1301159429,Y
2026-03-27,16382,SBIN,RL,STATE BANK OF INDIA,INE062A01020,1,100,0,0,1,0,893203200,0,0,1459106586,N
2026-03-27,23256,SBIN,T0,STATE BANK OF INDIA,INE062A01020,1,100,0,0,1,1,1396051200,0,0,1459097356,N
2026-03-27,756131,SBIN,TL,STATE BANK OF INDIA,INE062A01020,999999999,100,0,0,1,0,1430611200,0,0,1459106586,N
2026-03-27,20521,SBIN,U2,BOND 9.50% PA SERIES 2,INE062A08025,1,1000000,2,0,3,0,973987200,0,0,1298742279,Y
2026-03-27,22351,SBIN,U3,BOND 9.75% PA RET. S3,INE062A08033,1,1000000,2,0,1,0,985305600,0,0,1459097355,N
2026-03-27,22353,SBIN,U4,BOND 9.30% PA NON RET. S3,INE062A08041,1,1000000,2,0,1,0,985305600,0,0,1459097355,N
2026-03-27,22355,SBIN,U5,BOND 9.95% PA RET. S4,INE062A08058,1,1000000,2,0,3,0,985305600,0,0,1301159429,Y
2026-03-27,22357,SBIN,U6,BOND 9.45% PA NON RET. S4,INE062A08066,1,1000000,2,0,3,0,985305600,0,0,1301159429,Y
2026-03-30,11107,HDFCBANK,AF,HDFC BANK LTD,INE040A01034,1,100,0,0,1,0,1248566400,0,0,1459361784,N
2026-03-30,4813,HDFCBANK,BE,HDFC BANK-DEPO. SETT.,INE040A01034,1,100,0,0,1,0,551059200,0,0,1459361784,N
2026-03-30,12431,HDFCBANK,BL,HDFC BANK LTD,INE040A01034,999999999,100,0,0,1,0,816220800,0,0,1459361784,N
2026-03-30,1333,HDFCBANK,EQ,HDFC BANK LTD,INE040A01034,1,100,0,0,6,1,500256000,0,0,1459362626,N
2026-03-30,27835,HDFCBANK,IQ,HDFC BANK LTD.,INE040A01034,1,200,0,0,1,0,1029369600,0,0,1459363708,N
2026-03-30,17321,HDFCBANK,K3,HDFC BANK LIMITED,INE040A13013,600,55725,3,0,3,0,1374019200,0,0,1377280986,Y
2026-03-30,15854,HDFCBANK,RL,HDFC BANK LTD,INE040A01034,1,100,0,0,1,0,893203200,0,0,1459361784,N
2026-03-30,757205,HDFCBANK,T0,HDFC BANK LTD,INE040A01034,1,100,0,0,1,1,1433030400,0,0,1459356320,N
2026-03-30,757206,HDFCBANK,TL,HDFC BANK LTD,INE040A01034,999999999,100,0,0,1,0,1433030400,0,0,1459361784,N
2026-03-30,17320,HDFCBANK,W3,HDFC BANK LIMITED,INE040A13013,600,55725,3,0,3,0,1374019200,0,0,1377280986,Y
2026-03-30,11111,ICICIBANK,AF,ICICI BANK LTD.,INE090A01021,1,200,0,0,1,0,1248566400,0,0,1459361816,N
2026-03-30,4967,ICICIBANK,BE,ICICI BANK LTD DEPO SETT,INE090A01021,1,200,0,0,1,0,559526400,0,0,1459361816,N
2026-03-30,12458,ICICIBANK,BL,ICICI BANK LTD.,INE090A01021,999999999,200,0,0,1,0,816220800,0,0,1459361816,N
2026-03-30,4963,ICICIBANK,EQ,ICICI BANK LTD.,INE090A01021,1,200,0,0,6,1,559526400,0,0,1459362626,N
2026-03-30,27885,ICICIBANK,IQ,ICICI BANK LTD.,INE090A01021,1,1000,0,0,1,0,1029369600,0,0,1459363708,N
2026-03-30,15897,ICICIBANK,RL,ICICI BANK LTD.,INE090A01021,1,200,0,0,1,0,893203200,0,0,1459361816,N
2026-03-30,757217,ICICIBANK,T0,ICICI BANK LTD.,INE090A01021,1,200,0,0,1,1,1433030400,0,0,1459356320,N
2026-03-30,757218,ICICIBANK,TL,ICICI BANK LTD.,INE090A01021,999999999,200,0,0,1,0,1433030400,0,0,1459361816,N
2026-03-30,11117,LT,AF,LARSEN & TOUBRO LTD.,INE018A01030,1,200,0,0,1,0,1248566400,0,0,1459361824,N
2026-03-30,11484,LT,BE,LARSEN & TOUBRO LTD.,INE018A01030,1,200,0,0,1,0,772416000,0,0,1459361824,N
2026-03-30,12562,LT,BL,LARSEN & TOUBRO LTD.,INE018A01030,999999999,200,0,0,1,0,816220800,0,0,1459361824,N
2026-03-30,11483,LT,EQ,LARSEN & TOUBRO LTD.,INE018A01030,1,200,0,0,6,1,772416000,0,0,1459362626,N
2026-03-30,28092,LT,IQ,LARSEN & TOUBRO LIMITED,INE018A01030,1,200,0,0,1,0,1029369600,0,0,1459363708,N
2026-03-30,16070,LT,RL,LARSEN & TOUBRO LTD.,INE018A01030,1,200,0,0,1,0,893203200,0,0,1459361824,N
2026-03-30,757249,LT,T0,LARSEN & TOUBRO LTD.,INE018A01030,1,200,0,0,1,1,1433030400,0,0,1459356320,N
2026-03-30,757250,LT,TL,LARSEN & TOUBRO LTD.,INE018A01030,999999999,200,0,0,1,0,1433030400,0,0,1459361824,N
2026-03-30,11139,RELIANCE,AF,RELIANCE INDUSTRIES LTD,INE002A01018,1,1000,0,0,1,0,1248566400,0,0,1459361813,N
2026-03-30,4615,RELIANCE,BE,RELIANCE IND DEPO-SETT,INE002A01018,1,1000,0,0,1,0,502070400,0,0,1459361813,N
2026-03-30,12713,RELIANCE,BL,RELIANCE INDUSTRIES LTD,INE002A01018,999999999,1000,0,0,1,0,816220800,0,0,1459361813,N
2026-03-30,2885,RELIANCE,EQ,RELIANCE INDUSTRIES LTD,INE002A01018,1,1000,0,0,6,1,502070400,0,0,1459362626,N
2026-03-30,28389,RELIANCE,IQ,RELIANCE INDUSTRIES LTD,INE002A01018,1,1000,0,0,1,0,1029369600,0,0,1459363708,N
2026-03-30,16328,RELIANCE,RL,RELIANCE INDUSTRIES LTD,INE002A01018,1,1000,0,0,1,0,893203200,0,0,1459361813,N
2026-03-30,757287,RELIANCE,T0,RELIANCE INDUSTRIES LTD,INE002A01018,1,1000,0,0,1,1,1433030400,0,0,1459356320,N
2026-03-30,757288,RELIANCE,TL,RELIANCE INDUSTRIES LTD,INE002A01018,999999999,1000,0,0,1,0,1433030400,0,0,1459361813,N
2026-03-30,11128,SBIN,AF,STATE BANK OF INDIA,INE062A01020,1,100,0,0,1,0,1248566400,0,0,1459363706,N
2026-03-30,4884,SBIN,BE,SBIN - DEPO SETT,INE062A01020,1,100,0,0,1,0,554688000,0,0,1459363706,N
2026-03-30,12740,SBIN,BL,STATE BANK OF INDIA,INE062A01020,999999999,100,0,0,1,0,816220800,0,0,1459362110,N
2026-03-30,3045,SBIN,EQ,STATE BANK OF INDIA,INE062A01020,1,100,0,0,6,1,478483200,0,0,1459363706,N
2026-03-30,28450,SBIN,IQ,STATE BANK OF INDIA,INE062A01020,1,1000,0,0,1,0,1029369600,0,0,1459363708,N
2026-03-30,20520,SBIN,N2,BOND 9.50% PA SERIES 2,INE062A08025,1,1000000,2,0,3,0,973987200,0,0,1298742279,Y
2026-03-30,22350,SBIN,N3,BOND 9.75% PA RET. S3,INE062A08033,1,1000000,2,0,3,0,985305600,0,0,1340475767,Y
2026-03-30,22352,SBIN,N4,BOND 9.30% PA NON RET. S3,INE062A08041,1,1000000,2,0,3,0,985305600,0,0,1340475767,Y
2026-03-30,22354,SBIN,N5,BOND 9.95% PA RET. S4,INE062A08058,1,1000000,2,0,3,0,985305600,0,0,1301159429,Y
2026-03-30,22356,SBIN,N6,BOND 9.45% PA NON RET. S4,INE062A08066,1,1000000,2,0,3,0,985305600,0,0,1301159429,Y
2026-03-30,16382,SBIN,RL,STATE BANK OF INDIA,INE062A01020,1,100,0,0,1,0,893203200,0,0,1459363707,N
2026-03-30,23256,SBIN,T0,STATE BANK OF INDIA,INE062A01020,1,100,0,0,1,1,1396051200,0,0,1459363707,N
2026-03-30,756131,SBIN,TL,STATE BANK OF INDIA,INE062A01020,999999999,100,0,0,1,0,1430611200,0,0,1459362110,N
2026-03-30,20521,SBIN,U2,BOND 9.50% PA SERIES 2,INE062A08025,1,1000000,2,0,3,0,973987200,0,0,1298742279,Y
2026-03-30,22351,SBIN,U3,BOND 9.75% PA RET. S3,INE062A08033,1,1000000,2,0,1,0,985305600,0,0,1459356316,N
2026-03-30,22353,SBIN,U4,BOND 9.30% PA NON RET. S3,INE062A08041,1,1000000,2,0,1,0,985305600,0,0,1459356316,N
2026-03-30,22355,SBIN,U5,BOND 9.95% PA RET. S4,INE062A08058,1,1000000,2,0,3,0,985305600,0,0,1301159429,Y
2026-03-30,22357,SBIN,U6,BOND 9.45% PA NON RET. S4,INE062A08066,1,1000000,2,0,3,0,985305600,0,0,1301159429,Y
2026-04-01,11107,HDFCBANK,AF,HDFC BANK LTD,INE040A01034,1,100,0,0,1,0,1248566400,0,0,1459531882,N
2026-04-01,4813,HDFCBANK,BE,HDFC BANK-DEPO. SETT.,INE040A01034,1,100,0,0,1,0,551059200,0,0,1459531882,N
2026-04-01,12431,HDFCBANK,BL,HDFC BANK LTD,INE040A01034,999999999,100,0,0,1,0,816220800,0,0,1459531882,N
2026-04-01,1333,HDFCBANK,EQ,HDFC BANK LTD,INE040A01034,1,100,0,0,6,1,500256000,0,0,1459540671,N
2026-04-01,27835,HDFCBANK,IQ,HDFC BANK LTD.,INE040A01034,1,200,0,0,1,0,1029369600,0,0,1459532986,N
2026-04-01,17321,HDFCBANK,K3,HDFC BANK LIMITED,INE040A13013,600,55725,3,0,3,0,1374019200,0,0,1377280986,Y
2026-04-01,15854,HDFCBANK,RL,HDFC BANK LTD,INE040A01034,1,100,0,0,1,0,893203200,0,0,1459531882,N
2026-04-01,757205,HDFCBANK,T0,HDFC BANK LTD,INE040A01034,1,100,0,0,1,1,1433030400,0,0,1459529069,N
2026-04-01,757206,HDFCBANK,TL,HDFC BANK LTD,INE040A01034,999999999,100,0,0,1,0,1433030400,0,0,1459531882,N
2026-04-01,17320,HDFCBANK,W3,HDFC BANK LIMITED,INE040A13013,600,55725,3,0,3,0,1374019200,0,0,1377280986,Y
2026-04-01,11111,ICICIBANK,AF,ICICI BANK LTD.,INE090A01021,1,200,0,0,1,0,1248566400,0,0,1459531915,N
2026-04-01,4967,ICICIBANK,BE,ICICI BANK LTD DEPO SETT,INE090A01021,1,200,0,0,1,0,559526400,0,0,1459531915,N
2026-04-01,12458,ICICIBANK,BL,ICICI BANK LTD.,INE090A01021,999999999,200,0,0,1,0,816220800,0,0,1459531915,N
2026-04-01,4963,ICICIBANK,EQ,ICICI BANK LTD.,INE090A01021,1,200,0,0,6,1,559526400,0,0,1459540671,N
2026-04-01,27885,ICICIBANK,IQ,ICICI BANK LTD.,INE090A01021,1,1000,0,0,1,0,1029369600,0,0,1459532986,N
2026-04-01,15897,ICICIBANK,RL,ICICI BANK LTD.,INE090A01021,1,200,0,0,1,0,893203200,0,0,1459531915,N
2026-04-01,757217,ICICIBANK,T0,ICICI BANK LTD.,INE090A01021,1,200,0,0,1,1,1433030400,0,0,1459529069,N
2026-04-01,757218,ICICIBANK,TL,ICICI BANK LTD.,INE090A01021,999999999,200,0,0,1,0,1433030400,0,0,1459531915,N
2026-04-01,11117,LT,AF,LARSEN & TOUBRO LTD.,INE018A01030,1,200,0,0,1,0,1248566400,0,0,1459531923,N
2026-04-01,11484,LT,BE,LARSEN & TOUBRO LTD.,INE018A01030,1,200,0,0,1,0,772416000,0,0,1459531923,N
2026-04-01,12562,LT,BL,LARSEN & TOUBRO LTD.,INE018A01030,999999999,200,0,0,1,0,816220800,0,0,1459531923,N
2026-04-01,11483,LT,EQ,LARSEN & TOUBRO LTD.,INE018A01030,1,200,0,0,6,1,772416000,0,0,1459540671,N
2026-04-01,28092,LT,IQ,LARSEN & TOUBRO LIMITED,INE018A01030,1,200,0,0,1,0,1029369600,0,0,1459532986,N
2026-04-01,16070,LT,RL,LARSEN & TOUBRO LTD.,INE018A01030,1,200,0,0,1,0,893203200,0,0,1459531923,N
2026-04-01,757249,LT,T0,LARSEN & TOUBRO LTD.,INE018A01030,1,200,0,0,1,1,1433030400,0,0,1459529069,N
2026-04-01,757250,LT,TL,LARSEN & TOUBRO LTD.,INE018A01030,999999999,200,0,0,1,0,1433030400,0,0,1459531923,N
2026-04-01,11139,RELIANCE,AF,RELIANCE INDUSTRIES LTD,INE002A01018,1,1000,0,0,1,0,1248566400,0,0,1459531911,N
2026-04-01,4615,RELIANCE,BE,RELIANCE IND DEPO-SETT,INE002A01018,1,1000,0,0,1,0,502070400,0,0,1459531911,N
2026-04-01,12713,RELIANCE,BL,RELIANCE INDUSTRIES LTD,INE002A01018,999999999,1000,0,0,1,0,816220800,0,0,1459531911,N
2026-04-01,2885,RELIANCE,EQ,RELIANCE INDUSTRIES LTD,INE002A01018,1,1000,0,0,6,1,502070400,0,0,1459540671,N
2026-04-01,28389,RELIANCE,IQ,RELIANCE INDUSTRIES LTD,INE002A01018,1,1000,0,0,1,0,1029369600,0,0,1459532986,N
2026-04-01,16328,RELIANCE,RL,RELIANCE INDUSTRIES LTD,INE002A01018,1,1000,0,0,1,0,893203200,0,0,1459531911,N
2026-04-01,757287,RELIANCE,T0,RELIANCE INDUSTRIES LTD,INE002A01018,1,1000,0,0,1,1,1433030400,0,0,1459529069,N
2026-04-01,757288,RELIANCE,TL,RELIANCE INDUSTRIES LTD,INE002A01018,999999999,1000,0,0,1,0,1433030400,0,0,1459531911,N
2026-04-01,11128,SBIN,AF,STATE BANK OF INDIA,INE062A01020,1,100,0,0,1,0,1248566400,0,0,1459532985,N
2026-04-01,4884,SBIN,BE,SBIN - DEPO SETT,INE062A01020,1,100,0,0,1,0,554688000,0,0,1459532984,N
2026-04-01,12740,SBIN,BL,STATE BANK OF INDIA,INE062A01020,999999999,100,0,0,1,0,816220800,0,0,1459531911,N
2026-04-01,3045,SBIN,EQ,STATE BANK OF INDIA,INE062A01020,1,100,0,0,6,1,478483200,0,0,1459540671,N
2026-04-01,28450,SBIN,IQ,STATE BANK OF INDIA,INE062A01020,1,1000,0,0,1,0,1029369600,0,0,1459532986,N
2026-04-01,20520,SBIN,N2,BOND 9.50% PA SERIES 2,INE062A08025,1,1000000,2,0,3,0,973987200,0,0,1298742279,Y
2026-04-01,22350,SBIN,N3,BOND 9.75% PA RET. S3,INE062A08033,1,1000000,2,0,3,0,985305600,0,0,1340475767,Y
2026-04-01,22352,SBIN,N4,BOND 9.30% PA NON RET. S3,INE062A08041,1,1000000,2,0,3,0,985305600,0,0,1340475767,Y
2026-04-01,22354,SBIN,N5,BOND 9.95% PA RET. S4,INE062A08058,1,1000000,2,0,3,0,985305600,0,0,1301159429,Y
2026-04-01,22356,SBIN,N6,BOND 9.45% PA NON RET. S4,INE062A08066,1,1000000,2,0,3,0,985305600,0,0,1301159429,Y
2026-04-01,16382,SBIN,RL,STATE BANK OF INDIA,INE062A01020,1,100,0,0,1,0,893203200,0,0,1459532985,N
2026-04-01,23256,SBIN,T0,STATE BANK OF INDIA,INE062A01020,1,100,0,0,1,1,1396051200,0,0,1459532986,N
2026-04-01,756131,SBIN,TL,STATE BANK OF INDIA,INE062A01020,999999999,100,0,0,1,0,1430611200,0,0,1459531911,N
2026-04-01,20521,SBIN,U2,BOND 9.50% PA SERIES 2,INE062A08025,1,1000000,2,0,3,0,973987200,0,0,1298742279,Y
2026-04-01,22351,SBIN,U3,BOND 9.75% PA RET. S3,INE062A08033,1,1000000,2,0,1,0,985305600,0,0,1459529065,N
2026-04-01,22353,SBIN,U4,BOND 9.30% PA NON RET. S3,INE062A08041,1,1000000,2,0,1,0,985305600,0,0,1459529065,N
2026-04-01,22355,SBIN,U5,BOND 9.95% PA RET. S4,INE062A08058,1,1000000,2,0,3,0,985305600,0,0,1301159429,Y
2026-04-01,22357,SBIN,U6,BOND 9.45% PA NON RET. S4,INE062A08066,1,1000000,2,0,3,0,985305600,0,0,1301159429,Y
2026-04-02,11107,HDFCBANK,AF,HDFC BANK LTD,INE040A01034,1,100,0,0,1,0,1248566400,0,0,1459618385,N
2026-04-02,4813,HDFCBANK,BE,HDFC BANK-DEPO. SETT.,INE040A01034,1,100,0,0,1,0,551059200,0,0,1459618385,N
2026-04-02,12431,HDFCBANK,BL,HDFC BANK LTD,INE040A01034,999999999,100,0,0,1,0,816220800,0,0,1459618385,N
2026-04-02,1333,HDFCBANK,EQ,HDFC BANK LTD,INE040A01034,1,100,0,0,6,1,500256000,0,0,1459622905,N
2026-04-02,27835,HDFCBANK,IQ,HDFC BANK LTD.,INE040A01034,1,200,0,0,1,0,1029369600,0,0,1459616140,N
2026-04-02,17321,HDFCBANK,K3,HDFC BANK LIMITED,INE040A13013,600,55725,3,0,3,0,1374019200,0,0,1377280986,Y
2026-04-02,15854,HDFCBANK,RL,HDFC BANK LTD,INE040A01034,1,100,0,0,1,0,893203200,0,0,1459618385,N
2026-04-02,757205,HDFCBANK,T0,HDFC BANK LTD,INE040A01034,1,100,0,0,1,1,1433030400,0,0,1459616143,N
2026-04-02,757206,HDFCBANK,TL,HDFC BANK LTD,INE040A01034,999999999,100,0,0,1,0,1433030400,0,0,1459618385,N
2026-04-02,17320,HDFCBANK,W3,HDFC BANK LIMITED,INE040A13013,600,55725,3,0,3,0,1374019200,0,0,1377280986,Y
2026-04-02,11111,ICICIBANK,AF,ICICI BANK LTD.,INE090A01021,1,200,0,0,1,0,1248566400,0,0,1459618418,N
2026-04-02,4967,ICICIBANK,BE,ICICI BANK LTD DEPO SETT,INE090A01021,1,200,0,0,1,0,559526400,0,0,1459618418,N
2026-04-02,12458,ICICIBANK,BL,ICICI BANK LTD.,INE090A01021,999999999,200,0,0,1,0,816220800,0,0,1459618418,N
2026-04-02,4963,ICICIBANK,EQ,ICICI BANK LTD.,INE090A01021,1,200,0,0,6,1,559526400,0,0,1459622905,N
2026-04-02,27885,ICICIBANK,IQ,ICICI BANK LTD.,INE090A01021,1,1000,0,0,1,0,1029369600,0,0,1459616140,N
2026-04-02,15897,ICICIBANK,RL,ICICI BANK LTD.,INE090A01021,1,200,0,0,1,0,893203200,0,0,1459618418,N
2026-04-02,757217,ICICIBANK,T0,ICICI BANK LTD.,INE090A01021,1,200,0,0,1,1,1433030400,0,0,1459616143,N
2026-04-02,757218,ICICIBANK,TL,ICICI BANK LTD.,INE090A01021,999999999,200,0,0,1,0,1433030400,0,0,1459618418,N
2026-04-02,11117,LT,AF,LARSEN & TOUBRO LTD.,INE018A01030,1,200,0,0,1,0,1248566400,0,0,1459618426,N
2026-04-02,11484,LT,BE,LARSEN & TOUBRO LTD.,INE018A01030,1,200,0,0,1,0,772416000,0,0,1459618426,N
2026-04-02,12562,LT,BL,LARSEN & TOUBRO LTD.,INE018A01030,999999999,200,0,0,1,0,816220800,0,0,1459618426,N
2026-04-02,11483,LT,EQ,LARSEN & TOUBRO LTD.,INE018A01030,1,200,0,0,6,1,772416000,0,0,1459622905,N
2026-04-02,28092,LT,IQ,LARSEN & TOUBRO LIMITED,INE018A01030,1,200,0,0,1,0,1029369600,0,0,1459619599,N
2026-04-02,16070,LT,RL,LARSEN & TOUBRO LTD.,INE018A01030,1,200,0,0,1,0,893203200,0,0,1459618426,N
2026-04-02,757249,LT,T0,LARSEN & TOUBRO LTD.,INE018A01030,1,200,0,0,1,1,1433030400,0,0,1459616143,N
2026-04-02,757250,LT,TL,LARSEN & TOUBRO LTD.,INE018A01030,999999999,200,0,0,1,0,1433030400,0,0,1459618426,N
2026-04-02,11139,RELIANCE,AF,RELIANCE INDUSTRIES LTD,INE002A01018,1,1000,0,0,1,0,1248566400,0,0,1459618414,N
2026-04-02,4615,RELIANCE,BE,RELIANCE IND DEPO-SETT,INE002A01018,1,1000,0,0,1,0,502070400,0,0,1459618414,N
2026-04-02,12713,RELIANCE,BL,RELIANCE INDUSTRIES LTD,INE002A01018,999999999,1000,0,0,1,0,816220800,0,0,1459618414,N
2026-04-02,2885,RELIANCE,EQ,RELIANCE INDUSTRIES LTD,INE002A01018,1,1000,0,0,6,1,502070400,0,0,1459622905,N
2026-04-02,28389,RELIANCE,IQ,RELIANCE INDUSTRIES LTD,INE002A01018,1,1000,0,0,1,0,1029369600,0,0,1459619599,N
2026-04-02,16328,RELIANCE,RL,RELIANCE INDUSTRIES LTD,INE002A01018,1,1000,0,0,1,0,893203200,0,0,1459618414,N
2026-04-02,757287,RELIANCE,T0,RELIANCE INDUSTRIES LTD,INE002A01018,1,1000,0,0,1,1,1433030400,0,0,1459616143,N
2026-04-02,757288,RELIANCE,TL,RELIANCE INDUSTRIES LTD,INE002A01018,999999999,1000,0,0,1,0,1433030400,0,0,1459618414,N
2026-04-02,11128,SBIN,AF,STATE BANK OF INDIA,INE062A01020,1,100,0,0,1,0,1248566400,0,0,1459618415,N
2026-04-02,4884,SBIN,BE,SBIN - DEPO SETT,INE062A01020,1,100,0,0,1,0,554688000,0,0,1459618415,N
2026-04-02,12740,SBIN,BL,STATE BANK OF INDIA,INE062A01020,999999999,100,0,0,1,0,816220800,0,0,1459618415,N
2026-04-02,3045,SBIN,EQ,STATE BANK OF INDIA,INE062A01020,1,100,0,0,6,1,478483200,0,0,1459622905,N
2026-04-02,28450,SBIN,IQ,STATE BANK OF INDIA,INE062A01020,1,1000,0,0,1,0,1029369600,0,0,1459619599,N
2026-04-02,20520,SBIN,N2,BOND 9.50% PA SERIES 2,INE062A08025,1,1000000,2,0,3,0,973987200,0,0,1298742279,Y
2026-04-02,22350,SBIN,N3,BOND 9.75% PA RET. S3,INE062A08033,1,1000000,2,0,3,0,985305600,0,0,1340475767,Y
2026-04-02,22352,SBIN,N4,BOND 9.30% PA NON RET. S3,INE062A08041,1,1000000,2,0,3,0,985305600,0,0,1340475767,Y
2026-04-02,22354,SBIN,N5,BOND 9.95% PA RET. S4,INE062A08058,1,1000000,2,0,3,0,985305600,0,0,1301159429,Y
2026-04-02,22356,SBIN,N6,BOND 9.45% PA NON RET. S4,INE062A08066,1,1000000,2,0,3,0,985305600,0,0,1301159429,Y
2026-04-02,16382,SBIN,RL,STATE BANK OF INDIA,INE062A01020,1,100,0,0,1,0,893203200,0,0,1459618415,N
2026-04-02,23256,SBIN,T0,STATE BANK OF INDIA,INE062A01020,1,100,0,0,1,1,1396051200,0,0,1459616139,N
2026-04-02,756131,SBIN,TL,STATE BANK OF INDIA,INE062A01020,999999999,100,0,0,1,0,1430611200,0,0,1459618415,N
2026-04-02,20521,SBIN,U2,BOND 9.50% PA SERIES 2,INE062A08025,1,1000000,2,0,3,0,973987200,0,0,1298742279,Y
2026-04-02,22351,SBIN,U3,BOND 9.75% PA RET. S3,INE062A08033,1,1000000,2,0,1,0,985305600,0,0,1459616139,N
2026-04-02,22353,SBIN,U4,BOND 9.30% PA NON RET. S3,INE062A08041,1,1000000,2,0,1,0,985305600,0,0,1459616139,N
2026-04-02,22355,SBIN,U5,BOND 9.95% PA RET. S4,INE062A08058,1,1000000,2,0,3,0,985305600,0,0,1301159429,Y
2026-04-02,22357,SBIN,U6,BOND 9.45% PA NON RET. S4,INE062A08066,1,1000000,2,0,3,0,985305600,0,0,1301159429,Y
2026-04-06,11107,HDFCBANK,AF,HDFC BANK LTD,INE040A01034,1,100,0,0,1,0,1248566400,0,0,1459963930,N
2026-04-06,4813,HDFCBANK,BE,HDFC BANK-DEPO. SETT.,INE040A01034,1,100,0,0,1,0,551059200,0,0,1459963930,N
2026-04-06,12431,HDFCBANK,BL,HDFC BANK LTD,INE040A01034,999999999,100,0,0,1,0,816220800,0,0,1459963930,N
2026-04-06,1333,HDFCBANK,EQ,HDFC BANK LTD,INE040A01034,1,100,0,0,6,1,500256000,0,0,1459965336,N
2026-04-06,27835,HDFCBANK,IQ,HDFC BANK LTD.,INE040A01034,1,200,0,0,1,0,1029369600,0,0,1459964711,N
2026-04-06,17321,HDFCBANK,K3,HDFC BANK LIMITED,INE040A13013,600,55725,3,0,3,0,1374019200,0,0,1377280986,Y
2026-04-06,15854,HDFCBANK,RL,HDFC BANK LTD,INE040A01034,1,100,0,0,1,0,893203200,0,0,1459963930,N
2026-04-06,757205,HDFCBANK,T0,HDFC BANK LTD,INE040A01034,1,100,0,0,1,1,1433030400,0,0,1459962194,N
2026-04-06,757206,HDFCBANK,TL,HDFC BANK LTD,INE040A01034,999999999,100,0,0,1,0,1433030400,0,0,1459963930,N
2026-04-06,17320,HDFCBANK,W3,HDFC BANK LIMITED,INE040A13013,600,55725,3,0,3,0,1374019200,0,0,1377280986,Y
2026-04-06,11111,ICICIBANK,AF,ICICI BANK LTD.,INE090A01021,1,200,0,0,1,0,1248566400,0,0,1459963963,N
2026-04-06,4967,ICICIBANK,BE,ICICI BANK LTD DEPO SETT,INE090A01021,1,200,0,0,1,0,559526400,0,0,1459963963,N
2026-04-06,12458,ICICIBANK,BL,ICICI BANK LTD.,INE090A01021,999999999,200,0,0,1,0,816220800,0,0,1459963963,N
2026-04-06,4963,ICICIBANK,EQ,ICICI BANK LTD.,INE090A01021,1,200,0,0,6,1,559526400,0,0,1459965336,N
2026-04-06,27885,ICICIBANK,IQ,ICICI BANK LTD.,INE090A01021,1,1000,0,0,1,0,1029369600,0,0,1459962191,N
2026-04-06,15897,ICICIBANK,RL,ICICI BANK LTD.,INE090A01021,1,200,0,0,1,0,893203200,0,0,1459963963,N
2026-04-06,757217,ICICIBANK,T0,ICICI BANK LTD.,INE090A01021,1,200,0,0,1,1,1433030400,0,0,1459962194,N
2026-04-06,757218,ICICIBANK,TL,ICICI BANK LTD.,INE090A01021,999999999,200,0,0,1,0,1433030400,0,0,1459963963,N
2026-04-06,11117,LT,AF,LARSEN & TOUBRO LTD.,INE018A01030,1,200,0,0,1,0,1248566400,0,0,1459964710,N
2026-04-06,11484,LT,BE,LARSEN & TOUBRO LTD.,INE018A01030,1,200,0,0,1,0,772416000,0,0,1459964710,N
2026-04-06,12562,LT,BL,LARSEN & TOUBRO LTD.,INE018A01030,999999999,200,0,0,1,0,816220800,0,0,1459963971,N
2026-04-06,11483,LT,EQ,LARSEN & TOUBRO LTD.,INE018A01030,1,200,0,0,6,1,772416000,0,0,1459965337,N
2026-04-06,28092,LT,IQ,LARSEN & TOUBRO LIMITED,INE018A01030,1,200,0,0,1,0,1029369600,0,0,1459962191,N
2026-04-06,16070,LT,RL,LARSEN & TOUBRO LTD.,INE018A01030,1,200,0,0,1,0,893203200,0,0,1459964710,N
2026-04-06,757249,LT,T0,LARSEN & TOUBRO LTD.,INE018A01030,1,200,0,0,1,1,1433030400,0,0,1459964712,N
2026-04-06,757250,LT,TL,LARSEN & TOUBRO LTD.,INE018A01030,999999999,200,0,0,1,0,1433030400,0,0,1459963971,N
2026-04-06,11139,RELIANCE,AF,RELIANCE INDUSTRIES LTD,INE002A01018,1,1000,0,0,1,0,1248566400,0,0,1459963959,N
2026-04-06,4615,RELIANCE,BE,RELIANCE IND DEPO-SETT,INE002A01018,1,1000,0,0,1,0,502070400,0,0,1459963959,N
2026-04-06,12713,RELIANCE,BL,RELIANCE INDUSTRIES LTD,INE002A01018,999999999,1000,0,0,1,0,816220800,0,0,1459963959,N
2026-04-06,2885,RELIANCE,EQ,RELIANCE INDUSTRIES LTD,INE002A01018,1,1000,0,0,6,1,502070400,0,0,1459965337,N
2026-04-06,28389,RELIANCE,IQ,RELIANCE INDUSTRIES LTD,INE002A01018,1,1000,0,0,1,0,1029369600,0,0,1459962191,N
2026-04-06,16328,RELIANCE,RL,RELIANCE INDUSTRIES LTD,INE002A01018,1,1000,0,0,1,0,893203200,0,0,1459963959,N
2026-04-06,757287,RELIANCE,T0,RELIANCE INDUSTRIES LTD,INE002A01018,1,1000,0,0,1,1,1433030400,0,0,1459962194,N
2026-04-06,757288,RELIANCE,TL,RELIANCE INDUSTRIES LTD,INE002A01018,999999999,1000,0,0,1,0,1433030400,0,0,1459963959,N
2026-04-06,11128,SBIN,AF,STATE BANK OF INDIA,INE062A01020,1,100,0,0,1,0,1248566400,0,0,1459963959,N
2026-04-06,4884,SBIN,BE,SBIN - DEPO SETT,INE062A01020,1,100,0,0,1,0,554688000,0,0,1459963959,N
2026-04-06,12740,SBIN,BL,STATE BANK OF INDIA,INE062A01020,999999999,100,0,0,1,0,816220800,0,0,1459963959,N
2026-04-06,3045,SBIN,EQ,STATE BANK OF INDIA,INE062A01020,1,100,0,0,6,1,478483200,0,0,1459965337,N
2026-04-06,28450,SBIN,IQ,STATE BANK OF INDIA,INE062A01020,1,1000,0,0,1,0,1029369600,0,0,1459962191,N
2026-04-06,20520,SBIN,N2,BOND 9.50% PA SERIES 2,INE062A08025,1,1000000,2,0,3,0,973987200,0,0,1298742279,Y
2026-04-06,22350,SBIN,N3,BOND 9.75% PA RET. S3,INE062A08033,1,1000000,2,0,3,0,985305600,0,0,1340475767,Y
2026-04-06,22352,SBIN,N4,BOND 9.30% PA NON RET. S3,INE062A08041,1,1000000,2,0,3,0,985305600,0,0,1340475767,Y
2026-04-06,22354,SBIN,N5,BOND 9.95% PA RET. S4,INE062A08058,1,1000000,2,0,3,0,985305600,0,0,1301159429,Y
2026-04-06,22356,SBIN,N6,BOND 9.45% PA NON RET. S4,INE062A08066,1,1000000,2,0,3,0,985305600,0,0,1301159429,Y
2026-04-06,16382,SBIN,RL,STATE BANK OF INDIA,INE062A01020,1,100,0,0,1,0,893203200,0,0,1459963959,N
2026-04-06,23256,SBIN,T0,STATE BANK OF INDIA,INE062A01020,1,100,0,0,1,1,1396051200,0,0,1459962190,N
2026-04-06,756131,SBIN,TL,STATE BANK OF INDIA,INE062A01020,999999999,100,0,0,1,0,1430611200,0,0,1459963959,N
2026-04-06,20521,SBIN,U2,BOND 9.50% PA SERIES 2,INE062A08025,1,1000000,2,0,3,0,973987200,0,0,1298742279,Y
2026-04-06,22351,SBIN,U3,BOND 9.75% PA RET. S3,INE062A08033,1,1000000,2,0,1,0,985305600,0,0,1459962190,N
2026-04-06,22353,SBIN,U4,BOND 9.30% PA NON RET. S3,INE062A08041,1,1000000,2,0,1,0,985305600,0,0,1459962190,N
2026-04-06,22355,SBIN,U5,BOND 9.95% PA RET. S4,INE062A08058,1,1000000,2,0,3,0,985305600,0,0,1301159429,Y
2026-04-06,22357,SBIN,U6,BOND 9.45% PA NON RET. S4,INE062A08066,1,1000000,2,0,3,0,985305600,0,0,1301159429,Y
2026-04-07,11107,HDFCBANK,AF,HDFC BANK LTD,INE040A01034,1,100,0,0,1,0,1248566400,0,0,1460049194,N
2026-04-07,4813,HDFCBANK,BE,HDFC BANK-DEPO. SETT.,INE040A01034,1,100,0,0,1,0,551059200,0,0,1460049194,N
2026-04-07,12431,HDFCBANK,BL,HDFC BANK LTD,INE040A01034,999999999,100,0,0,1,0,816220800,0,0,1460049194,N
2026-04-07,1333,HDFCBANK,EQ,HDFC BANK LTD,INE040A01034,1,100,0,0,6,1,500256000,0,0,1460049312,N
2026-04-07,27835,HDFCBANK,IQ,HDFC BANK LTD.,INE040A01034,1,200,0,0,1,0,1029369600,0,0,1460047390,N
2026-04-07,17321,HDFCBANK,K3,HDFC BANK LIMITED,INE040A13013,600,55725,3,0,3,0,1374019200,0,0,1377280986,Y
2026-04-07,15854,HDFCBANK,RL,HDFC BANK LTD,INE040A01034,1,100,0,0,1,0,893203200,0,0,1460049194,N
2026-04-07,757205,HDFCBANK,T0,HDFC BANK LTD,INE040A01034,1,100,0,0,1,1,1433030400,0,0,1460047393,N
2026-04-07,757206,HDFCBANK,TL,HDFC BANK LTD,INE040A01034,999999999,100,0,0,1,0,1433030400,0,0,1460049194,N
2026-04-07,17320,HDFCBANK,W3,HDFC BANK LIMITED,INE040A13013,600,55725,3,0,3,0,1374019200,0,0,1377280986,Y
2026-04-07,11111,ICICIBANK,AF,ICICI BANK LTD.,INE090A01021,1,200,0,0,1,0,1248566400,0,0,1460049227,N
2026-04-07,4967,ICICIBANK,BE,ICICI BANK LTD DEPO SETT,INE090A01021,1,200,0,0,1,0,559526400,0,0,1460049227,N
2026-04-07,12458,ICICIBANK,BL,ICICI BANK LTD.,INE090A01021,999999999,200,0,0,1,0,816220800,0,0,1460049227,N
2026-04-07,4963,ICICIBANK,EQ,ICICI BANK LTD.,INE090A01021,1,200,0,0,6,1,559526400,0,0,1460049312,N
2026-04-07,27885,ICICIBANK,IQ,ICICI BANK LTD.,INE090A01021,1,1000,0,0,1,0,1029369600,0,0,1460050512,N
2026-04-07,15897,ICICIBANK,RL,ICICI BANK LTD.,INE090A01021,1,200,0,0,1,0,893203200,0,0,1460049227,N
2026-04-07,757217,ICICIBANK,T0,ICICI BANK LTD.,INE090A01021,1,200,0,0,1,1,1433030400,0,0,1460047393,N
2026-04-07,757218,ICICIBANK,TL,ICICI BANK LTD.,INE090A01021,999999999,200,0,0,1,0,1433030400,0,0,1460049227,N
2026-04-07,11117,LT,AF,LARSEN & TOUBRO LTD.,INE018A01030,1,200,0,0,1,0,1248566400,0,0,1460049235,N
2026-04-07,11484,LT,BE,LARSEN & TOUBRO LTD.,INE018A01030,1,200,0,0,1,0,772416000,0,0,1460049235,N
2026-04-07,12562,LT,BL,LARSEN & TOUBRO LTD.,INE018A01030,999999999,200,0,0,1,0,816220800,0,0,1460049235,N
2026-04-07,11483,LT,EQ,LARSEN & TOUBRO LTD.,INE018A01030,1,200,0,0,6,1,772416000,0,0,1460049312,N
2026-04-07,28092,LT,IQ,LARSEN & TOUBRO LIMITED,INE018A01030,1,200,0,0,1,0,1029369600,0,0,1460050512,N
2026-04-07,16070,LT,RL,LARSEN & TOUBRO LTD.,INE018A01030,1,200,0,0,1,0,893203200,0,0,1460049235,N
2026-04-07,757249,LT,T0,LARSEN & TOUBRO LTD.,INE018A01030,1,200,0,0,1,1,1433030400,0,0,1460047393,N
2026-04-07,757250,LT,TL,LARSEN & TOUBRO LTD.,INE018A01030,999999999,200,0,0,1,0,1433030400,0,0,1460049235,N
2026-04-07,11139,RELIANCE,AF,RELIANCE INDUSTRIES LTD,INE002A01018,1,1000,0,0,1,0,1248566400,0,0,1460049223,N
2026-04-07,4615,RELIANCE,BE,RELIANCE IND DEPO-SETT,INE002A01018,1,1000,0,0,1,0,502070400,0,0,1460049223,N
2026-04-07,12713,RELIANCE,BL,RELIANCE INDUSTRIES LTD,INE002A01018,999999999,1000,0,0,1,0,816220800,0,0,1460049223,N
2026-04-07,2885,RELIANCE,EQ,RELIANCE INDUSTRIES LTD,INE002A01018,1,1000,0,0,6,1,502070400,0,0,1460049312,N
2026-04-07,28389,RELIANCE,IQ,RELIANCE INDUSTRIES LTD,INE002A01018,1,1000,0,0,1,0,1029369600,0,0,1460050512,N
2026-04-07,16328,RELIANCE,RL,RELIANCE INDUSTRIES LTD,INE002A01018,1,1000,0,0,1,0,893203200,0,0,1460049223,N
2026-04-07,757287,RELIANCE,T0,RELIANCE INDUSTRIES LTD,INE002A01018,1,1000,0,0,1,1,1433030400,0,0,1460047393,N
2026-04-07,757288,RELIANCE,TL,RELIANCE INDUSTRIES LTD,INE002A01018,999999999,1000,0,0,1,0,1433030400,0,0,1460049223,N
2026-04-07,11128,SBIN,AF,STATE BANK OF INDIA,INE062A01020,1,100,0,0,1,0,1248566400,0,0,1460049224,N
2026-04-07,4884,SBIN,BE,SBIN - DEPO SETT,INE062A01020,1,100,0,0,1,0,554688000,0,0,1460049223,N
2026-04-07,12740,SBIN,BL,STATE BANK OF INDIA,INE062A01020,999999999,100,0,0,1,0,816220800,0,0,1460049223,N
2026-04-07,3045,SBIN,EQ,STATE BANK OF INDIA,INE062A01020,1,100,0,0,6,1,478483200,0,0,1460049312,N
2026-04-07,28450,SBIN,IQ,STATE BANK OF INDIA,INE062A01020,1,1000,0,0,1,0,1029369600,0,0,1460050512,N
2026-04-07,20520,SBIN,N2,BOND 9.50% PA SERIES 2,INE062A08025,1,1000000,2,0,3,0,973987200,0,0,1298742279,Y
2026-04-07,22350,SBIN,N3,BOND 9.75% PA RET. S3,INE062A08033,1,1000000,2,0,3,0,985305600,0,0,1340475767,Y
2026-04-07,22352,SBIN,N4,BOND 9.30% PA NON RET. S3,INE062A08041,1,1000000,2,0,3,0,985305600,0,0,1340475767,Y
2026-04-07,22354,SBIN,N5,BOND 9.95% PA RET. S4,INE062A08058,1,1000000,2,0,3,0,985305600,0,0,1301159429,Y
2026-04-07,22356,SBIN,N6,BOND 9.45% PA NON RET. S4,INE062A08066,1,1000000,2,0,3,0,985305600,0,0,1301159429,Y
2026-04-07,16382,SBIN,RL,STATE BANK OF INDIA,INE062A01020,1,100,0,0,1,0,893203200,0,0,1460049223,N
2026-04-07,23256,SBIN,T0,STATE BANK OF INDIA,INE062A01020,1,100,0,0,1,1,1396051200,0,0,1460047389,N
2026-04-07,756131,SBIN,TL,STATE BANK OF INDIA,INE062A01020,999999999,100,0,0,1,0,1430611200,0,0,1460049224,N
2026-04-07,20521,SBIN,U2,BOND 9.50% PA SERIES 2,INE062A08025,1,1000000,2,0,3,0,973987200,0,0,1298742279,Y
2026-04-07,22351,SBIN,U3,BOND 9.75% PA RET. S3,INE062A08033,1,1000000,2,0,1,0,985305600,0,0,1460047389,N
2026-04-07,22353,SBIN,U4,BOND 9.30% PA NON RET. S3,INE062A08041,1,1000000,2,0,1,0,985305600,0,0,1460047389,N
2026-04-07,22355,SBIN,U5,BOND 9.95% PA RET. S4,INE062A08058,1,1000000,2,0,3,0,985305600,0,0,1301159429,Y
2026-04-07,22357,SBIN,U6,BOND 9.45% PA NON RET. S4,INE062A08066,1,1000000,2,0,3,0,985305600,0,0,1301159429,Y
2026-04-08,11107,HDFCBANK,AF,HDFC BANK LTD,INE040A01034,1,100,0,0,1,0,1248566400,0,0,1460137458,N
2026-04-08,4813,HDFCBANK,BE,HDFC BANK-DEPO. SETT.,INE040A01034,1,100,0,0,1,0,551059200,0,0,1460137457,N
2026-04-08,12431,HDFCBANK,BL,HDFC BANK LTD,INE040A01034,999999999,100,0,0,1,0,816220800,0,0,1460136666,N
2026-04-08,1333,HDFCBANK,EQ,HDFC BANK LTD,INE040A01034,1,100,0,0,6,1,500256000,0,0,1460140704,N
2026-04-08,27835,HDFCBANK,IQ,HDFC BANK LTD.,INE040A01034,1,200,0,0,1,0,1029369600,0,0,1460137459,N
2026-04-08,17321,HDFCBANK,K3,HDFC BANK LIMITED,INE040A13013,600,55725,3,0,3,0,1374019200,0,0,1377280986,Y
2026-04-08,15854,HDFCBANK,RL,HDFC BANK LTD,INE040A01034,1,100,0,0,1,0,893203200,0,0,1460137458,N
2026-04-08,757205,HDFCBANK,T0,HDFC BANK LTD,INE040A01034,1,100,0,0,1,1,1433030400,0,0,1460137460,N
2026-04-08,757206,HDFCBANK,TL,HDFC BANK LTD,INE040A01034,999999999,100,0,0,1,0,1433030400,0,0,1460136666,N
2026-04-08,17320,HDFCBANK,W3,HDFC BANK LIMITED,INE040A13013,600,55725,3,0,3,0,1374019200,0,0,1377280986,Y
2026-04-08,11111,ICICIBANK,AF,ICICI BANK LTD.,INE090A01021,1,200,0,0,1,0,1248566400,0,0,1460137458,N
2026-04-08,4967,ICICIBANK,BE,ICICI BANK LTD DEPO SETT,INE090A01021,1,200,0,0,1,0,559526400,0,0,1460137457,N
2026-04-08,12458,ICICIBANK,BL,ICICI BANK LTD.,INE090A01021,999999999,200,0,0,1,0,816220800,0,0,1460136698,N
2026-04-08,4963,ICICIBANK,EQ,ICICI BANK LTD.,INE090A01021,1,200,0,0,6,1,559526400,0,0,1460140704,N
2026-04-08,27885,ICICIBANK,IQ,ICICI BANK LTD.,INE090A01021,1,1000,0,0,1,0,1029369600,0,0,1460137459,N
2026-04-08,15897,ICICIBANK,RL,ICICI BANK LTD.,INE090A01021,1,200,0,0,1,0,893203200,0,0,1460137458,N
2026-04-08,757217,ICICIBANK,T0,ICICI BANK LTD.,INE090A01021,1,200,0,0,1,1,1433030400,0,0,1460137460,N
2026-04-08,757218,ICICIBANK,TL,ICICI BANK LTD.,INE090A01021,999999999,200,0,0,1,0,1433030400,0,0,1460136698,N
2026-04-08,11117,LT,AF,LARSEN & TOUBRO LTD.,INE018A01030,1,200,0,0,1,0,1248566400,0,0,1460137458,N
2026-04-08,11484,LT,BE,LARSEN & TOUBRO LTD.,INE018A01030,1,200,0,0,1,0,772416000,0,0,1460137458,N
2026-04-08,12562,LT,BL,LARSEN & TOUBRO LTD.,INE018A01030,999999999,200,0,0,1,0,816220800,0,0,1460136706,N
2026-04-08,11483,LT,EQ,LARSEN & TOUBRO LTD.,INE018A01030,1,200,0,0,6,1,772416000,0,0,1460140704,N
2026-04-08,28092,LT,IQ,LARSEN & TOUBRO LIMITED,INE018A01030,1,200,0,0,1,0,1029369600,0,0,1460134818,N
2026-04-08,16070,LT,RL,LARSEN & TOUBRO LTD.,INE018A01030,1,200,0,0,1,0,893203200,0,0,1460137458,N
2026-04-08,757249,LT,T0,LARSEN & TOUBRO LTD.,INE018A01030,1,200,0,0,1,1,1433030400,0,0,1460137460,N
2026-04-08,757250,LT,TL,LARSEN & TOUBRO LTD.,INE018A01030,999999999,200,0,0,1,0,1433030400,0,0,1460136706,N
2026-04-08,11139,RELIANCE,AF,RELIANCE INDUSTRIES LTD,INE002A01018,1,1000,0,0,1,0,1248566400,0,0,1460136695,N
2026-04-08,4615,RELIANCE,BE,RELIANCE IND DEPO-SETT,INE002A01018,1,1000,0,0,1,0,502070400,0,0,1460136695,N
2026-04-08,12713,RELIANCE,BL,RELIANCE INDUSTRIES LTD,INE002A01018,999999999,1000,0,0,1,0,816220800,0,0,1460136695,N
2026-04-08,2885,RELIANCE,EQ,RELIANCE INDUSTRIES LTD,INE002A01018,1,1000,0,0,6,1,502070400,0,0,1460140705,N
2026-04-08,28389,RELIANCE,IQ,RELIANCE INDUSTRIES LTD,INE002A01018,1,1000,0,0,1,0,1029369600,0,0,1460134818,N
2026-04-08,16328,RELIANCE,RL,RELIANCE INDUSTRIES LTD,INE002A01018,1,1000,0,0,1,0,893203200,0,0,1460136695,N
2026-04-08,757287,RELIANCE,T0,RELIANCE INDUSTRIES LTD,INE002A01018,1,1000,0,0,1,1,1433030400,0,0,1460134821,N
2026-04-08,757288,RELIANCE,TL,RELIANCE INDUSTRIES LTD,INE002A01018,999999999,1000,0,0,1,0,1433030400,0,0,1460136695,N
2026-04-08,11128,SBIN,AF,STATE BANK OF INDIA,INE062A01020,1,100,0,0,1,0,1248566400,0,0,1460136695,N
2026-04-08,4884,SBIN,BE,SBIN - DEPO SETT,INE062A01020,1,100,0,0,1,0,554688000,0,0,1460136695,N
2026-04-08,12740,SBIN,BL,STATE BANK OF INDIA,INE062A01020,999999999,100,0,0,1,0,816220800,0,0,1460136695,N
2026-04-08,3045,SBIN,EQ,STATE BANK OF INDIA,INE062A01020,1,100,0,0,6,1,478483200,0,0,1460140705,N
2026-04-08,28450,SBIN,IQ,STATE BANK OF INDIA,INE062A01020,1,1000,0,0,1,0,1029369600,0,0,1460134818,N
2026-04-08,20520,SBIN,N2,BOND 9.50% PA SERIES 2,INE062A08025,1,1000000,2,0,3,0,973987200,0,0,1298742279,Y
2026-04-08,22350,SBIN,N3,BOND 9.75% PA RET. S3,INE062A08033,1,1000000,2,0,3,0,985305600,0,0,1340475767,Y
2026-04-08,22352,SBIN,N4,BOND 9.30% PA NON RET. S3,INE062A08041,1,1000000,2,0,3,0,985305600,0,0,1340475767,Y
2026-04-08,22354,SBIN,N5,BOND 9.95% PA RET. S4,INE062A08058,1,1000000,2,0,3,0,985305600,0,0,1301159429,Y
2026-04-08,22356,SBIN,N6,BOND 9.45% PA NON RET. S4,INE062A08066,1,1000000,2,0,3,0,985305600,0,0,1301159429,Y
2026-04-08,16382,SBIN,RL,STATE BANK OF INDIA,INE062A01020,1,100,0,0,1,0,893203200,0,0,1460136695,N
2026-04-08,23256,SBIN,T0,STATE BANK OF INDIA,INE062A01020,1,100,0,0,1,1,1396051200,0,0,1460134817,N
2026-04-08,756131,SBIN,TL,STATE BANK OF INDIA,INE062A01020,999999999,100,0,0,1,0,1430611200,0,0,1460136695,N
2026-04-08,20521,SBIN,U2,BOND 9.50% PA SERIES 2,INE062A08025,1,1000000,2,0,3,0,973987200,0,0,1298742279,Y
2026-04-08,22351,SBIN,U3,BOND 9.75% PA RET. S3,INE062A08033,1,1000000,2,0,1,0,985305600,0,0,1460134817,N
2026-04-08,22353,SBIN,U4,BOND 9.30% PA NON RET. S3,INE062A08041,1,1000000,2,0,1,0,985305600,0,0,1460134817,N
2026-04-08,22355,SBIN,U5,BOND 9.95% PA RET. S4,INE062A08058,1,1000000,2,0,3,0,985305600,0,0,1301159429,Y
2026-04-08,22357,SBIN,U6,BOND 9.45% PA NON RET. S4,INE062A08066,1,1000000,2,0,3,0,985305600,0,0,1301159429,Y
2026-04-09,11107,HDFCBANK,AF,HDFC BANK LTD,INE040A01034,1,100,0,0,1,0,1248566400,0,0,1460224128,N
2026-04-09,4813,HDFCBANK,BE,HDFC BANK-DEPO. SETT.,INE040A01034,1,100,0,0,1,0,551059200,0,0,1460224128,N
2026-04-09,12431,HDFCBANK,BL,HDFC BANK LTD,INE040A01034,999999999,100,0,0,1,0,816220800,0,0,1460223240,N
2026-04-09,1333,HDFCBANK,EQ,HDFC BANK LTD,INE040A01034,1,100,0,0,6,1,500256000,0,0,1460230393,N
2026-04-09,27835,HDFCBANK,IQ,HDFC BANK LTD.,INE040A01034,1,200,0,0,1,0,1029369600,0,0,1460224129,N
2026-04-09,17321,HDFCBANK,K3,HDFC BANK LIMITED,INE040A13013,600,55725,3,0,3,0,1374019200,0,0,1377280986,Y
2026-04-09,15854,HDFCBANK,RL,HDFC BANK LTD,INE040A01034,1,100,0,0,1,0,893203200,0,0,1460224129,N
2026-04-09,757205,HDFCBANK,T0,HDFC BANK LTD,INE040A01034,1,100,0,0,1,1,1433030400,0,0,1460224130,N
2026-04-09,757206,HDFCBANK,TL,HDFC BANK LTD,INE040A01034,999999999,100,0,0,1,0,1433030400,0,0,1460223240,N
2026-04-09,17320,HDFCBANK,W3,HDFC BANK LIMITED,INE040A13013,600,55725,3,0,3,0,1374019200,0,0,1377280986,Y
2026-04-09,11111,ICICIBANK,AF,ICICI BANK LTD.,INE090A01021,1,200,0,0,1,0,1248566400,0,0,1460223272,N
2026-04-09,4967,ICICIBANK,BE,ICICI BANK LTD DEPO SETT,INE090A01021,1,200,0,0,1,0,559526400,0,0,1460223272,N
2026-04-09,12458,ICICIBANK,BL,ICICI BANK LTD.,INE090A01021,999999999,200,0,0,1,0,816220800,0,0,1460223272,N
2026-04-09,4963,ICICIBANK,EQ,ICICI BANK LTD.,INE090A01021,1,200,0,0,6,1,559526400,0,0,1460230393,N
2026-04-09,27885,ICICIBANK,IQ,ICICI BANK LTD.,INE090A01021,1,1000,0,0,1,0,1029369600,0,0,1460224130,N
2026-04-09,15897,ICICIBANK,RL,ICICI BANK LTD.,INE090A01021,1,200,0,0,1,0,893203200,0,0,1460223272,N
2026-04-09,757217,ICICIBANK,T0,ICICI BANK LTD.,INE090A01021,1,200,0,0,1,1,1433030400,0,0,1460220419,N
2026-04-09,757218,ICICIBANK,TL,ICICI BANK LTD.,INE090A01021,999999999,200,0,0,1,0,1433030400,0,0,1460223272,N
2026-04-09,11117,LT,AF,LARSEN & TOUBRO LTD.,INE018A01030,1,200,0,0,1,0,1248566400,0,0,1460223280,N
2026-04-09,11484,LT,BE,LARSEN & TOUBRO LTD.,INE018A01030,1,200,0,0,1,0,772416000,0,0,1460223280,N
2026-04-09,12562,LT,BL,LARSEN & TOUBRO LTD.,INE018A01030,999999999,200,0,0,1,0,816220800,0,0,1460223280,N
2026-04-09,11483,LT,EQ,LARSEN & TOUBRO LTD.,INE018A01030,1,200,0,0,6,1,772416000,0,0,1460230393,N
2026-04-09,28092,LT,IQ,LARSEN & TOUBRO LIMITED,INE018A01030,1,200,0,0,1,0,1029369600,0,0,1460224130,N
2026-04-09,16070,LT,RL,LARSEN & TOUBRO LTD.,INE018A01030,1,200,0,0,1,0,893203200,0,0,1460223280,N
2026-04-09,757249,LT,T0,LARSEN & TOUBRO LTD.,INE018A01030,1,200,0,0,1,1,1433030400,0,0,1460220419,N
2026-04-09,757250,LT,TL,LARSEN & TOUBRO LTD.,INE018A01030,999999999,200,0,0,1,0,1433030400,0,0,1460223280,N
2026-04-09,11139,RELIANCE,AF,RELIANCE INDUSTRIES LTD,INE002A01018,1,1000,0,0,1,0,1248566400,0,0,1460223269,N
2026-04-09,4615,RELIANCE,BE,RELIANCE IND DEPO-SETT,INE002A01018,1,1000,0,0,1,0,502070400,0,0,1460223269,N
2026-04-09,12713,RELIANCE,BL,RELIANCE INDUSTRIES LTD,INE002A01018,999999999,1000,0,0,1,0,816220800,0,0,1460223269,N
2026-04-09,2885,RELIANCE,EQ,RELIANCE INDUSTRIES LTD,INE002A01018,1,1000,0,0,6,1,502070400,0,0,1460230393,N
2026-04-09,28389,RELIANCE,IQ,RELIANCE INDUSTRIES LTD,INE002A01018,1,1000,0,0,1,0,1029369600,0,0,1460224130,N
2026-04-09,16328,RELIANCE,RL,RELIANCE INDUSTRIES LTD,INE002A01018,1,1000,0,0,1,0,893203200,0,0,1460223269,N
2026-04-09,757287,RELIANCE,T0,RELIANCE INDUSTRIES LTD,INE002A01018,1,1000,0,0,1,1,1433030400,0,0,1460220419,N
2026-04-09,757288,RELIANCE,TL,RELIANCE INDUSTRIES LTD,INE002A01018,999999999,1000,0,0,1,0,1433030400,0,0,1460223269,N
2026-04-09,11128,SBIN,AF,STATE BANK OF INDIA,INE062A01020,1,100,0,0,1,0,1248566400,0,0,1460223269,N
2026-04-09,4884,SBIN,BE,SBIN - DEPO SETT,INE062A01020,1,100,0,0,1,0,554688000,0,0,1460223269,N
2026-04-09,12740,SBIN,BL,STATE BANK OF INDIA,INE062A01020,999999999,100,0,0,1,0,816220800,0,0,1460223269,N
2026-04-09,3045,SBIN,EQ,STATE BANK OF INDIA,INE062A01020,1,100,0,0,6,1,478483200,0,0,1460230394,N
2026-04-09,28450,SBIN,IQ,STATE BANK OF INDIA,INE062A01020,1,1000,0,0,1,0,1029369600,0,0,1460224130,N
2026-04-09,20520,SBIN,N2,BOND 9.50% PA SERIES 2,INE062A08025,1,1000000,2,0,3,0,973987200,0,0,1298742279,Y
2026-04-09,22350,SBIN,N3,BOND 9.75% PA RET. S3,INE062A08033,1,1000000,2,0,3,0,985305600,0,0,1340475767,Y
2026-04-09,22352,SBIN,N4,BOND 9.30% PA NON RET. S3,INE062A08041,1,1000000,2,0,3,0,985305600,0,0,1340475767,Y
2026-04-09,22354,SBIN,N5,BOND 9.95% PA RET. S4,INE062A08058,1,1000000,2,0,3,0,985305600,0,0,1301159429,Y
2026-04-09,22356,SBIN,N6,BOND 9.45% PA NON RET. S4,INE062A08066,1,1000000,2,0,3,0,985305600,0,0,1301159429,Y
2026-04-09,16382,SBIN,RL,STATE BANK OF INDIA,INE062A01020,1,100,0,0,1,0,893203200,0,0,1460223269,N
2026-04-09,23256,SBIN,T0,STATE BANK OF INDIA,INE062A01020,1,100,0,0,1,1,1396051200,0,0,1460220415,N
2026-04-09,756131,SBIN,TL,STATE BANK OF INDIA,INE062A01020,999999999,100,0,0,1,0,1430611200,0,0,1460223269,N
2026-04-09,20521,SBIN,U2,BOND 9.50% PA SERIES 2,INE062A08025,1,1000000,2,0,3,0,973987200,0,0,1298742279,Y
2026-04-09,22351,SBIN,U3,BOND 9.75% PA RET. S3,INE062A08033,1,1000000,2,0,1,0,985305600,0,0,1460220415,N
2026-04-09,22353,SBIN,U4,BOND 9.30% PA NON RET. S3,INE062A08041,1,1000000,2,0,1,0,985305600,0,0,1460220415,N
2026-04-09,22355,SBIN,U5,BOND 9.95% PA RET. S4,INE062A08058,1,1000000,2,0,3,0,985305600,0,0,1301159429,Y
2026-04-09,22357,SBIN,U6,BOND 9.45% PA NON RET. S4,INE062A08066,1,1000000,2,0,3,0,985305600,0,0,1301159429,Y
2026-04-10,11107,HDFCBANK,AF,HDFC BANK LTD,INE040A01034,1,100,0,0,1,0,1248566400,0,0,1460309202,N
2026-04-10,4813,HDFCBANK,BE,HDFC BANK-DEPO. SETT.,INE040A01034,1,100,0,0,1,0,551059200,0,0,1460309202,N
2026-04-10,12431,HDFCBANK,BL,HDFC BANK LTD,INE040A01034,999999999,100,0,0,1,0,816220800,0,0,1460309202,N
2026-04-10,1333,HDFCBANK,EQ,HDFC BANK LTD,INE040A01034,1,100,0,0,6,1,500256000,0,0,1460318746,N
2026-04-10,27835,HDFCBANK,IQ,HDFC BANK LTD.,INE040A01034,1,200,0,0,1,0,1029369600,0,0,1460307313,N
2026-04-10,17321,HDFCBANK,K3,HDFC BANK LIMITED,INE040A13013,600,55725,3,0,3,0,1374019200,0,0,1377280986,Y
2026-04-10,15854,HDFCBANK,RL,HDFC BANK LTD,INE040A01034,1,100,0,0,1,0,893203200,0,0,1460309202,N
2026-04-10,757205,HDFCBANK,T0,HDFC BANK LTD,INE040A01034,1,100,0,0,1,1,1433030400,0,0,1460307316,N
2026-04-10,757206,HDFCBANK,TL,HDFC BANK LTD,INE040A01034,999999999,100,0,0,1,0,1433030400,0,0,1460309202,N
2026-04-10,17320,HDFCBANK,W3,HDFC BANK LIMITED,INE040A13013,600,55725,3,0,3,0,1374019200,0,0,1377280986,Y
2026-04-10,11111,ICICIBANK,AF,ICICI BANK LTD.,INE090A01021,1,200,0,0,1,0,1248566400,0,0,1460309235,N
2026-04-10,4967,ICICIBANK,BE,ICICI BANK LTD DEPO SETT,INE090A01021,1,200,0,0,1,0,559526400,0,0,1460309235,N
2026-04-10,12458,ICICIBANK,BL,ICICI BANK LTD.,INE090A01021,999999999,200,0,0,1,0,816220800,0,0,1460309235,N
2026-04-10,4963,ICICIBANK,EQ,ICICI BANK LTD.,INE090A01021,1,200,0,0,6,1,559526400,0,0,1460318746,N
2026-04-10,27885,ICICIBANK,IQ,ICICI BANK LTD.,INE090A01021,1,1000,0,0,1,0,1029369600,0,0,1460310879,N
2026-04-10,15897,ICICIBANK,RL,ICICI BANK LTD.,INE090A01021,1,200,0,0,1,0,893203200,0,0,1460309235,N
2026-04-10,757217,ICICIBANK,T0,ICICI BANK LTD.,INE090A01021,1,200,0,0,1,1,1433030400,0,0,1460307316,N
2026-04-10,757218,ICICIBANK,TL,ICICI BANK LTD.,INE090A01021,999999999,200,0,0,1,0,1433030400,0,0,1460309235,N
2026-04-10,11117,LT,AF,LARSEN & TOUBRO LTD.,INE018A01030,1,200,0,0,1,0,1248566400,0,0,1460309243,N
2026-04-10,11484,LT,BE,LARSEN & TOUBRO LTD.,INE018A01030,1,200,0,0,1,0,772416000,0,0,1460309243,N
2026-04-10,12562,LT,BL,LARSEN & TOUBRO LTD.,INE018A01030,999999999,200,0,0,1,0,816220800,0,0,1460309243,N
2026-04-10,11483,LT,EQ,LARSEN & TOUBRO LTD.,INE018A01030,1,200,0,0,6,1,772416000,0,0,1460318746,N
2026-04-10,28092,LT,IQ,LARSEN & TOUBRO LIMITED,INE018A01030,1,200,0,0,1,0,1029369600,0,0,1460310879,N
2026-04-10,16070,LT,RL,LARSEN & TOUBRO LTD.,INE018A01030,1,200,0,0,1,0,893203200,0,0,1460309243,N
2026-04-10,757249,LT,T0,LARSEN & TOUBRO LTD.,INE018A01030,1,200,0,0,1,1,1433030400,0,0,1460307316,N
2026-04-10,757250,LT,TL,LARSEN & TOUBRO LTD.,INE018A01030,999999999,200,0,0,1,0,1433030400,0,0,1460309243,N
2026-04-10,11139,RELIANCE,AF,RELIANCE INDUSTRIES LTD,INE002A01018,1,1000,0,0,1,0,1248566400,0,0,1460309231,N
2026-04-10,4615,RELIANCE,BE,RELIANCE IND DEPO-SETT,INE002A01018,1,1000,0,0,1,0,502070400,0,0,1460309231,N
2026-04-10,12713,RELIANCE,BL,RELIANCE INDUSTRIES LTD,INE002A01018,999999999,1000,0,0,1,0,816220800,0,0,1460309231,N
2026-04-10,2885,RELIANCE,EQ,RELIANCE INDUSTRIES LTD,INE002A01018,1,1000,0,0,6,1,502070400,0,0,1460318746,N
2026-04-10,28389,RELIANCE,IQ,RELIANCE INDUSTRIES LTD,INE002A01018,1,1000,0,0,1,0,1029369600,0,0,1460310879,N
2026-04-10,16328,RELIANCE,RL,RELIANCE INDUSTRIES LTD,INE002A01018,1,1000,0,0,1,0,893203200,0,0,1460309231,N
2026-04-10,757287,RELIANCE,T0,RELIANCE INDUSTRIES LTD,INE002A01018,1,1000,0,0,1,1,1433030400,0,0,1460307316,N
2026-04-10,757288,RELIANCE,TL,RELIANCE INDUSTRIES LTD,INE002A01018,999999999,1000,0,0,1,0,1433030400,0,0,1460309231,N
2026-04-10,11128,SBIN,AF,STATE BANK OF INDIA,INE062A01020,1,100,0,0,1,0,1248566400,0,0,1460309231,N
2026-04-10,4884,SBIN,BE,SBIN - DEPO SETT,INE062A01020,1,100,0,0,1,0,554688000,0,0,1460309231,N
2026-04-10,12740,SBIN,BL,STATE BANK OF INDIA,INE062A01020,999999999,100,0,0,1,0,816220800,0,0,1460309231,N
2026-04-10,3045,SBIN,EQ,STATE BANK OF INDIA,INE062A01020,1,100,0,0,6,1,478483200,0,0,1460318747,N
2026-04-10,28450,SBIN,IQ,STATE BANK OF INDIA,INE062A01020,1,1000,0,0,1,0,1029369600,0,0,1460310879,N
2026-04-10,20520,SBIN,N2,BOND 9.50% PA SERIES 2,INE062A08025,1,1000000,2,0,3,0,973987200,0,0,1298742279,Y
2026-04-10,22350,SBIN,N3,BOND 9.75% PA RET. S3,INE062A08033,1,1000000,2,0,3,0,985305600,0,0,1340475767,Y
2026-04-10,22352,SBIN,N4,BOND 9.30% PA NON RET. S3,INE062A08041,1,1000000,2,0,3,0,985305600,0,0,1340475767,Y
2026-04-10,22354,SBIN,N5,BOND 9.95% PA RET. S4,INE062A08058,1,1000000,2,0,3,0,985305600,0,0,1301159429,Y
2026-04-10,22356,SBIN,N6,BOND 9.45% PA NON RET. S4,INE062A08066,1,1000000,2,0,3,0,985305600,0,0,1301159429,Y
2026-04-10,16382,SBIN,RL,STATE BANK OF INDIA,INE062A01020,1,100,0,0,1,0,893203200,0,0,1460309231,N
2026-04-10,23256,SBIN,T0,STATE BANK OF INDIA,INE062A01020,1,100,0,0,1,1,1396051200,0,0,1460307313,N
2026-04-10,756131,SBIN,TL,STATE BANK OF INDIA,INE062A01020,999999999,100,0,0,1,0,1430611200,0,0,1460309231,N
2026-04-10,20521,SBIN,U2,BOND 9.50% PA SERIES 2,INE062A08025,1,1000000,2,0,3,0,973987200,0,0,1298742279,Y
2026-04-10,22351,SBIN,U3,BOND 9.75% PA RET. S3,INE062A08033,1,1000000,2,0,1,0,985305600,0,0,1460307312,N
2026-04-10,22353,SBIN,U4,BOND 9.30% PA NON RET. S3,INE062A08041,1,1000000,2,0,1,0,985305600,0,0,1460307312,N
2026-04-10,22355,SBIN,U5,BOND 9.95% PA RET. S4,INE062A08058,1,1000000,2,0,3,0,985305600,0,0,1301159429,Y
2026-04-10,22357,SBIN,U6,BOND 9.45% PA NON RET. S4,INE062A08066,1,1000000,2,0,3,0,985305600,0,0,1301159429,Y
2026-04-13,11107,HDFCBANK,AF,HDFC BANK LTD,INE040A01034,1,100,0,0,1,0,1248566400,0,0,1460568193,N
2026-04-13,4813,HDFCBANK,BE,HDFC BANK-DEPO. SETT.,INE040A01034,1,100,0,0,1,0,551059200,0,0,1460568193,N
2026-04-13,12431,HDFCBANK,BL,HDFC BANK LTD,INE040A01034,999999999,100,0,0,1,0,816220800,0,0,1460568193,N
2026-04-13,1333,HDFCBANK,EQ,HDFC BANK LTD,INE040A01034,1,100,0,0,6,1,500256000,0,0,1460574826,N
2026-04-13,27835,HDFCBANK,IQ,HDFC BANK LTD.,INE040A01034,1,200,0,0,1,0,1029369600,0,0,1460566202,N
2026-04-13,17321,HDFCBANK,K3,HDFC BANK LIMITED,INE040A13013,600,55725,3,0,3,0,1374019200,0,0,1377280986,Y
2026-04-13,15854,HDFCBANK,RL,HDFC BANK LTD,INE040A01034,1,100,0,0,1,0,893203200,0,0,1460568193,N
2026-04-13,757205,HDFCBANK,T0,HDFC BANK LTD,INE040A01034,1,100,0,0,1,1,1433030400,0,0,1460566205,N
2026-04-13,757206,HDFCBANK,TL,HDFC BANK LTD,INE040A01034,999999999,100,0,0,1,0,1433030400,0,0,1460568193,N
2026-04-13,17320,HDFCBANK,W3,HDFC BANK LIMITED,INE040A13013,600,55725,3,0,3,0,1374019200,0,0,1377280986,Y
2026-04-13,11111,ICICIBANK,AF,ICICI BANK LTD.,INE090A01021,1,200,0,0,1,0,1248566400,0,0,1460568225,N
2026-04-13,4967,ICICIBANK,BE,ICICI BANK LTD DEPO SETT,INE090A01021,1,200,0,0,1,0,559526400,0,0,1460568225,N
2026-04-13,12458,ICICIBANK,BL,ICICI BANK LTD.,INE090A01021,999999999,200,0,0,1,0,816220800,0,0,1460568225,N
2026-04-13,4963,ICICIBANK,EQ,ICICI BANK LTD.,INE090A01021,1,200,0,0,6,1,559526400,0,0,1460574826,N
2026-04-13,27885,ICICIBANK,IQ,ICICI BANK LTD.,INE090A01021,1,1000,0,0,1,0,1029369600,0,0,1460569698,N
2026-04-13,15897,ICICIBANK,RL,ICICI BANK LTD.,INE090A01021,1,200,0,0,1,0,893203200,0,0,1460568225,N
2026-04-13,757217,ICICIBANK,T0,ICICI BANK LTD.,INE090A01021,1,200,0,0,1,1,1433030400,0,0,1460566205,N
2026-04-13,757218,ICICIBANK,TL,ICICI BANK LTD.,INE090A01021,999999999,200,0,0,1,0,1433030400,0,0,1460568225,N
2026-04-13,11117,LT,AF,LARSEN & TOUBRO LTD.,INE018A01030,1,200,0,0,1,0,1248566400,0,0,1460568233,N
2026-04-13,11484,LT,BE,LARSEN & TOUBRO LTD.,INE018A01030,1,200,0,0,1,0,772416000,0,0,1460568233,N
2026-04-13,12562,LT,BL,LARSEN & TOUBRO LTD.,INE018A01030,999999999,200,0,0,1,0,816220800,0,0,1460568233,N
2026-04-13,11483,LT,EQ,LARSEN & TOUBRO LTD.,INE018A01030,1,200,0,0,6,1,772416000,0,0,1460574826,N
2026-04-13,28092,LT,IQ,LARSEN & TOUBRO LIMITED,INE018A01030,1,200,0,0,1,0,1029369600,0,0,1460566202,N
2026-04-13,16070,LT,RL,LARSEN & TOUBRO LTD.,INE018A01030,1,200,0,0,1,0,893203200,0,0,1460568233,N
2026-04-13,757249,LT,T0,LARSEN & TOUBRO LTD.,INE018A01030,1,200,0,0,1,1,1433030400,0,0,1460566205,N
2026-04-13,757250,LT,TL,LARSEN & TOUBRO LTD.,INE018A01030,999999999,200,0,0,1,0,1433030400,0,0,1460568233,N
2026-04-13,11139,RELIANCE,AF,RELIANCE INDUSTRIES LTD,INE002A01018,1,1000,0,0,1,0,1248566400,0,0,1460568222,N
2026-04-13,4615,RELIANCE,BE,RELIANCE IND DEPO-SETT,INE002A01018,1,1000,0,0,1,0,502070400,0,0,1460568221,N
2026-04-13,12713,RELIANCE,BL,RELIANCE INDUSTRIES LTD,INE002A01018,999999999,1000,0,0,1,0,816220800,0,0,1460568222,N
2026-04-13,2885,RELIANCE,EQ,RELIANCE INDUSTRIES LTD,INE002A01018,1,1000,0,0,6,1,502070400,0,0,1460574827,N
2026-04-13,28389,RELIANCE,IQ,RELIANCE INDUSTRIES LTD,INE002A01018,1,1000,0,0,1,0,1029369600,0,0,1460569698,N
2026-04-13,16328,RELIANCE,RL,RELIANCE INDUSTRIES LTD,INE002A01018,1,1000,0,0,1,0,893203200,0,0,1460568222,N
2026-04-13,757287,RELIANCE,T0,RELIANCE INDUSTRIES LTD,INE002A01018,1,1000,0,0,1,1,1433030400,0,0,1460566205,N
2026-04-13,757288,RELIANCE,TL,RELIANCE INDUSTRIES LTD,INE002A01018,999999999,1000,0,0,1,0,1433030400,0,0,1460568222,N
2026-04-13,11128,SBIN,AF,STATE BANK OF INDIA,INE062A01020,1,100,0,0,1,0,1248566400,0,0,1460568222,N
2026-04-13,4884,SBIN,BE,SBIN - DEPO SETT,INE062A01020,1,100,0,0,1,0,554688000,0,0,1460568222,N
2026-04-13,12740,SBIN,BL,STATE BANK OF INDIA,INE062A01020,999999999,100,0,0,1,0,816220800,0,0,1460568222,N
2026-04-13,3045,SBIN,EQ,STATE BANK OF INDIA,INE062A01020,1,100,0,0,6,1,478483200,0,0,1460574827,N
2026-04-13,28450,SBIN,IQ,STATE BANK OF INDIA,INE062A01020,1,1000,0,0,1,0,1029369600,0,0,1460569698,N
2026-04-13,20520,SBIN,N2,BOND 9.50% PA SERIES 2,INE062A08025,1,1000000,2,0,3,0,973987200,0,0,1298742279,Y
2026-04-13,22350,SBIN,N3,BOND 9.75% PA RET. S3,INE062A08033,1,1000000,2,0,3,0,985305600,0,0,1340475767,Y
2026-04-13,22352,SBIN,N4,BOND 9.30% PA NON RET. S3,INE062A08041,1,1000000,2,0,3,0,985305600,0,0,1340475767,Y
2026-04-13,22354,SBIN,N5,BOND 9.95% PA RET. S4,INE062A08058,1,1000000,2,0,3,0,985305600,0,0,1301159429,Y
2026-04-13,22356,SBIN,N6,BOND 9.45% PA NON RET. S4,INE062A08066,1,1000000,2,0,3,0,985305600,0,0,1301159429,Y
2026-04-13,16382,SBIN,RL,STATE BANK OF INDIA,INE062A01020,1,100,0,0,1,0,893203200,0,0,1460568222,N
2026-04-13,23256,SBIN,T0,STATE BANK OF INDIA,INE062A01020,1,100,0,0,1,1,1396051200,0,0,1460566201,N
2026-04-13,756131,SBIN,TL,STATE BANK OF INDIA,INE062A01020,999999999,100,0,0,1,0,1430611200,0,0,1460568222,N
2026-04-13,20521,SBIN,U2,BOND 9.50% PA SERIES 2,INE062A08025,1,1000000,2,0,3,0,973987200,0,0,1298742279,Y
2026-04-13,22351,SBIN,U3,BOND 9.75% PA RET. S3,INE062A08033,1,1000000,2,0,1,0,985305600,0,0,1460566201,N
2026-04-13,22353,SBIN,U4,BOND 9.30% PA NON RET. S3,INE062A08041,1,1000000,2,0,1,0,985305600,0,0,1460566201,N
2026-04-13,22355,SBIN,U5,BOND 9.95% PA RET. S4,INE062A08058,1,1000000,2,0,3,0,985305600,0,0,1301159429,Y
2026-04-13,22357,SBIN,U6,BOND 9.45% PA NON RET. S4,INE062A08066,1,1000000,2,0,3,0,985305600,0,0,1301159429,Y
2026-04-15,11107,HDFCBANK,AF,HDFC BANK LTD,INE040A01034,1,100,0,0,1,0,1248566400,0,0,1460740937,N
2026-04-15,4813,HDFCBANK,BE,HDFC BANK-DEPO. SETT.,INE040A01034,1,100,0,0,1,0,551059200,0,0,1460740937,N
2026-04-15,12431,HDFCBANK,BL,HDFC BANK LTD,INE040A01034,999999999,100,0,0,1,0,816220800,0,0,1460740937,N
2026-04-15,1333,HDFCBANK,EQ,HDFC BANK LTD,INE040A01034,1,100,0,0,6,1,500256000,0,0,1460743316,N
2026-04-15,27835,HDFCBANK,IQ,HDFC BANK LTD.,INE040A01034,1,200,0,0,1,0,1029369600,0,0,1460741501,N
2026-04-15,17321,HDFCBANK,K3,HDFC BANK LIMITED,INE040A13013,600,55725,3,0,3,0,1374019200,0,0,1377280986,Y
2026-04-15,15854,HDFCBANK,RL,HDFC BANK LTD,INE040A01034,1,100,0,0,1,0,893203200,0,0,1460740937,N
2026-04-15,757205,HDFCBANK,T0,HDFC BANK LTD,INE040A01034,1,100,0,0,1,1,1433030400,0,0,1460739471,N
2026-04-15,757206,HDFCBANK,TL,HDFC BANK LTD,INE040A01034,999999999,100,0,0,1,0,1433030400,0,0,1460740937,N
2026-04-15,17320,HDFCBANK,W3,HDFC BANK LIMITED,INE040A13013,600,55725,3,0,3,0,1374019200,0,0,1377280986,Y
2026-04-15,11111,ICICIBANK,AF,ICICI BANK LTD.,INE090A01021,1,200,0,0,1,0,1248566400,0,0,1460740970,N
2026-04-15,4967,ICICIBANK,BE,ICICI BANK LTD DEPO SETT,INE090A01021,1,200,0,0,1,0,559526400,0,0,1460740970,N
2026-04-15,12458,ICICIBANK,BL,ICICI BANK LTD.,INE090A01021,999999999,200,0,0,1,0,816220800,0,0,1460740970,N
2026-04-15,4963,ICICIBANK,EQ,ICICI BANK LTD.,INE090A01021,1,200,0,0,6,1,559526400,0,0,1460743316,N
2026-04-15,27885,ICICIBANK,IQ,ICICI BANK LTD.,INE090A01021,1,1000,0,0,1,0,1029369600,0,0,1460741501,N
2026-04-15,15897,ICICIBANK,RL,ICICI BANK LTD.,INE090A01021,1,200,0,0,1,0,893203200,0,0,1460740970,N
2026-04-15,757217,ICICIBANK,T0,ICICI BANK LTD.,INE090A01021,1,200,0,0,1,1,1433030400,0,0,1460739471,N
2026-04-15,757218,ICICIBANK,TL,ICICI BANK LTD.,INE090A01021,999999999,200,0,0,1,0,1433030400,0,0,1460740970,N
2026-04-15,11117,LT,AF,LARSEN & TOUBRO LTD.,INE018A01030,1,200,0,0,1,0,1248566400,0,0,1460741500,N
2026-04-15,11484,LT,BE,LARSEN & TOUBRO LTD.,INE018A01030,1,200,0,0,1,0,772416000,0,0,1460741500,N
2026-04-15,12562,LT,BL,LARSEN & TOUBRO LTD.,INE018A01030,999999999,200,0,0,1,0,816220800,0,0,1460740978,N
2026-04-15,11483,LT,EQ,LARSEN & TOUBRO LTD.,INE018A01030,1,200,0,0,6,1,772416000,0,0,1460743316,N
2026-04-15,28092,LT,IQ,LARSEN & TOUBRO LIMITED,INE018A01030,1,200,0,0,1,0,1029369600,0,0,1460739468,N
2026-04-15,16070,LT,RL,LARSEN & TOUBRO LTD.,INE018A01030,1,200,0,0,1,0,893203200,0,0,1460741500,N
2026-04-15,757249,LT,T0,LARSEN & TOUBRO LTD.,INE018A01030,1,200,0,0,1,1,1433030400,0,0,1460741502,N
2026-04-15,757250,LT,TL,LARSEN & TOUBRO LTD.,INE018A01030,999999999,200,0,0,1,0,1433030400,0,0,1460740978,N
2026-04-15,11139,RELIANCE,AF,RELIANCE INDUSTRIES LTD,INE002A01018,1,1000,0,0,1,0,1248566400,0,0,1460740966,N
2026-04-15,4615,RELIANCE,BE,RELIANCE IND DEPO-SETT,INE002A01018,1,1000,0,0,1,0,502070400,0,0,1460740966,N
2026-04-15,12713,RELIANCE,BL,RELIANCE INDUSTRIES LTD,INE002A01018,999999999,1000,0,0,1,0,816220800,0,0,1460740966,N
2026-04-15,2885,RELIANCE,EQ,RELIANCE INDUSTRIES LTD,INE002A01018,1,1000,0,0,6,1,502070400,0,0,1460743316,N
2026-04-15,28389,RELIANCE,IQ,RELIANCE INDUSTRIES LTD,INE002A01018,1,1000,0,0,1,0,1029369600,0,0,1460741502,N
2026-04-15,16328,RELIANCE,RL,RELIANCE INDUSTRIES LTD,INE002A01018,1,1000,0,0,1,0,893203200,0,0,1460740966,N
2026-04-15,757287,RELIANCE,T0,RELIANCE INDUSTRIES LTD,INE002A01018,1,1000,0,0,1,1,1433030400,0,0,1460739471,N
2026-04-15,757288,RELIANCE,TL,RELIANCE INDUSTRIES LTD,INE002A01018,999999999,1000,0,0,1,0,1433030400,0,0,1460740966,N
2026-04-15,11128,SBIN,AF,STATE BANK OF INDIA,INE062A01020,1,100,0,0,1,0,1248566400,0,0,1460740966,N
2026-04-15,4884,SBIN,BE,SBIN - DEPO SETT,INE062A01020,1,100,0,0,1,0,554688000,0,0,1460740966,N
2026-04-15,12740,SBIN,BL,STATE BANK OF INDIA,INE062A01020,999999999,100,0,0,1,0,816220800,0,0,1460740966,N
2026-04-15,3045,SBIN,EQ,STATE BANK OF INDIA,INE062A01020,1,100,0,0,6,1,478483200,0,0,1460743317,N
2026-04-15,28450,SBIN,IQ,STATE BANK OF INDIA,INE062A01020,1,1000,0,0,1,0,1029369600,0,0,1460741502,N
2026-04-15,20520,SBIN,N2,BOND 9.50% PA SERIES 2,INE062A08025,1,1000000,2,0,3,0,973987200,0,0,1298742279,Y
2026-04-15,22350,SBIN,N3,BOND 9.75% PA RET. S3,INE062A08033,1,1000000,2,0,3,0,985305600,0,0,1340475767,Y
2026-04-15,22352,SBIN,N4,BOND 9.30% PA NON RET. S3,INE062A08041,1,1000000,2,0,3,0,985305600,0,0,1340475767,Y
2026-04-15,22354,SBIN,N5,BOND 9.95% PA RET. S4,INE062A08058,1,1000000,2,0,3,0,985305600,0,0,1301159429,Y
2026-04-15,22356,SBIN,N6,BOND 9.45% PA NON RET. S4,INE062A08066,1,1000000,2,0,3,0,985305600,0,0,1301159429,Y
2026-04-15,16382,SBIN,RL,STATE BANK OF INDIA,INE062A01020,1,100,0,0,1,0,893203200,0,0,1460740966,N
2026-04-15,23256,SBIN,T0,STATE BANK OF INDIA,INE062A01020,1,100,0,0,1,1,1396051200,0,0,1460739467,N
2026-04-15,756131,SBIN,TL,STATE BANK OF INDIA,INE062A01020,999999999,100,0,0,1,0,1430611200,0,0,1460740966,N
2026-04-15,20521,SBIN,U2,BOND 9.50% PA SERIES 2,INE062A08025,1,1000000,2,0,3,0,973987200,0,0,1298742279,Y
2026-04-15,22351,SBIN,U3,BOND 9.75% PA RET. S3,INE062A08033,1,1000000,2,0,1,0,985305600,0,0,1460739467,N
2026-04-15,22353,SBIN,U4,BOND 9.30% PA NON RET. S3,INE062A08041,1,1000000,2,0,1,0,985305600,0,0,1460739467,N
2026-04-15,22355,SBIN,U5,BOND 9.95% PA RET. S4,INE062A08058,1,1000000,2,0,3,0,985305600,0,0,1301159429,Y
2026-04-15,22357,SBIN,U6,BOND 9.45% PA NON RET. S4,INE062A08066,1,1000000,2,0,3,0,985305600,0,0,1301159429,Y
2026-04-16,11107,HDFCBANK,AF,HDFC BANK LTD,INE040A01034,1,100,0,0,1,0,1248566400,0,0,1460828734,N
2026-04-16,4813,HDFCBANK,BE,HDFC BANK-DEPO. SETT.,INE040A01034,1,100,0,0,1,0,551059200,0,0,1460828734,N
2026-04-16,12431,HDFCBANK,BL,HDFC BANK LTD,INE040A01034,999999999,100,0,0,1,0,816220800,0,0,1460828734,N
2026-04-16,1333,HDFCBANK,EQ,HDFC BANK LTD,INE040A01034,1,100,0,0,6,1,500256000,0,0,1460829994,N
2026-04-16,27835,HDFCBANK,IQ,HDFC BANK LTD.,INE040A01034,1,200,0,0,1,0,1029369600,0,0,1460826312,N
2026-04-16,17321,HDFCBANK,K3,HDFC BANK LIMITED,INE040A13013,600,55725,3,0,3,0,1374019200,0,0,1377280986,Y
2026-04-16,15854,HDFCBANK,RL,HDFC BANK LTD,INE040A01034,1,100,0,0,1,0,893203200,0,0,1460828734,N
2026-04-16,757205,HDFCBANK,T0,HDFC BANK LTD,INE040A01034,1,100,0,0,1,1,1433030400,0,0,1460826315,N
2026-04-16,757206,HDFCBANK,TL,HDFC BANK LTD,INE040A01034,999999999,100,0,0,1,0,1433030400,0,0,1460828734,N
2026-04-16,17320,HDFCBANK,W3,HDFC BANK LIMITED,INE040A13013,600,55725,3,0,3,0,1374019200,0,0,1377280986,Y
2026-04-16,11111,ICICIBANK,AF,ICICI BANK LTD.,INE090A01021,1,200,0,0,1,0,1248566400,0,0,1460828767,N
2026-04-16,4967,ICICIBANK,BE,ICICI BANK LTD DEPO SETT,INE090A01021,1,200,0,0,1,0,559526400,0,0,1460828766,N
2026-04-16,12458,ICICIBANK,BL,ICICI BANK LTD.,INE090A01021,999999999,200,0,0,1,0,816220800,0,0,1460828766,N
2026-04-16,4963,ICICIBANK,EQ,ICICI BANK LTD.,INE090A01021,1,200,0,0,6,1,559526400,0,0,1460829994,N
2026-04-16,27885,ICICIBANK,IQ,ICICI BANK LTD.,INE090A01021,1,1000,0,0,1,0,1029369600,0,0,1460826312,N
2026-04-16,15897,ICICIBANK,RL,ICICI BANK LTD.,INE090A01021,1,200,0,0,1,0,893203200,0,0,1460828767,N
2026-04-16,757217,ICICIBANK,T0,ICICI BANK LTD.,INE090A01021,1,200,0,0,1,1,1433030400,0,0,1460826315,N
2026-04-16,757218,ICICIBANK,TL,ICICI BANK LTD.,INE090A01021,999999999,200,0,0,1,0,1433030400,0,0,1460828767,N
2026-04-16,11117,LT,AF,LARSEN & TOUBRO LTD.,INE018A01030,1,200,0,0,1,0,1248566400,0,0,1460828775,N
2026-04-16,11484,LT,BE,LARSEN & TOUBRO LTD.,INE018A01030,1,200,0,0,1,0,772416000,0,0,1460828775,N
2026-04-16,12562,LT,BL,LARSEN & TOUBRO LTD.,INE018A01030,999999999,200,0,0,1,0,816220800,0,0,1460828775,N
2026-04-16,11483,LT,EQ,LARSEN & TOUBRO LTD.,INE018A01030,1,200,0,0,6,1,772416000,0,0,1460829994,N
2026-04-16,28092,LT,IQ,LARSEN & TOUBRO LIMITED,INE018A01030,1,200,0,0,1,0,1029369600,0,0,1460830531,N
2026-04-16,16070,LT,RL,LARSEN & TOUBRO LTD.,INE018A01030,1,200,0,0,1,0,893203200,0,0,1460828775,N
2026-04-16,757249,LT,T0,LARSEN & TOUBRO LTD.,INE018A01030,1,200,0,0,1,1,1433030400,0,0,1460826315,N
2026-04-16,757250,LT,TL,LARSEN & TOUBRO LTD.,INE018A01030,999999999,200,0,0,1,0,1433030400,0,0,1460828775,N
2026-04-16,11139,RELIANCE,AF,RELIANCE INDUSTRIES LTD,INE002A01018,1,1000,0,0,1,0,1248566400,0,0,1460828763,N
2026-04-16,4615,RELIANCE,BE,RELIANCE IND DEPO-SETT,INE002A01018,1,1000,0,0,1,0,502070400,0,0,1460828763,N
2026-04-16,12713,RELIANCE,BL,RELIANCE INDUSTRIES LTD,INE002A01018,999999999,1000,0,0,1,0,816220800,0,0,1460828763,N
2026-04-16,2885,RELIANCE,EQ,RELIANCE INDUSTRIES LTD,INE002A01018,1,1000,0,0,6,1,502070400,0,0,1460829995,N
2026-04-16,28389,RELIANCE,IQ,RELIANCE INDUSTRIES LTD,INE002A01018,1,1000,0,0,1,0,1029369600,0,0,1460826312,N
2026-04-16,16328,RELIANCE,RL,RELIANCE INDUSTRIES LTD,INE002A01018,1,1000,0,0,1,0,893203200,0,0,1460828763,N
2026-04-16,757287,RELIANCE,T0,RELIANCE INDUSTRIES LTD,INE002A01018,1,1000,0,0,1,1,1433030400,0,0,1460826315,N
2026-04-16,757288,RELIANCE,TL,RELIANCE INDUSTRIES LTD,INE002A01018,999999999,1000,0,0,1,0,1433030400,0,0,1460828763,N
2026-04-16,11128,SBIN,AF,STATE BANK OF INDIA,INE062A01020,1,100,0,0,1,0,1248566400,0,0,1460828763,N
2026-04-16,4884,SBIN,BE,SBIN - DEPO SETT,INE062A01020,1,100,0,0,1,0,554688000,0,0,1460828763,N
2026-04-16,12740,SBIN,BL,STATE BANK OF INDIA,INE062A01020,999999999,100,0,0,1,0,816220800,0,0,1460828763,N
2026-04-16,3045,SBIN,EQ,STATE BANK OF INDIA,INE062A01020,1,100,0,0,6,1,478483200,0,0,1460829995,N
2026-04-16,28450,SBIN,IQ,STATE BANK OF INDIA,INE062A01020,1,1000,0,0,1,0,1029369600,0,0,1460830531,N
2026-04-16,20520,SBIN,N2,BOND 9.50% PA SERIES 2,INE062A08025,1,1000000,2,0,3,0,973987200,0,0,1298742279,Y
2026-04-16,22350,SBIN,N3,BOND 9.75% PA RET. S3,INE062A08033,1,1000000,2,0,3,0,985305600,0,0,1340475767,Y
2026-04-16,22352,SBIN,N4,BOND 9.30% PA NON RET. S3,INE062A08041,1,1000000,2,0,3,0,985305600,0,0,1340475767,Y
2026-04-16,22354,SBIN,N5,BOND 9.95% PA RET. S4,INE062A08058,1,1000000,2,0,3,0,985305600,0,0,1301159429,Y
2026-04-16,22356,SBIN,N6,BOND 9.45% PA NON RET. S4,INE062A08066,1,1000000,2,0,3,0,985305600,0,0,1301159429,Y
2026-04-16,16382,SBIN,RL,STATE BANK OF INDIA,INE062A01020,1,100,0,0,1,0,893203200,0,0,1460828763,N
2026-04-16,23256,SBIN,T0,STATE BANK OF INDIA,INE062A01020,1,100,0,0,1,1,1396051200,0,0,1460826311,N
2026-04-16,756131,SBIN,TL,STATE BANK OF INDIA,INE062A01020,999999999,100,0,0,1,0,1430611200,0,0,1460828763,N
2026-04-16,20521,SBIN,U2,BOND 9.50% PA SERIES 2,INE062A08025,1,1000000,2,0,3,0,973987200,0,0,1298742279,Y
2026-04-16,22351,SBIN,U3,BOND 9.75% PA RET. S3,INE062A08033,1,1000000,2,0,1,0,985305600,0,0,1460826311,N
2026-04-16,22353,SBIN,U4,BOND 9.30% PA NON RET. S3,INE062A08041,1,1000000,2,0,1,0,985305600,0,0,1460826311,N
2026-04-16,22355,SBIN,U5,BOND 9.95% PA RET. S4,INE062A08058,1,1000000,2,0,3,0,985305600,0,0,1301159429,Y
2026-04-16,22357,SBIN,U6,BOND 9.45% PA NON RET. S4,INE062A08066,1,1000000,2,0,3,0,985305600,0,0,1301159429,Y
2026-04-17,11107,HDFCBANK,AF,HDFC BANK LTD,INE040A01034,1,100,0,0,1,0,1248566400,0,0,1460913003,N
2026-04-17,4813,HDFCBANK,BE,HDFC BANK-DEPO. SETT.,INE040A01034,1,100,0,0,1,0,551059200,0,0,1460913003,N
2026-04-17,12431,HDFCBANK,BL,HDFC BANK LTD,INE040A01034,999999999,100,0,0,1,0,816220800,0,0,1460913003,N
2026-04-17,1333,HDFCBANK,EQ,HDFC BANK LTD,INE040A01034,1,100,0,0,6,1,500256000,0,0,1460944384,N
2026-04-17,27835,HDFCBANK,IQ,HDFC BANK LTD.,INE040A01034,1,200,0,0,1,0,1029369600,0,0,1460913761,N
2026-04-17,17321,HDFCBANK,K3,HDFC BANK LIMITED,INE040A13013,600,55725,3,0,3,0,1374019200,0,0,1377280986,Y
2026-04-17,15854,HDFCBANK,RL,HDFC BANK LTD,INE040A01034,1,100,0,0,1,0,893203200,0,0,1460913003,N
2026-04-17,757205,HDFCBANK,T0,HDFC BANK LTD,INE040A01034,1,100,0,0,1,1,1433030400,0,0,1460911273,N
2026-04-17,757206,HDFCBANK,TL,HDFC BANK LTD,INE040A01034,999999999,100,0,0,1,0,1433030400,0,0,1460913003,N
2026-04-17,17320,HDFCBANK,W3,HDFC BANK LIMITED,INE040A13013,600,55725,3,0,3,0,1374019200,0,0,1377280986,Y
2026-04-17,11111,ICICIBANK,AF,ICICI BANK LTD.,INE090A01021,1,200,0,0,1,0,1248566400,0,0,1460913035,N
2026-04-17,4967,ICICIBANK,BE,ICICI BANK LTD DEPO SETT,INE090A01021,1,200,0,0,1,0,559526400,0,0,1460913035,N
2026-04-17,12458,ICICIBANK,BL,ICICI BANK LTD.,INE090A01021,999999999,200,0,0,1,0,816220800,0,0,1460913035,N
2026-04-17,4963,ICICIBANK,EQ,ICICI BANK LTD.,INE090A01021,1,200,0,0,6,1,559526400,0,0,1460944384,N
2026-04-17,27885,ICICIBANK,IQ,ICICI BANK LTD.,INE090A01021,1,1000,0,0,1,0,1029369600,0,0,1460911270,N
2026-04-17,15897,ICICIBANK,RL,ICICI BANK LTD.,INE090A01021,1,200,0,0,1,0,893203200,0,0,1460913035,N
2026-04-17,757217,ICICIBANK,T0,ICICI BANK LTD.,INE090A01021,1,200,0,0,1,1,1433030400,0,0,1460911273,N
2026-04-17,757218,ICICIBANK,TL,ICICI BANK LTD.,INE090A01021,999999999,200,0,0,1,0,1433030400,0,0,1460913035,N
2026-04-17,11117,LT,AF,LARSEN & TOUBRO LTD.,INE018A01030,1,200,0,0,1,0,1248566400,0,0,1460913043,N
2026-04-17,11484,LT,BE,LARSEN & TOUBRO LTD.,INE018A01030,1,200,0,0,1,0,772416000,0,0,1460913043,N
2026-04-17,12562,LT,BL,LARSEN & TOUBRO LTD.,INE018A01030,999999999,200,0,0,1,0,816220800,0,0,1460913043,N
2026-04-17,11483,LT,EQ,LARSEN & TOUBRO LTD.,INE018A01030,1,200,0,0,6,1,772416000,0,0,1460944384,N
2026-04-17,28092,LT,IQ,LARSEN & TOUBRO LIMITED,INE018A01030,1,200,0,0,1,0,1029369600,0,0,1460911270,N
2026-04-17,16070,LT,RL,LARSEN & TOUBRO LTD.,INE018A01030,1,200,0,0,1,0,893203200,0,0,1460913043,N
2026-04-17,757249,LT,T0,LARSEN & TOUBRO LTD.,INE018A01030,1,200,0,0,1,1,1433030400,0,0,1460911273,N
2026-04-17,757250,LT,TL,LARSEN & TOUBRO LTD.,INE018A01030,999999999,200,0,0,1,0,1433030400,0,0,1460913043,N
2026-04-17,11139,RELIANCE,AF,RELIANCE INDUSTRIES LTD,INE002A01018,1,1000,0,0,1,0,1248566400,0,0,1460913032,N
2026-04-17,4615,RELIANCE,BE,RELIANCE IND DEPO-SETT,INE002A01018,1,1000,0,0,1,0,502070400,0,0,1460913032,N
2026-04-17,12713,RELIANCE,BL,RELIANCE INDUSTRIES LTD,INE002A01018,999999999,1000,0,0,1,0,816220800,0,0,1460913032,N
2026-04-17,2885,RELIANCE,EQ,RELIANCE INDUSTRIES LTD,INE002A01018,1,1000,0,0,6,1,502070400,0,0,1460944384,N
2026-04-17,28389,RELIANCE,IQ,RELIANCE INDUSTRIES LTD,INE002A01018,1,1000,0,0,1,0,1029369600,0,0,1460911270,N
2026-04-17,16328,RELIANCE,RL,RELIANCE INDUSTRIES LTD,INE002A01018,1,1000,0,0,1,0,893203200,0,0,1460913032,N
2026-04-17,757287,RELIANCE,T0,RELIANCE INDUSTRIES LTD,INE002A01018,1,1000,0,0,1,1,1433030400,0,0,1460911273,N
2026-04-17,757288,RELIANCE,TL,RELIANCE INDUSTRIES LTD,INE002A01018,999999999,1000,0,0,1,0,1433030400,0,0,1460913032,N
2026-04-17,11128,SBIN,AF,STATE BANK OF INDIA,INE062A01020,1,100,0,0,1,0,1248566400,0,0,1460913032,N
2026-04-17,4884,SBIN,BE,SBIN - DEPO SETT,INE062A01020,1,100,0,0,1,0,554688000,0,0,1460913032,N
2026-04-17,12740,SBIN,BL,STATE BANK OF INDIA,INE062A01020,999999999,100,0,0,1,0,816220800,0,0,1460913032,N
2026-04-17,3045,SBIN,EQ,STATE BANK OF INDIA,INE062A01020,1,100,0,0,6,1,478483200,0,0,1460944384,N
2026-04-17,28450,SBIN,IQ,STATE BANK OF INDIA,INE062A01020,1,1000,0,0,1,0,1029369600,0,0,1460911270,N
2026-04-17,20520,SBIN,N2,BOND 9.50% PA SERIES 2,INE062A08025,1,1000000,2,0,3,0,973987200,0,0,1298742279,Y
2026-04-17,22350,SBIN,N3,BOND 9.75% PA RET. S3,INE062A08033,1,1000000,2,0,3,0,985305600,0,0,1340475767,Y
2026-04-17,22352,SBIN,N4,BOND 9.30% PA NON RET. S3,INE062A08041,1,1000000,2,0,3,0,985305600,0,0,1340475767,Y
2026-04-17,22354,SBIN,N5,BOND 9.95% PA RET. S4,INE062A08058,1,1000000,2,0,3,0,985305600,0,0,1301159429,Y
2026-04-17,22356,SBIN,N6,BOND 9.45% PA NON RET. S4,INE062A08066,1,1000000,2,0,3,0,985305600,0,0,1301159429,Y
2026-04-17,16382,SBIN,RL,STATE BANK OF INDIA,INE062A01020,1,100,0,0,1,0,893203200,0,0,1460913032,N
2026-04-17,23256,SBIN,T0,STATE BANK OF INDIA,INE062A01020,1,100,0,0,1,1,1396051200,0,0,1460911269,N
2026-04-17,756131,SBIN,TL,STATE BANK OF INDIA,INE062A01020,999999999,100,0,0,1,0,1430611200,0,0,1460913032,N
2026-04-17,20521,SBIN,U2,BOND 9.50% PA SERIES 2,INE062A08025,1,1000000,2,0,3,0,973987200,0,0,1298742279,Y
2026-04-17,22351,SBIN,U3,BOND 9.75% PA RET. S3,INE062A08033,1,1000000,2,0,1,0,985305600,0,0,1460911269,N
2026-04-17,22353,SBIN,U4,BOND 9.30% PA NON RET. S3,INE062A08041,1,1000000,2,0,1,0,985305600,0,0,1460911269,N
2026-04-17,22355,SBIN,U5,BOND 9.95% PA RET. S4,INE062A08058,1,1000000,2,0,3,0,985305600,0,0,1301159429,Y
2026-04-17,22357,SBIN,U6,BOND 9.45% PA NON RET. S4,INE062A08066,1,1000000,2,0,3,0,985305600,0,0,1301159429,Y
2026-04-20,11107,HDFCBANK,AF,HDFC BANK LTD,INE040A01034,1,100,0,0,1,0,1248566400,0,0,1461172821,N
2026-04-20,4813,HDFCBANK,BE,HDFC BANK-DEPO. SETT.,INE040A01034,1,100,0,0,1,0,551059200,0,0,1461172821,N
2026-04-20,12431,HDFCBANK,BL,HDFC BANK LTD,INE040A01034,999999999,100,0,0,1,0,816220800,0,0,1461172821,N
2026-04-20,1333,HDFCBANK,EQ,HDFC BANK LTD,INE040A01034,1,100,0,0,6,1,500256000,0,0,1461184301,N
2026-04-20,27835,HDFCBANK,IQ,HDFC BANK LTD.,INE040A01034,1,200,0,0,1,0,1029369600,0,0,1461171132,N
2026-04-20,17321,HDFCBANK,K3,HDFC BANK LIMITED,INE040A13013,600,55725,3,0,3,0,1374019200,0,0,1377280986,Y
2026-04-20,15854,HDFCBANK,RL,HDFC BANK LTD,INE040A01034,1,100,0,0,1,0,893203200,0,0,1461172821,N
2026-04-20,757205,HDFCBANK,T0,HDFC BANK LTD,INE040A01034,1,100,0,0,1,1,1433030400,0,0,1461171135,N
2026-04-20,757206,HDFCBANK,TL,HDFC BANK LTD,INE040A01034,999999999,100,0,0,1,0,1433030400,0,0,1461172821,N
2026-04-20,17320,HDFCBANK,W3,HDFC BANK LIMITED,INE040A13013,600,55725,3,0,3,0,1374019200,0,0,1377280986,Y
2026-04-20,11111,ICICIBANK,AF,ICICI BANK LTD.,INE090A01021,1,200,0,0,1,0,1248566400,0,0,1461172955,N
2026-04-20,4967,ICICIBANK,BE,ICICI BANK LTD DEPO SETT,INE090A01021,1,200,0,0,1,0,559526400,0,0,1461172955,N
2026-04-20,12458,ICICIBANK,BL,ICICI BANK LTD.,INE090A01021,999999999,200,0,0,1,0,816220800,0,0,1461172955,N
2026-04-20,4963,ICICIBANK,EQ,ICICI BANK LTD.,INE090A01021,1,200,0,0,6,1,559526400,0,0,1461184301,N
2026-04-20,27885,ICICIBANK,IQ,ICICI BANK LTD.,INE090A01021,1,1000,0,0,1,0,1029369600,0,0,1461171132,N
2026-04-20,15897,ICICIBANK,RL,ICICI BANK LTD.,INE090A01021,1,200,0,0,1,0,893203200,0,0,1461172955,N
2026-04-20,757217,ICICIBANK,T0,ICICI BANK LTD.,INE090A01021,1,200,0,0,1,1,1433030400,0,0,1461171135,N
2026-04-20,757218,ICICIBANK,TL,ICICI BANK LTD.,INE090A01021,999999999,200,0,0,1,0,1433030400,0,0,1461172955,N
2026-04-20,11117,LT,AF,LARSEN & TOUBRO LTD.,INE018A01030,1,200,0,0,1,0,1248566400,0,0,1461172963,N
2026-04-20,11484,LT,BE,LARSEN & TOUBRO LTD.,INE018A01030,1,200,0,0,1,0,772416000,0,0,1461172963,N
2026-04-20,12562,LT,BL,LARSEN & TOUBRO LTD.,INE018A01030,999999999,200,0,0,1,0,816220800,0,0,1461172963,N
2026-04-20,11483,LT,EQ,LARSEN & TOUBRO LTD.,INE018A01030,1,200,0,0,6,1,772416000,0,0,1461184301,N
2026-04-20,28092,LT,IQ,LARSEN & TOUBRO LIMITED,INE018A01030,1,200,0,0,1,0,1029369600,0,0,1461171132,N
2026-04-20,16070,LT,RL,LARSEN & TOUBRO LTD.,INE018A01030,1,200,0,0,1,0,893203200,0,0,1461172963,N
2026-04-20,757249,LT,T0,LARSEN & TOUBRO LTD.,INE018A01030,1,200,0,0,1,1,1433030400,0,0,1461171135,N
2026-04-20,757250,LT,TL,LARSEN & TOUBRO LTD.,INE018A01030,999999999,200,0,0,1,0,1433030400,0,0,1461172963,N
2026-04-20,11139,RELIANCE,AF,RELIANCE INDUSTRIES LTD,INE002A01018,1,1000,0,0,1,0,1248566400,0,0,1461172875,N
2026-04-20,4615,RELIANCE,BE,RELIANCE IND DEPO-SETT,INE002A01018,1,1000,0,0,1,0,502070400,0,0,1461172875,N
2026-04-20,12713,RELIANCE,BL,RELIANCE INDUSTRIES LTD,INE002A01018,999999999,1000,0,0,1,0,816220800,0,0,1461172875,N
2026-04-20,2885,RELIANCE,EQ,RELIANCE INDUSTRIES LTD,INE002A01018,1,1000,0,0,6,1,502070400,0,0,1461184301,N
2026-04-20,28389,RELIANCE,IQ,RELIANCE INDUSTRIES LTD,INE002A01018,1,1000,0,0,1,0,1029369600,0,0,1461173552,N
2026-04-20,16328,RELIANCE,RL,RELIANCE INDUSTRIES LTD,INE002A01018,1,1000,0,0,1,0,893203200,0,0,1461172875,N
2026-04-20,757287,RELIANCE,T0,RELIANCE INDUSTRIES LTD,INE002A01018,1,1000,0,0,1,1,1433030400,0,0,1461171135,N
2026-04-20,757288,RELIANCE,TL,RELIANCE INDUSTRIES LTD,INE002A01018,999999999,1000,0,0,1,0,1433030400,0,0,1461172875,N
2026-04-20,11128,SBIN,AF,STATE BANK OF INDIA,INE062A01020,1,100,0,0,1,0,1248566400,0,0,1461173550,N
2026-04-20,4884,SBIN,BE,SBIN - DEPO SETT,INE062A01020,1,100,0,0,1,0,554688000,0,0,1461173549,N
2026-04-20,12740,SBIN,BL,STATE BANK OF INDIA,INE062A01020,999999999,100,0,0,1,0,816220800,0,0,1461172876,N
2026-04-20,3045,SBIN,EQ,STATE BANK OF INDIA,INE062A01020,1,100,0,0,6,1,478483200,0,0,1461184301,N
2026-04-20,28450,SBIN,IQ,STATE BANK OF INDIA,INE062A01020,1,1000,0,0,1,0,1029369600,0,0,1461173552,N
2026-04-20,20520,SBIN,N2,BOND 9.50% PA SERIES 2,INE062A08025,1,1000000,2,0,3,0,973987200,0,0,1298742279,Y
2026-04-20,22350,SBIN,N3,BOND 9.75% PA RET. S3,INE062A08033,1,1000000,2,0,3,0,985305600,0,0,1340475767,Y
2026-04-20,22352,SBIN,N4,BOND 9.30% PA NON RET. S3,INE062A08041,1,1000000,2,0,3,0,985305600,0,0,1340475767,Y
2026-04-20,22354,SBIN,N5,BOND 9.95% PA RET. S4,INE062A08058,1,1000000,2,0,3,0,985305600,0,0,1301159429,Y
2026-04-20,22356,SBIN,N6,BOND 9.45% PA NON RET. S4,INE062A08066,1,1000000,2,0,3,0,985305600,0,0,1301159429,Y
2026-04-20,16382,SBIN,RL,STATE BANK OF INDIA,INE062A01020,1,100,0,0,1,0,893203200,0,0,1461173551,N
2026-04-20,23256,SBIN,T0,STATE BANK OF INDIA,INE062A01020,1,100,0,0,1,1,1396051200,0,0,1461173551,N
2026-04-20,756131,SBIN,TL,STATE BANK OF INDIA,INE062A01020,999999999,100,0,0,1,0,1430611200,0,0,1461172876,N
2026-04-20,20521,SBIN,U2,BOND 9.50% PA SERIES 2,INE062A08025,1,1000000,2,0,3,0,973987200,0,0,1298742279,Y
2026-04-20,22351,SBIN,U3,BOND 9.75% PA RET. S3,INE062A08033,1,1000000,2,0,1,0,985305600,0,0,1461171131,N
2026-04-20,22353,SBIN,U4,BOND 9.30% PA NON RET. S3,INE062A08041,1,1000000,2,0,1,0,985305600,0,0,1461171131,N
2026-04-20,22355,SBIN,U5,BOND 9.95% PA RET. S4,INE062A08058,1,1000000,2,0,3,0,985305600,0,0,1301159429,Y
2026-04-20,22357,SBIN,U6,BOND 9.45% PA NON RET. S4,INE062A08066,1,1000000,2,0,3,0,985305600,0,0,1301159429,Y
2026-04-21,11107,HDFCBANK,AF,HDFC BANK LTD,INE040A01034,1,100,0,0,1,0,1248566400,0,0,1461258901,N
2026-04-21,4813,HDFCBANK,BE,HDFC BANK-DEPO. SETT.,INE040A01034,1,100,0,0,1,0,551059200,0,0,1461258901,N
2026-04-21,12431,HDFCBANK,BL,HDFC BANK LTD,INE040A01034,999999999,100,0,0,1,0,816220800,0,0,1461258901,N
2026-04-21,1333,HDFCBANK,EQ,HDFC BANK LTD,INE040A01034,1,100,0,0,6,1,500256000,0,0,1461261883,N
2026-04-21,27835,HDFCBANK,IQ,HDFC BANK LTD.,INE040A01034,1,200,0,0,1,0,1029369600,0,0,1461259644,N
2026-04-21,17321,HDFCBANK,K3,HDFC BANK LIMITED,INE040A13013,600,55725,3,0,3,0,1374019200,0,0,1377280986,Y
2026-04-21,15854,HDFCBANK,RL,HDFC BANK LTD,INE040A01034,1,100,0,0,1,0,893203200,0,0,1461258901,N
2026-04-21,757205,HDFCBANK,T0,HDFC BANK LTD,INE040A01034,1,100,0,0,1,1,1433030400,0,0,1461257181,N
2026-04-21,757206,HDFCBANK,TL,HDFC BANK LTD,INE040A01034,999999999,100,0,0,1,0,1433030400,0,0,1461258901,N
2026-04-21,17320,HDFCBANK,W3,HDFC BANK LIMITED,INE040A13013,600,55725,3,0,3,0,1374019200,0,0,1377280986,Y
2026-04-21,11111,ICICIBANK,AF,ICICI BANK LTD.,INE090A01021,1,200,0,0,1,0,1248566400,0,0,1461259061,N
2026-04-21,4967,ICICIBANK,BE,ICICI BANK LTD DEPO SETT,INE090A01021,1,200,0,0,1,0,559526400,0,0,1461259061,N
2026-04-21,12458,ICICIBANK,BL,ICICI BANK LTD.,INE090A01021,999999999,200,0,0,1,0,816220800,0,0,1461259061,N
2026-04-21,4963,ICICIBANK,EQ,ICICI BANK LTD.,INE090A01021,1,200,0,0,6,1,559526400,0,0,1461261883,N
2026-04-21,27885,ICICIBANK,IQ,ICICI BANK LTD.,INE090A01021,1,1000,0,0,1,0,1029369600,0,0,1461259644,N
2026-04-21,15897,ICICIBANK,RL,ICICI BANK LTD.,INE090A01021,1,200,0,0,1,0,893203200,0,0,1461259061,N
2026-04-21,757217,ICICIBANK,T0,ICICI BANK LTD.,INE090A01021,1,200,0,0,1,1,1433030400,0,0,1461257181,N
2026-04-21,757218,ICICIBANK,TL,ICICI BANK LTD.,INE090A01021,999999999,200,0,0,1,0,1433030400,0,0,1461259061,N
2026-04-21,11117,LT,AF,LARSEN & TOUBRO LTD.,INE018A01030,1,200,0,0,1,0,1248566400,0,0,1461259069,N
2026-04-21,11484,LT,BE,LARSEN & TOUBRO LTD.,INE018A01030,1,200,0,0,1,0,772416000,0,0,1461259069,N
2026-04-21,12562,LT,BL,LARSEN & TOUBRO LTD.,INE018A01030,999999999,200,0,0,1,0,816220800,0,0,1461259069,N
2026-04-21,11483,LT,EQ,LARSEN & TOUBRO LTD.,INE018A01030,1,200,0,0,6,1,772416000,0,0,1461261883,N
2026-04-21,28092,LT,IQ,LARSEN & TOUBRO LIMITED,INE018A01030,1,200,0,0,1,0,1029369600,0,0,1461259644,N
2026-04-21,16070,LT,RL,LARSEN & TOUBRO LTD.,INE018A01030,1,200,0,0,1,0,893203200,0,0,1461259069,N
2026-04-21,757249,LT,T0,LARSEN & TOUBRO LTD.,INE018A01030,1,200,0,0,1,1,1433030400,0,0,1461257181,N
2026-04-21,757250,LT,TL,LARSEN & TOUBRO LTD.,INE018A01030,999999999,200,0,0,1,0,1433030400,0,0,1461259069,N
2026-04-21,11139,RELIANCE,AF,RELIANCE INDUSTRIES LTD,INE002A01018,1,1000,0,0,1,0,1248566400,0,0,1461258956,N
2026-04-21,4615,RELIANCE,BE,RELIANCE IND DEPO-SETT,INE002A01018,1,1000,0,0,1,0,502070400,0,0,1461258956,N
2026-04-21,12713,RELIANCE,BL,RELIANCE INDUSTRIES LTD,INE002A01018,999999999,1000,0,0,1,0,816220800,0,0,1461258956,N
2026-04-21,2885,RELIANCE,EQ,RELIANCE INDUSTRIES LTD,INE002A01018,1,1000,0,0,6,1,502070400,0,0,1461261883,N
2026-04-21,28389,RELIANCE,IQ,RELIANCE INDUSTRIES LTD,INE002A01018,1,1000,0,0,1,0,1029369600,0,0,1461257178,N
2026-04-21,16328,RELIANCE,RL,RELIANCE INDUSTRIES LTD,INE002A01018,1,1000,0,0,1,0,893203200,0,0,1461258956,N
2026-04-21,757287,RELIANCE,T0,RELIANCE INDUSTRIES LTD,INE002A01018,1,1000,0,0,1,1,1433030400,0,0,1461257181,N
2026-04-21,757288,RELIANCE,TL,RELIANCE INDUSTRIES LTD,INE002A01018,999999999,1000,0,0,1,0,1433030400,0,0,1461258956,N
2026-04-21,11128,SBIN,AF,STATE BANK OF INDIA,INE062A01020,1,100,0,0,1,0,1248566400,0,0,1461258956,N
2026-04-21,4884,SBIN,BE,SBIN - DEPO SETT,INE062A01020,1,100,0,0,1,0,554688000,0,0,1461258956,N
2026-04-21,12740,SBIN,BL,STATE BANK OF INDIA,INE062A01020,999999999,100,0,0,1,0,816220800,0,0,1461258956,N
2026-04-21,3045,SBIN,EQ,STATE BANK OF INDIA,INE062A01020,1,100,0,0,6,1,478483200,0,0,1461261884,N
2026-04-21,28450,SBIN,IQ,STATE BANK OF INDIA,INE062A01020,1,1000,0,0,1,0,1029369600,0,0,1461259644,N
2026-04-21,20520,SBIN,N2,BOND 9.50% PA SERIES 2,INE062A08025,1,1000000,2,0,3,0,973987200,0,0,1298742279,Y
2026-04-21,22350,SBIN,N3,BOND 9.75% PA RET. S3,INE062A08033,1,1000000,2,0,3,0,985305600,0,0,1340475767,Y
2026-04-21,22352,SBIN,N4,BOND 9.30% PA NON RET. S3,INE062A08041,1,1000000,2,0,3,0,985305600,0,0,1340475767,Y
2026-04-21,22354,SBIN,N5,BOND 9.95% PA RET. S4,INE062A08058,1,1000000,2,0,3,0,985305600,0,0,1301159429,Y
2026-04-21,22356,SBIN,N6,BOND 9.45% PA NON RET. S4,INE062A08066,1,1000000,2,0,3,0,985305600,0,0,1301159429,Y
2026-04-21,16382,SBIN,RL,STATE BANK OF INDIA,INE062A01020,1,100,0,0,1,0,893203200,0,0,1461258956,N
2026-04-21,23256,SBIN,T0,STATE BANK OF INDIA,INE062A01020,1,100,0,0,1,1,1396051200,0,0,1461257177,N
2026-04-21,756131,SBIN,TL,STATE BANK OF INDIA,INE062A01020,999999999,100,0,0,1,0,1430611200,0,0,1461258956,N
2026-04-21,20521,SBIN,U2,BOND 9.50% PA SERIES 2,INE062A08025,1,1000000,2,0,3,0,973987200,0,0,1298742279,Y
2026-04-21,22351,SBIN,U3,BOND 9.75% PA RET. S3,INE062A08033,1,1000000,2,0,1,0,985305600,0,0,1461257176,N
2026-04-21,22353,SBIN,U4,BOND 9.30% PA NON RET. S3,INE062A08041,1,1000000,2,0,1,0,985305600,0,0,1461257176,N
2026-04-21,22355,SBIN,U5,BOND 9.95% PA RET. S4,INE062A08058,1,1000000,2,0,3,0,985305600,0,0,1301159429,Y
2026-04-21,22357,SBIN,U6,BOND 9.45% PA NON RET. S4,INE062A08066,1,1000000,2,0,3,0,985305600,0,0,1301159429,Y
2026-04-22,11107,HDFCBANK,AF,HDFC BANK LTD,INE040A01034,1,100,0,0,1,0,1248566400,0,0,1461346479,N
2026-04-22,4813,HDFCBANK,BE,HDFC BANK-DEPO. SETT.,INE040A01034,1,100,0,0,1,0,551059200,0,0,1461346479,N
2026-04-22,12431,HDFCBANK,BL,HDFC BANK LTD,INE040A01034,999999999,100,0,0,1,0,816220800,0,0,1461346479,N
2026-04-22,1333,HDFCBANK,EQ,HDFC BANK LTD,INE040A01034,1,100,0,0,6,1,500256000,0,0,1461347622,N
2026-04-22,27835,HDFCBANK,IQ,HDFC BANK LTD.,INE040A01034,1,200,0,0,1,0,1029369600,0,0,1461347276,N
2026-04-22,17321,HDFCBANK,K3,HDFC BANK LIMITED,INE040A13013,600,55725,3,0,3,0,1374019200,0,0,1377280986,Y
2026-04-22,15854,HDFCBANK,RL,HDFC BANK LTD,INE040A01034,1,100,0,0,1,0,893203200,0,0,1461346479,N
2026-04-22,757205,HDFCBANK,T0,HDFC BANK LTD,INE040A01034,1,100,0,0,1,1,1433030400,0,0,1461343802,N
2026-04-22,757206,HDFCBANK,TL,HDFC BANK LTD,INE040A01034,999999999,100,0,0,1,0,1433030400,0,0,1461346479,N
2026-04-22,17320,HDFCBANK,W3,HDFC BANK LIMITED,INE040A13013,600,55725,3,0,3,0,1374019200,0,0,1377280986,Y
2026-04-22,11111,ICICIBANK,AF,ICICI BANK LTD.,INE090A01021,1,200,0,0,1,0,1248566400,0,0,1461346614,N
2026-04-22,4967,ICICIBANK,BE,ICICI BANK LTD DEPO SETT,INE090A01021,1,200,0,0,1,0,559526400,0,0,1461346614,N
2026-04-22,12458,ICICIBANK,BL,ICICI BANK LTD.,INE090A01021,999999999,200,0,0,1,0,816220800,0,0,1461346614,N
2026-04-22,4963,ICICIBANK,EQ,ICICI BANK LTD.,INE090A01021,1,200,0,0,6,1,559526400,0,0,1461347622,N
2026-04-22,27885,ICICIBANK,IQ,ICICI BANK LTD.,INE090A01021,1,1000,0,0,1,0,1029369600,0,0,1461347276,N
2026-04-22,15897,ICICIBANK,RL,ICICI BANK LTD.,INE090A01021,1,200,0,0,1,0,893203200,0,0,1461346614,N
2026-04-22,757217,ICICIBANK,T0,ICICI BANK LTD.,INE090A01021,1,200,0,0,1,1,1433030400,0,0,1461343802,N
2026-04-22,757218,ICICIBANK,TL,ICICI BANK LTD.,INE090A01021,999999999,200,0,0,1,0,1433030400,0,0,1461346614,N
2026-04-22,11117,LT,AF,LARSEN & TOUBRO LTD.,INE018A01030,1,200,0,0,1,0,1248566400,0,0,1461347274,N
2026-04-22,11484,LT,BE,LARSEN & TOUBRO LTD.,INE018A01030,1,200,0,0,1,0,772416000,0,0,1461347274,N
2026-04-22,12562,LT,BL,LARSEN & TOUBRO LTD.,INE018A01030,999999999,200,0,0,1,0,816220800,0,0,1461346622,N
2026-04-22,11483,LT,EQ,LARSEN & TOUBRO LTD.,INE018A01030,1,200,0,0,6,1,772416000,0,0,1461347622,N
2026-04-22,28092,LT,IQ,LARSEN & TOUBRO LIMITED,INE018A01030,1,200,0,0,1,0,1029369600,0,0,1461347276,N
2026-04-22,16070,LT,RL,LARSEN & TOUBRO LTD.,INE018A01030,1,200,0,0,1,0,893203200,0,0,1461347275,N
2026-04-22,757249,LT,T0,LARSEN & TOUBRO LTD.,INE018A01030,1,200,0,0,1,1,1433030400,0,0,1461347276,N
2026-04-22,757250,LT,TL,LARSEN & TOUBRO LTD.,INE018A01030,999999999,200,0,0,1,0,1433030400,0,0,1461346622,N
2026-04-22,11139,RELIANCE,AF,RELIANCE INDUSTRIES LTD,INE002A01018,1,1000,0,0,1,0,1248566400,0,0,1461346534,N
2026-04-22,4615,RELIANCE,BE,RELIANCE IND DEPO-SETT,INE002A01018,1,1000,0,0,1,0,502070400,0,0,1461346534,N
2026-04-22,12713,RELIANCE,BL,RELIANCE INDUSTRIES LTD,INE002A01018,999999999,1000,0,0,1,0,816220800,0,0,1461346534,N
2026-04-22,2885,RELIANCE,EQ,RELIANCE INDUSTRIES LTD,INE002A01018,1,1000,0,0,6,1,502070400,0,0,1461347623,N
2026-04-22,28389,RELIANCE,IQ,RELIANCE INDUSTRIES LTD,INE002A01018,1,1000,0,0,1,0,1029369600,0,0,1461343799,N
2026-04-22,16328,RELIANCE,RL,RELIANCE INDUSTRIES LTD,INE002A01018,1,1000,0,0,1,0,893203200,0,0,1461346534,N
2026-04-22,757287,RELIANCE,T0,RELIANCE INDUSTRIES LTD,INE002A01018,1,1000,0,0,1,1,1433030400,0,0,1461343802,N
2026-04-22,757288,RELIANCE,TL,RELIANCE INDUSTRIES LTD,INE002A01018,999999999,1000,0,0,1,0,1433030400,0,0,1461346534,N
2026-04-22,11128,SBIN,AF,STATE BANK OF INDIA,INE062A01020,1,100,0,0,1,0,1248566400,0,0,1461346534,N
2026-04-22,4884,SBIN,BE,SBIN - DEPO SETT,INE062A01020,1,100,0,0,1,0,554688000,0,0,1461346534,N
2026-04-22,12740,SBIN,BL,STATE BANK OF INDIA,INE062A01020,999999999,100,0,0,1,0,816220800,0,0,1461346534,N
2026-04-22,3045,SBIN,EQ,STATE BANK OF INDIA,INE062A01020,1,100,0,0,6,1,478483200,0,0,1461347623,N
2026-04-22,28450,SBIN,IQ,STATE BANK OF INDIA,INE062A01020,1,1000,0,0,1,0,1029369600,0,0,1461343799,N
2026-04-22,20520,SBIN,N2,BOND 9.50% PA SERIES 2,INE062A08025,1,1000000,2,0,3,0,973987200,0,0,1298742279,Y
2026-04-22,22350,SBIN,N3,BOND 9.75% PA RET. S3,INE062A08033,1,1000000,2,0,3,0,985305600,0,0,1340475767,Y
2026-04-22,22352,SBIN,N4,BOND 9.30% PA NON RET. S3,INE062A08041,1,1000000,2,0,3,0,985305600,0,0,1340475767,Y
2026-04-22,22354,SBIN,N5,BOND 9.95% PA RET. S4,INE062A08058,1,1000000,2,0,3,0,985305600,0,0,1301159429,Y
2026-04-22,22356,SBIN,N6,BOND 9.45% PA NON RET. S4,INE062A08066,1,1000000,2,0,3,0,985305600,0,0,1301159429,Y
2026-04-22,16382,SBIN,RL,STATE BANK OF INDIA,INE062A01020,1,100,0,0,1,0,893203200,0,0,1461346534,N
2026-04-22,23256,SBIN,T0,STATE BANK OF INDIA,INE062A01020,1,100,0,0,1,1,1396051200,0,0,1461343798,N
2026-04-22,756131,SBIN,TL,STATE BANK OF INDIA,INE062A01020,999999999,100,0,0,1,0,1430611200,0,0,1461346534,N
2026-04-22,20521,SBIN,U2,BOND 9.50% PA SERIES 2,INE062A08025,1,1000000,2,0,3,0,973987200,0,0,1298742279,Y
2026-04-22,22351,SBIN,U3,BOND 9.75% PA RET. S3,INE062A08033,1,1000000,2,0,1,0,985305600,0,0,1461343798,N
2026-04-22,22353,SBIN,U4,BOND 9.30% PA NON RET. S3,INE062A08041,1,1000000,2,0,1,0,985305600,0,0,1461343798,N
2026-04-22,22355,SBIN,U5,BOND 9.95% PA RET. S4,INE062A08058,1,1000000,2,0,3,0,985305600,0,0,1301159429,Y
2026-04-22,22357,SBIN,U6,BOND 9.45% PA NON RET. S4,INE062A08066,1,1000000,2,0,3,0,985305600,0,0,1301159429,Y
2026-04-23,11107,HDFCBANK,AF,HDFC BANK LTD,INE040A01034,1,100,0,0,1,0,1248566400,0,0,1461434916,N
2026-04-23,4813,HDFCBANK,BE,HDFC BANK-DEPO. SETT.,INE040A01034,1,100,0,0,1,0,551059200,0,0,1461434916,N
2026-04-23,12431,HDFCBANK,BL,HDFC BANK LTD,INE040A01034,999999999,100,0,0,1,0,816220800,0,0,1461434916,N
2026-04-23,1333,HDFCBANK,EQ,HDFC BANK LTD,INE040A01034,1,100,0,0,6,1,500256000,0,0,1461435234,N
2026-04-23,27835,HDFCBANK,IQ,HDFC BANK LTD.,INE040A01034,1,200,0,0,1,0,1029369600,0,0,1461435887,N
2026-04-23,17321,HDFCBANK,K3,HDFC BANK LIMITED,INE040A13013,600,55725,3,0,3,0,1374019200,0,0,1377280986,Y
2026-04-23,15854,HDFCBANK,RL,HDFC BANK LTD,INE040A01034,1,100,0,0,1,0,893203200,0,0,1461434916,N
2026-04-23,757205,HDFCBANK,T0,HDFC BANK LTD,INE040A01034,1,100,0,0,1,1,1433030400,0,0,1461432878,N
2026-04-23,757206,HDFCBANK,TL,HDFC BANK LTD,INE040A01034,999999999,100,0,0,1,0,1433030400,0,0,1461434916,N
2026-04-23,17320,HDFCBANK,W3,HDFC BANK LIMITED,INE040A13013,600,55725,3,0,3,0,1374019200,0,0,1377280986,Y
2026-04-23,11111,ICICIBANK,AF,ICICI BANK LTD.,INE090A01021,1,200,0,0,1,0,1248566400,0,0,1461435101,N
2026-04-23,4967,ICICIBANK,BE,ICICI BANK LTD DEPO SETT,INE090A01021,1,200,0,0,1,0,559526400,0,0,1461435101,N
2026-04-23,12458,ICICIBANK,BL,ICICI BANK LTD.,INE090A01021,999999999,200,0,0,1,0,816220800,0,0,1461435101,N
2026-04-23,4963,ICICIBANK,EQ,ICICI BANK LTD.,INE090A01021,1,200,0,0,6,1,559526400,0,0,1461435234,N
2026-04-23,27885,ICICIBANK,IQ,ICICI BANK LTD.,INE090A01021,1,1000,0,0,1,0,1029369600,0,0,1461435887,N
2026-04-23,15897,ICICIBANK,RL,ICICI BANK LTD.,INE090A01021,1,200,0,0,1,0,893203200,0,0,1461435101,N
2026-04-23,757217,ICICIBANK,T0,ICICI BANK LTD.,INE090A01021,1,200,0,0,1,1,1433030400,0,0,1461432878,N
2026-04-23,757218,ICICIBANK,TL,ICICI BANK LTD.,INE090A01021,999999999,200,0,0,1,0,1433030400,0,0,1461435101,N
2026-04-23,11117,LT,AF,LARSEN & TOUBRO LTD.,INE018A01030,1,200,0,0,1,0,1248566400,0,0,1461435886,N
2026-04-23,11484,LT,BE,LARSEN & TOUBRO LTD.,INE018A01030,1,200,0,0,1,0,772416000,0,0,1461435886,N
2026-04-23,12562,LT,BL,LARSEN & TOUBRO LTD.,INE018A01030,999999999,200,0,0,1,0,816220800,0,0,1461435109,N
2026-04-23,11483,LT,EQ,LARSEN & TOUBRO LTD.,INE018A01030,1,200,0,0,6,1,772416000,0,0,1461435886,N
2026-04-23,28092,LT,IQ,LARSEN & TOUBRO LIMITED,INE018A01030,1,200,0,0,1,0,1029369600,0,0,1461435887,N
2026-04-23,16070,LT,RL,LARSEN & TOUBRO LTD.,INE018A01030,1,200,0,0,1,0,893203200,0,0,1461435886,N
2026-04-23,757249,LT,T0,LARSEN & TOUBRO LTD.,INE018A01030,1,200,0,0,1,1,1433030400,0,0,1461435888,N
2026-04-23,757250,LT,TL,LARSEN & TOUBRO LTD.,INE018A01030,999999999,200,0,0,1,0,1433030400,0,0,1461435109,N
2026-04-23,11139,RELIANCE,AF,RELIANCE INDUSTRIES LTD,INE002A01018,1,1000,0,0,1,0,1248566400,0,0,1461434970,N
2026-04-23,4615,RELIANCE,BE,RELIANCE IND DEPO-SETT,INE002A01018,1,1000,0,0,1,0,502070400,0,0,1461434970,N
2026-04-23,12713,RELIANCE,BL,RELIANCE INDUSTRIES LTD,INE002A01018,999999999,1000,0,0,1,0,816220800,0,0,1461434970,N
2026-04-23,2885,RELIANCE,EQ,RELIANCE INDUSTRIES LTD,INE002A01018,1,1000,0,0,6,1,502070400,0,0,1461435234,N
2026-04-23,28389,RELIANCE,IQ,RELIANCE INDUSTRIES LTD,INE002A01018,1,1000,0,0,1,0,1029369600,0,0,1461432875,N
2026-04-23,16328,RELIANCE,RL,RELIANCE INDUSTRIES LTD,INE002A01018,1,1000,0,0,1,0,893203200,0,0,1461434970,N
2026-04-23,757287,RELIANCE,T0,RELIANCE INDUSTRIES LTD,INE002A01018,1,1000,0,0,1,1,1433030400,0,0,1461432878,N
2026-04-23,757288,RELIANCE,TL,RELIANCE INDUSTRIES LTD,INE002A01018,999999999,1000,0,0,1,0,1433030400,0,0,1461434970,N
2026-04-23,11128,SBIN,AF,STATE BANK OF INDIA,INE062A01020,1,100,0,0,1,0,1248566400,0,0,1461434970,N
2026-04-23,4884,SBIN,BE,SBIN - DEPO SETT,INE062A01020,1,100,0,0,1,0,554688000,0,0,1461434970,N
2026-04-23,12740,SBIN,BL,STATE BANK OF INDIA,INE062A01020,999999999,100,0,0,1,0,816220800,0,0,1461434970,N
2026-04-23,3045,SBIN,EQ,STATE BANK OF INDIA,INE062A01020,1,100,0,0,6,1,478483200,0,0,1461435235,N
2026-04-23,28450,SBIN,IQ,STATE BANK OF INDIA,INE062A01020,1,1000,0,0,1,0,1029369600,0,0,1461435887,N
2026-04-23,20520,SBIN,N2,BOND 9.50% PA SERIES 2,INE062A08025,1,1000000,2,0,3,0,973987200,0,0,1298742279,Y
2026-04-23,22350,SBIN,N3,BOND 9.75% PA RET. S3,INE062A08033,1,1000000,2,0,3,0,985305600,0,0,1340475767,Y
2026-04-23,22352,SBIN,N4,BOND 9.30% PA NON RET. S3,INE062A08041,1,1000000,2,0,3,0,985305600,0,0,1340475767,Y
2026-04-23,22354,SBIN,N5,BOND 9.95% PA RET. S4,INE062A08058,1,1000000,2,0,3,0,985305600,0,0,1301159429,Y
2026-04-23,22356,SBIN,N6,BOND 9.45% PA NON RET. S4,INE062A08066,1,1000000,2,0,3,0,985305600,0,0,1301159429,Y
2026-04-23,16382,SBIN,RL,STATE BANK OF INDIA,INE062A01020,1,100,0,0,1,0,893203200,0,0,1461434970,N
2026-04-23,23256,SBIN,T0,STATE BANK OF INDIA,INE062A01020,1,100,0,0,1,1,1396051200,0,0,1461432874,N
2026-04-23,756131,SBIN,TL,STATE BANK OF INDIA,INE062A01020,999999999,100,0,0,1,0,1430611200,0,0,1461434970,N
2026-04-23,20521,SBIN,U2,BOND 9.50% PA SERIES 2,INE062A08025,1,1000000,2,0,3,0,973987200,0,0,1298742279,Y
2026-04-23,22351,SBIN,U3,BOND 9.75% PA RET. S3,INE062A08033,1,1000000,2,0,1,0,985305600,0,0,1461432874,N
2026-04-23,22353,SBIN,U4,BOND 9.30% PA NON RET. S3,INE062A08041,1,1000000,2,0,1,0,985305600,0,0,1461432874,N
2026-04-23,22355,SBIN,U5,BOND 9.95% PA RET. S4,INE062A08058,1,1000000,2,0,3,0,985305600,0,0,1301159429,Y
2026-04-23,22357,SBIN,U6,BOND 9.45% PA NON RET. S4,INE062A08066,1,1000000,2,0,3,0,985305600,0,0,1301159429,Y
2026-04-24,11107,HDFCBANK,AF,HDFC BANK LTD,INE040A01034,1,100,0,0,1,0,1248566400,0,0,1461518174,N
2026-04-24,4813,HDFCBANK,BE,HDFC BANK-DEPO. SETT.,INE040A01034,1,100,0,0,1,0,551059200,0,0,1461518174,N
2026-04-24,12431,HDFCBANK,BL,HDFC BANK LTD,INE040A01034,999999999,100,0,0,1,0,816220800,0,0,1461518174,N
2026-04-24,1333,HDFCBANK,EQ,HDFC BANK LTD,INE040A01034,1,100,0,0,6,1,500256000,0,0,1461528963,N
2026-04-24,27835,HDFCBANK,IQ,HDFC BANK LTD.,INE040A01034,1,200,0,0,1,0,1029369600,0,0,1461516250,N
2026-04-24,17321,HDFCBANK,K3,HDFC BANK LIMITED,INE040A13013,600,55725,3,0,3,0,1374019200,0,0,1377280986,Y
2026-04-24,15854,HDFCBANK,RL,HDFC BANK LTD,INE040A01034,1,100,0,0,1,0,893203200,0,0,1461518174,N
2026-04-24,757205,HDFCBANK,T0,HDFC BANK LTD,INE040A01034,1,100,0,0,1,1,1433030400,0,0,1461516253,N
2026-04-24,757206,HDFCBANK,TL,HDFC BANK LTD,INE040A01034,999999999,100,0,0,1,0,1433030400,0,0,1461518174,N
2026-04-24,17320,HDFCBANK,W3,HDFC BANK LIMITED,INE040A13013,600,55725,3,0,3,0,1374019200,0,0,1377280986,Y
2026-04-24,11111,ICICIBANK,AF,ICICI BANK LTD.,INE090A01021,1,200,0,0,1,0,1248566400,0,0,1461518385,N
2026-04-24,4967,ICICIBANK,BE,ICICI BANK LTD DEPO SETT,INE090A01021,1,200,0,0,1,0,559526400,0,0,1461518385,N
2026-04-24,12458,ICICIBANK,BL,ICICI BANK LTD.,INE090A01021,999999999,200,0,0,1,0,816220800,0,0,1461518385,N
2026-04-24,4963,ICICIBANK,EQ,ICICI BANK LTD.,INE090A01021,1,200,0,0,6,1,559526400,0,0,1461528963,N
2026-04-24,27885,ICICIBANK,IQ,ICICI BANK LTD.,INE090A01021,1,1000,0,0,1,0,1029369600,0,0,1461518764,N
2026-04-24,15897,ICICIBANK,RL,ICICI BANK LTD.,INE090A01021,1,200,0,0,1,0,893203200,0,0,1461518385,N
2026-04-24,757217,ICICIBANK,T0,ICICI BANK LTD.,INE090A01021,1,200,0,0,1,1,1433030400,0,0,1461516253,N
2026-04-24,757218,ICICIBANK,TL,ICICI BANK LTD.,INE090A01021,999999999,200,0,0,1,0,1433030400,0,0,1461518385,N
2026-04-24,11117,LT,AF,LARSEN & TOUBRO LTD.,INE018A01030,1,200,0,0,1,0,1248566400,0,0,1461518763,N
2026-04-24,11484,LT,BE,LARSEN & TOUBRO LTD.,INE018A01030,1,200,0,0,1,0,772416000,0,0,1461518763,N
2026-04-24,12562,LT,BL,LARSEN & TOUBRO LTD.,INE018A01030,999999999,200,0,0,1,0,816220800,0,0,1461518393,N
2026-04-24,11483,LT,EQ,LARSEN & TOUBRO LTD.,INE018A01030,1,200,0,0,6,1,772416000,0,0,1461528963,N
2026-04-24,28092,LT,IQ,LARSEN & TOUBRO LIMITED,INE018A01030,1,200,0,0,1,0,1029369600,0,0,1461516250,N
2026-04-24,16070,LT,RL,LARSEN & TOUBRO LTD.,INE018A01030,1,200,0,0,1,0,893203200,0,0,1461518763,N
2026-04-24,757249,LT,T0,LARSEN & TOUBRO LTD.,INE018A01030,1,200,0,0,1,1,1433030400,0,0,1461518765,N
2026-04-24,757250,LT,TL,LARSEN & TOUBRO LTD.,INE018A01030,999999999,200,0,0,1,0,1433030400,0,0,1461518393,N
2026-04-24,11139,RELIANCE,AF,RELIANCE INDUSTRIES LTD,INE002A01018,1,1000,0,0,1,0,1248566400,0,0,1461518228,N
2026-04-24,4615,RELIANCE,BE,RELIANCE IND DEPO-SETT,INE002A01018,1,1000,0,0,1,0,502070400,0,0,1461518228,N
2026-04-24,12713,RELIANCE,BL,RELIANCE INDUSTRIES LTD,INE002A01018,999999999,1000,0,0,1,0,816220800,0,0,1461518228,N
2026-04-24,2885,RELIANCE,EQ,RELIANCE INDUSTRIES LTD,INE002A01018,1,1000,0,0,6,1,502070400,0,0,1461528964,N
2026-04-24,28389,RELIANCE,IQ,RELIANCE INDUSTRIES LTD,INE002A01018,1,1000,0,0,1,0,1029369600,0,0,1461518764,N
2026-04-24,16328,RELIANCE,RL,RELIANCE INDUSTRIES LTD,INE002A01018,1,1000,0,0,1,0,893203200,0,0,1461518228,N
2026-04-24,757287,RELIANCE,T0,RELIANCE INDUSTRIES LTD,INE002A01018,1,1000,0,0,1,1,1433030400,0,0,1461516253,N
2026-04-24,757288,RELIANCE,TL,RELIANCE INDUSTRIES LTD,INE002A01018,999999999,1000,0,0,1,0,1433030400,0,0,1461518228,N
2026-04-24,11128,SBIN,AF,STATE BANK OF INDIA,INE062A01020,1,100,0,0,1,0,1248566400,0,0,1461518228,N
2026-04-24,4884,SBIN,BE,SBIN - DEPO SETT,INE062A01020,1,100,0,0,1,0,554688000,0,0,1461518228,N
2026-04-24,12740,SBIN,BL,STATE BANK OF INDIA,INE062A01020,999999999,100,0,0,1,0,816220800,0,0,1461518228,N
2026-04-24,3045,SBIN,EQ,STATE BANK OF INDIA,INE062A01020,1,100,0,0,6,1,478483200,0,0,1461528964,N
2026-04-24,28450,SBIN,IQ,STATE BANK OF INDIA,INE062A01020,1,1000,0,0,1,0,1029369600,0,0,1461518764,N
2026-04-24,20520,SBIN,N2,BOND 9.50% PA SERIES 2,INE062A08025,1,1000000,2,0,3,0,973987200,0,0,1298742279,Y
2026-04-24,22350,SBIN,N3,BOND 9.75% PA RET. S3,INE062A08033,1,1000000,2,0,3,0,985305600,0,0,1340475767,Y
2026-04-24,22352,SBIN,N4,BOND 9.30% PA NON RET. S3,INE062A08041,1,1000000,2,0,3,0,985305600,0,0,1340475767,Y
2026-04-24,22354,SBIN,N5,BOND 9.95% PA RET. S4,INE062A08058,1,1000000,2,0,3,0,985305600,0,0,1301159429,Y
2026-04-24,22356,SBIN,N6,BOND 9.45% PA NON RET. S4,INE062A08066,1,1000000,2,0,3,0,985305600,0,0,1301159429,Y
2026-04-24,16382,SBIN,RL,STATE BANK OF INDIA,INE062A01020,1,100,0,0,1,0,893203200,0,0,1461518228,N
2026-04-24,23256,SBIN,T0,STATE BANK OF INDIA,INE062A01020,1,100,0,0,1,1,1396051200,0,0,1461516249,N
2026-04-24,756131,SBIN,TL,STATE BANK OF INDIA,INE062A01020,999999999,100,0,0,1,0,1430611200,0,0,1461518228,N
2026-04-24,20521,SBIN,U2,BOND 9.50% PA SERIES 2,INE062A08025,1,1000000,2,0,3,0,973987200,0,0,1298742279,Y
2026-04-24,22351,SBIN,U3,BOND 9.75% PA RET. S3,INE062A08033,1,1000000,2,0,1,0,985305600,0,0,1461516249,N
2026-04-24,22353,SBIN,U4,BOND 9.30% PA NON RET. S3,INE062A08041,1,1000000,2,0,1,0,985305600,0,0,1461516249,N
2026-04-24,22355,SBIN,U5,BOND 9.95% PA RET. S4,INE062A08058,1,1000000,2,0,3,0,985305600,0,0,1301159429,Y
2026-04-24,22357,SBIN,U6,BOND 9.45% PA NON RET. S4,INE062A08066,1,1000000,2,0,3,0,985305600,0,0,1301159429,Y
2026-04-27,11107,HDFCBANK,AF,HDFC BANK LTD,INE040A01034,1,100,0,0,1,0,1248566400,0,0,1461776935,N
2026-04-27,4813,HDFCBANK,BE,HDFC BANK-DEPO. SETT.,INE040A01034,1,100,0,0,1,0,551059200,0,0,1461776935,N
2026-04-27,12431,HDFCBANK,BL,HDFC BANK LTD,INE040A01034,999999999,100,0,0,1,0,816220800,0,0,1461776935,N
2026-04-27,1333,HDFCBANK,EQ,HDFC BANK LTD,INE040A01034,1,100,0,0,6,1,500256000,0,0,1461785608,N
2026-04-27,27835,HDFCBANK,IQ,HDFC BANK LTD.,INE040A01034,1,200,0,0,1,0,1029369600,0,0,1461775293,N
2026-04-27,17321,HDFCBANK,K3,HDFC BANK LIMITED,INE040A13013,600,55725,3,0,3,0,1374019200,0,0,1377280986,Y
2026-04-27,15854,HDFCBANK,RL,HDFC BANK LTD,INE040A01034,1,100,0,0,1,0,893203200,0,0,1461776935,N
2026-04-27,757205,HDFCBANK,T0,HDFC BANK LTD,INE040A01034,1,100,0,0,1,1,1433030400,0,0,1461775296,N
2026-04-27,757206,HDFCBANK,TL,HDFC BANK LTD,INE040A01034,999999999,100,0,0,1,0,1433030400,0,0,1461776935,N
2026-04-27,17320,HDFCBANK,W3,HDFC BANK LIMITED,INE040A13013,600,55725,3,0,3,0,1374019200,0,0,1377280986,Y
2026-04-27,11111,ICICIBANK,AF,ICICI BANK LTD.,INE090A01021,1,200,0,0,1,0,1248566400,0,0,1461777095,N
2026-04-27,4967,ICICIBANK,BE,ICICI BANK LTD DEPO SETT,INE090A01021,1,200,0,0,1,0,559526400,0,0,1461777095,N
2026-04-27,12458,ICICIBANK,BL,ICICI BANK LTD.,INE090A01021,999999999,200,0,0,1,0,816220800,0,0,1461777095,N
2026-04-27,4963,ICICIBANK,EQ,ICICI BANK LTD.,INE090A01021,1,200,0,0,6,1,559526400,0,0,1461785608,N
2026-04-27,27885,ICICIBANK,IQ,ICICI BANK LTD.,INE090A01021,1,1000,0,0,1,0,1029369600,0,0,1461778126,N
2026-04-27,15897,ICICIBANK,RL,ICICI BANK LTD.,INE090A01021,1,200,0,0,1,0,893203200,0,0,1461777095,N
2026-04-27,757217,ICICIBANK,T0,ICICI BANK LTD.,INE090A01021,1,200,0,0,1,1,1433030400,0,0,1461775296,N
2026-04-27,757218,ICICIBANK,TL,ICICI BANK LTD.,INE090A01021,999999999,200,0,0,1,0,1433030400,0,0,1461777095,N
2026-04-27,11117,LT,AF,LARSEN & TOUBRO LTD.,INE018A01030,1,200,0,0,1,0,1248566400,0,0,1461778125,N
2026-04-27,11484,LT,BE,LARSEN & TOUBRO LTD.,INE018A01030,1,200,0,0,1,0,772416000,0,0,1461778125,N
2026-04-27,12562,LT,BL,LARSEN & TOUBRO LTD.,INE018A01030,999999999,200,0,0,1,0,816220800,0,0,1461777103,N
2026-04-27,11483,LT,EQ,LARSEN & TOUBRO LTD.,INE018A01030,1,200,0,0,6,1,772416000,0,0,1461785608,N
2026-04-27,28092,LT,IQ,LARSEN & TOUBRO LIMITED,INE018A01030,1,200,0,0,1,0,1029369600,0,0,1461775293,N
2026-04-27,16070,LT,RL,LARSEN & TOUBRO LTD.,INE018A01030,1,200,0,0,1,0,893203200,0,0,1461778125,N
2026-04-27,757249,LT,T0,LARSEN & TOUBRO LTD.,INE018A01030,1,200,0,0,1,1,1433030400,0,0,1461778127,N
2026-04-27,757250,LT,TL,LARSEN & TOUBRO LTD.,INE018A01030,999999999,200,0,0,1,0,1433030400,0,0,1461777103,N
2026-04-27,11139,RELIANCE,AF,RELIANCE INDUSTRIES LTD,INE002A01018,1,1000,0,0,1,0,1248566400,0,0,1461776989,N
2026-04-27,4615,RELIANCE,BE,RELIANCE IND DEPO-SETT,INE002A01018,1,1000,0,0,1,0,502070400,0,0,1461776989,N
2026-04-27,12713,RELIANCE,BL,RELIANCE INDUSTRIES LTD,INE002A01018,999999999,1000,0,0,1,0,816220800,0,0,1461776989,N
2026-04-27,2885,RELIANCE,EQ,RELIANCE INDUSTRIES LTD,INE002A01018,1,1000,0,0,6,1,502070400,0,0,1461785608,N
2026-04-27,28389,RELIANCE,IQ,RELIANCE INDUSTRIES LTD,INE002A01018,1,1000,0,0,1,0,1029369600,0,0,1461775293,N
2026-04-27,16328,RELIANCE,RL,RELIANCE INDUSTRIES LTD,INE002A01018,1,1000,0,0,1,0,893203200,0,0,1461776989,N
2026-04-27,757287,RELIANCE,T0,RELIANCE INDUSTRIES LTD,INE002A01018,1,1000,0,0,1,1,1433030400,0,0,1461775296,N
2026-04-27,757288,RELIANCE,TL,RELIANCE INDUSTRIES LTD,INE002A01018,999999999,1000,0,0,1,0,1433030400,0,0,1461776989,N
2026-04-27,11128,SBIN,AF,STATE BANK OF INDIA,INE062A01020,1,100,0,0,1,0,1248566400,0,0,1461776989,N
2026-04-27,4884,SBIN,BE,SBIN - DEPO SETT,INE062A01020,1,100,0,0,1,0,554688000,0,0,1461776989,N
2026-04-27,12740,SBIN,BL,STATE BANK OF INDIA,INE062A01020,999999999,100,0,0,1,0,816220800,0,0,1461776989,N
2026-04-27,3045,SBIN,EQ,STATE BANK OF INDIA,INE062A01020,1,100,0,0,6,1,478483200,0,0,1461785609,N
2026-04-27,28450,SBIN,IQ,STATE BANK OF INDIA,INE062A01020,1,1000,0,0,1,0,1029369600,0,0,1461778126,N
2026-04-27,20520,SBIN,N2,BOND 9.50% PA SERIES 2,INE062A08025,1,1000000,2,0,3,0,973987200,0,0,1298742279,Y
2026-04-27,22350,SBIN,N3,BOND 9.75% PA RET. S3,INE062A08033,1,1000000,2,0,3,0,985305600,0,0,1340475767,Y
2026-04-27,22352,SBIN,N4,BOND 9.30% PA NON RET. S3,INE062A08041,1,1000000,2,0,3,0,985305600,0,0,1340475767,Y
2026-04-27,22354,SBIN,N5,BOND 9.95% PA RET. S4,INE062A08058,1,1000000,2,0,3,0,985305600,0,0,1301159429,Y
2026-04-27,22356,SBIN,N6,BOND 9.45% PA NON RET. S4,INE062A08066,1,1000000,2,0,3,0,985305600,0,0,1301159429,Y
2026-04-27,16382,SBIN,RL,STATE BANK OF INDIA,INE062A01020,1,100,0,0,1,0,893203200,0,0,1461776989,N
2026-04-27,23256,SBIN,T0,STATE BANK OF INDIA,INE062A01020,1,100,0,0,1,1,1396051200,0,0,1461775292,N
2026-04-27,756131,SBIN,TL,STATE BANK OF INDIA,INE062A01020,999999999,100,0,0,1,0,1430611200,0,0,1461776989,N
2026-04-27,20521,SBIN,U2,BOND 9.50% PA SERIES 2,INE062A08025,1,1000000,2,0,3,0,973987200,0,0,1298742279,Y
2026-04-27,22351,SBIN,U3,BOND 9.75% PA RET. S3,INE062A08033,1,1000000,2,0,1,0,985305600,0,0,1461775292,N
2026-04-27,22353,SBIN,U4,BOND 9.30% PA NON RET. S3,INE062A08041,1,1000000,2,0,1,0,985305600,0,0,1461775292,N
2026-04-27,22355,SBIN,U5,BOND 9.95% PA RET. S4,INE062A08058,1,1000000,2,0,3,0,985305600,0,0,1301159429,Y
2026-04-27,22357,SBIN,U6,BOND 9.45% PA NON RET. S4,INE062A08066,1,1000000,2,0,3,0,985305600,0,0,1301159429,Y
2026-04-28,11107,HDFCBANK,AF,HDFC BANK LTD,INE040A01034,1,100,0,0,1,0,1248566400,0,0,1461863894,N
2026-04-28,4813,HDFCBANK,BE,HDFC BANK-DEPO. SETT.,INE040A01034,1,100,0,0,1,0,551059200,0,0,1461863894,N
2026-04-28,12431,HDFCBANK,BL,HDFC BANK LTD,INE040A01034,999999999,100,0,0,1,0,816220800,0,0,1461863894,N
2026-04-28,1333,HDFCBANK,EQ,HDFC BANK LTD,INE040A01034,1,100,0,0,6,1,500256000,0,0,1461869679,N
2026-04-28,27835,HDFCBANK,IQ,HDFC BANK LTD.,INE040A01034,1,200,0,0,1,0,1029369600,0,0,1461862537,N
2026-04-28,17321,HDFCBANK,K3,HDFC BANK LIMITED,INE040A13013,600,55725,3,0,3,0,1374019200,0,0,1377280986,Y
2026-04-28,15854,HDFCBANK,RL,HDFC BANK LTD,INE040A01034,1,100,0,0,1,0,893203200,0,0,1461863894,N
2026-04-28,757205,HDFCBANK,T0,HDFC BANK LTD,INE040A01034,1,100,0,0,1,1,1433030400,0,0,1461862540,N
2026-04-28,757206,HDFCBANK,TL,HDFC BANK LTD,INE040A01034,999999999,100,0,0,1,0,1433030400,0,0,1461863894,N
2026-04-28,17320,HDFCBANK,W3,HDFC BANK LIMITED,INE040A13013,600,55725,3,0,3,0,1374019200,0,0,1377280986,Y
2026-04-28,11111,ICICIBANK,AF,ICICI BANK LTD.,INE090A01021,1,200,0,0,1,0,1248566400,0,0,1461864079,N
2026-04-28,4967,ICICIBANK,BE,ICICI BANK LTD DEPO SETT,INE090A01021,1,200,0,0,1,0,559526400,0,0,1461864079,N
2026-04-28,12458,ICICIBANK,BL,ICICI BANK LTD.,INE090A01021,999999999,200,0,0,1,0,816220800,0,0,1461864079,N
2026-04-28,4963,ICICIBANK,EQ,ICICI BANK LTD.,INE090A01021,1,200,0,0,6,1,559526400,0,0,1461869679,N
2026-04-28,27885,ICICIBANK,IQ,ICICI BANK LTD.,INE090A01021,1,1000,0,0,1,0,1029369600,0,0,1461862537,N
2026-04-28,15897,ICICIBANK,RL,ICICI BANK LTD.,INE090A01021,1,200,0,0,1,0,893203200,0,0,1461864079,N
2026-04-28,757217,ICICIBANK,T0,ICICI BANK LTD.,INE090A01021,1,200,0,0,1,1,1433030400,0,0,1461862540,N
2026-04-28,757218,ICICIBANK,TL,ICICI BANK LTD.,INE090A01021,999999999,200,0,0,1,0,1433030400,0,0,1461864079,N
2026-04-28,11117,LT,AF,LARSEN & TOUBRO LTD.,INE018A01030,1,200,0,0,1,0,1248566400,0,0,1461865332,N
2026-04-28,11484,LT,BE,LARSEN & TOUBRO LTD.,INE018A01030,1,200,0,0,1,0,772416000,0,0,1461865332,N
2026-04-28,12562,LT,BL,LARSEN & TOUBRO LTD.,INE018A01030,999999999,200,0,0,1,0,816220800,0,0,1461864087,N
2026-04-28,11483,LT,EQ,LARSEN & TOUBRO LTD.,INE018A01030,1,200,0,0,6,1,772416000,0,0,1461869679,N
2026-04-28,28092,LT,IQ,LARSEN & TOUBRO LIMITED,INE018A01030,1,200,0,0,1,0,1029369600,0,0,1461862537,N
2026-04-28,16070,LT,RL,LARSEN & TOUBRO LTD.,INE018A01030,1,200,0,0,1,0,893203200,0,0,1461865333,N
2026-04-28,757249,LT,T0,LARSEN & TOUBRO LTD.,INE018A01030,1,200,0,0,1,1,1433030400,0,0,1461865334,N
2026-04-28,757250,LT,TL,LARSEN & TOUBRO LTD.,INE018A01030,999999999,200,0,0,1,0,1433030400,0,0,1461864087,N
2026-04-28,11139,RELIANCE,AF,RELIANCE INDUSTRIES LTD,INE002A01018,1,1000,0,0,1,0,1248566400,0,0,1461863948,N
2026-04-28,4615,RELIANCE,BE,RELIANCE IND DEPO-SETT,INE002A01018,1,1000,0,0,1,0,502070400,0,0,1461863948,N
2026-04-28,12713,RELIANCE,BL,RELIANCE INDUSTRIES LTD,INE002A01018,999999999,1000,0,0,1,0,816220800,0,0,1461863948,N
2026-04-28,2885,RELIANCE,EQ,RELIANCE INDUSTRIES LTD,INE002A01018,1,1000,0,0,6,1,502070400,0,0,1461869679,N
2026-04-28,28389,RELIANCE,IQ,RELIANCE INDUSTRIES LTD,INE002A01018,1,1000,0,0,1,0,1029369600,0,0,1461865334,N
2026-04-28,16328,RELIANCE,RL,RELIANCE INDUSTRIES LTD,INE002A01018,1,1000,0,0,1,0,893203200,0,0,1461863948,N
2026-04-28,757287,RELIANCE,T0,RELIANCE INDUSTRIES LTD,INE002A01018,1,1000,0,0,1,1,1433030400,0,0,1461862540,N
2026-04-28,757288,RELIANCE,TL,RELIANCE INDUSTRIES LTD,INE002A01018,999999999,1000,0,0,1,0,1433030400,0,0,1461863948,N
2026-04-28,11128,SBIN,AF,STATE BANK OF INDIA,INE062A01020,1,100,0,0,1,0,1248566400,0,0,1461863948,N
2026-04-28,4884,SBIN,BE,SBIN - DEPO SETT,INE062A01020,1,100,0,0,1,0,554688000,0,0,1461863948,N
2026-04-28,12740,SBIN,BL,STATE BANK OF INDIA,INE062A01020,999999999,100,0,0,1,0,816220800,0,0,1461863948,N
2026-04-28,3045,SBIN,EQ,STATE BANK OF INDIA,INE062A01020,1,100,0,0,6,1,478483200,0,0,1461869680,N
2026-04-28,28450,SBIN,IQ,STATE BANK OF INDIA,INE062A01020,1,1000,0,0,1,0,1029369600,0,0,1461865334,N
2026-04-28,20520,SBIN,N2,BOND 9.50% PA SERIES 2,INE062A08025,1,1000000,2,0,3,0,973987200,0,0,1298742279,Y
2026-04-28,22350,SBIN,N3,BOND 9.75% PA RET. S3,INE062A08033,1,1000000,2,0,3,0,985305600,0,0,1340475767,Y
2026-04-28,22352,SBIN,N4,BOND 9.30% PA NON RET. S3,INE062A08041,1,1000000,2,0,3,0,985305600,0,0,1340475767,Y
2026-04-28,22354,SBIN,N5,BOND 9.95% PA RET. S4,INE062A08058,1,1000000,2,0,3,0,985305600,0,0,1301159429,Y
2026-04-28,22356,SBIN,N6,BOND 9.45% PA NON RET. S4,INE062A08066,1,1000000,2,0,3,0,985305600,0,0,1301159429,Y
2026-04-28,16382,SBIN,RL,STATE BANK OF INDIA,INE062A01020,1,100,0,0,1,0,893203200,0,0,1461863948,N
2026-04-28,23256,SBIN,T0,STATE BANK OF INDIA,INE062A01020,1,100,0,0,1,1,1396051200,0,0,1461862536,N
2026-04-28,756131,SBIN,TL,STATE BANK OF INDIA,INE062A01020,999999999,100,0,0,1,0,1430611200,0,0,1461863948,N
2026-04-28,20521,SBIN,U2,BOND 9.50% PA SERIES 2,INE062A08025,1,1000000,2,0,3,0,973987200,0,0,1298742279,Y
2026-04-28,22351,SBIN,U3,BOND 9.75% PA RET. S3,INE062A08033,1,1000000,2,0,1,0,985305600,0,0,1461862536,N
2026-04-28,22353,SBIN,U4,BOND 9.30% PA NON RET. S3,INE062A08041,1,1000000,2,0,1,0,985305600,0,0,1461862536,N
2026-04-28,22355,SBIN,U5,BOND 9.95% PA RET. S4,INE062A08058,1,1000000,2,0,3,0,985305600,0,0,1301159429,Y
2026-04-28,22357,SBIN,U6,BOND 9.45% PA NON RET. S4,INE062A08066,1,1000000,2,0,3,0,985305600,0,0,1301159429,Y
2026-04-29,11107,HDFCBANK,AF,HDFC BANK LTD,INE040A01034,1,100,0,0,1,0,1248566400,0,0,1461955601,N
2026-04-29,4813,HDFCBANK,BE,HDFC BANK-DEPO. SETT.,INE040A01034,1,100,0,0,1,0,551059200,0,0,1461955601,N
2026-04-29,12431,HDFCBANK,BL,HDFC BANK LTD,INE040A01034,999999999,100,0,0,1,0,816220800,0,0,1461955601,N
2026-04-29,1333,HDFCBANK,EQ,HDFC BANK LTD,INE040A01034,1,100,0,0,6,1,500256000,0,0,1461955907,N
2026-04-29,27835,HDFCBANK,IQ,HDFC BANK LTD.,INE040A01034,1,200,0,0,1,0,1029369600,0,0,1461950424,N
2026-04-29,17321,HDFCBANK,K3,HDFC BANK LIMITED,INE040A13013,600,55725,3,0,3,0,1374019200,0,0,1377280986,Y
2026-04-29,15854,HDFCBANK,RL,HDFC BANK LTD,INE040A01034,1,100,0,0,1,0,893203200,0,0,1461955601,N
2026-04-29,757205,HDFCBANK,T0,HDFC BANK LTD,INE040A01034,1,100,0,0,1,1,1433030400,0,0,1461950427,N
2026-04-29,757206,HDFCBANK,TL,HDFC BANK LTD,INE040A01034,999999999,100,0,0,1,0,1433030400,0,0,1461955601,N
2026-04-29,17320,HDFCBANK,W3,HDFC BANK LIMITED,INE040A13013,600,55725,3,0,3,0,1374019200,0,0,1377280986,Y
2026-04-29,11111,ICICIBANK,AF,ICICI BANK LTD.,INE090A01021,1,200,0,0,1,0,1248566400,0,0,1461955761,N
2026-04-29,4967,ICICIBANK,BE,ICICI BANK LTD DEPO SETT,INE090A01021,1,200,0,0,1,0,559526400,0,0,1461955761,N
2026-04-29,12458,ICICIBANK,BL,ICICI BANK LTD.,INE090A01021,999999999,200,0,0,1,0,816220800,0,0,1461955761,N
2026-04-29,4963,ICICIBANK,EQ,ICICI BANK LTD.,INE090A01021,1,200,0,0,6,1,559526400,0,0,1461955907,N
2026-04-29,27885,ICICIBANK,IQ,ICICI BANK LTD.,INE090A01021,1,1000,0,0,1,0,1029369600,0,0,1461958136,N
2026-04-29,15897,ICICIBANK,RL,ICICI BANK LTD.,INE090A01021,1,200,0,0,1,0,893203200,0,0,1461955761,N
2026-04-29,757217,ICICIBANK,T0,ICICI BANK LTD.,INE090A01021,1,200,0,0,1,1,1433030400,0,0,1461950427,N
2026-04-29,757218,ICICIBANK,TL,ICICI BANK LTD.,INE090A01021,999999999,200,0,0,1,0,1433030400,0,0,1461955761,N
2026-04-29,11117,LT,AF,LARSEN & TOUBRO LTD.,INE018A01030,1,200,0,0,1,0,1248566400,0,0,1461958134,N
2026-04-29,11484,LT,BE,LARSEN & TOUBRO LTD.,INE018A01030,1,200,0,0,1,0,772416000,0,0,1461958134,N
2026-04-29,12562,LT,BL,LARSEN & TOUBRO LTD.,INE018A01030,999999999,200,0,0,1,0,816220800,0,0,1461955769,N
2026-04-29,11483,LT,EQ,LARSEN & TOUBRO LTD.,INE018A01030,1,200,0,0,6,1,772416000,0,0,1461958134,N
2026-04-29,28092,LT,IQ,LARSEN & TOUBRO LIMITED,INE018A01030,1,200,0,0,1,0,1029369600,0,0,1461950424,N
2026-04-29,16070,LT,RL,LARSEN & TOUBRO LTD.,INE018A01030,1,200,0,0,1,0,893203200,0,0,1461958135,N
2026-04-29,757249,LT,T0,LARSEN & TOUBRO LTD.,INE018A01030,1,200,0,0,1,1,1433030400,0,0,1461958136,N
2026-04-29,757250,LT,TL,LARSEN & TOUBRO LTD.,INE018A01030,999999999,200,0,0,1,0,1433030400,0,0,1461955769,N
2026-04-29,11139,RELIANCE,AF,RELIANCE INDUSTRIES LTD,INE002A01018,1,1000,0,0,1,0,1248566400,0,0,1461955630,N
2026-04-29,4615,RELIANCE,BE,RELIANCE IND DEPO-SETT,INE002A01018,1,1000,0,0,1,0,502070400,0,0,1461955630,N
2026-04-29,12713,RELIANCE,BL,RELIANCE INDUSTRIES LTD,INE002A01018,999999999,1000,0,0,1,0,816220800,0,0,1461955630,N
2026-04-29,2885,RELIANCE,EQ,RELIANCE INDUSTRIES LTD,INE002A01018,1,1000,0,0,6,1,502070400,0,0,1461955907,N
2026-04-29,28389,RELIANCE,IQ,RELIANCE INDUSTRIES LTD,INE002A01018,1,1000,0,0,1,0,1029369600,0,0,1461950424,N
2026-04-29,16328,RELIANCE,RL,RELIANCE INDUSTRIES LTD,INE002A01018,1,1000,0,0,1,0,893203200,0,0,1461955630,N
2026-04-29,757287,RELIANCE,T0,RELIANCE INDUSTRIES LTD,INE002A01018,1,1000,0,0,1,1,1433030400,0,0,1461950427,N
2026-04-29,757288,RELIANCE,TL,RELIANCE INDUSTRIES LTD,INE002A01018,999999999,1000,0,0,1,0,1433030400,0,0,1461955630,N
2026-04-29,11128,SBIN,AF,STATE BANK OF INDIA,INE062A01020,1,100,0,0,1,0,1248566400,0,0,1461955630,N
2026-04-29,4884,SBIN,BE,SBIN - DEPO SETT,INE062A01020,1,100,0,0,1,0,554688000,0,0,1461955630,N
2026-04-29,12740,SBIN,BL,STATE BANK OF INDIA,INE062A01020,999999999,100,0,0,1,0,816220800,0,0,1461955630,N
2026-04-29,3045,SBIN,EQ,STATE BANK OF INDIA,INE062A01020,1,100,0,0,6,1,478483200,0,0,1461955908,N
2026-04-29,28450,SBIN,IQ,STATE BANK OF INDIA,INE062A01020,1,1000,0,0,1,0,1029369600,0,0,1461958136,N
2026-04-29,20520,SBIN,N2,BOND 9.50% PA SERIES 2,INE062A08025,1,1000000,2,0,3,0,973987200,0,0,1298742279,Y
2026-04-29,22350,SBIN,N3,BOND 9.75% PA RET. S3,INE062A08033,1,1000000,2,0,3,0,985305600,0,0,1340475767,Y
2026-04-29,22352,SBIN,N4,BOND 9.30% PA NON RET. S3,INE062A08041,1,1000000,2,0,3,0,985305600,0,0,1340475767,Y
2026-04-29,22354,SBIN,N5,BOND 9.95% PA RET. S4,INE062A08058,1,1000000,2,0,3,0,985305600,0,0,1301159429,Y
2026-04-29,22356,SBIN,N6,BOND 9.45% PA NON RET. S4,INE062A08066,1,1000000,2,0,3,0,985305600,0,0,1301159429,Y
2026-04-29,16382,SBIN,RL,STATE BANK OF INDIA,INE062A01020,1,100,0,0,1,0,893203200,0,0,1461955630,N
2026-04-29,23256,SBIN,T0,STATE BANK OF INDIA,INE062A01020,1,100,0,0,1,1,1396051200,0,0,1461950423,N
2026-04-29,756131,SBIN,TL,STATE BANK OF INDIA,INE062A01020,999999999,100,0,0,1,0,1430611200,0,0,1461955630,N
2026-04-29,20521,SBIN,U2,BOND 9.50% PA SERIES 2,INE062A08025,1,1000000,2,0,3,0,973987200,0,0,1298742279,Y
2026-04-29,22351,SBIN,U3,BOND 9.75% PA RET. S3,INE062A08033,1,1000000,2,0,1,0,985305600,0,0,1461950423,N
2026-04-29,22353,SBIN,U4,BOND 9.30% PA NON RET. S3,INE062A08041,1,1000000,2,0,1,0,985305600,0,0,1461950423,N
2026-04-29,22355,SBIN,U5,BOND 9.95% PA RET. S4,INE062A08058,1,1000000,2,0,3,0,985305600,0,0,1301159429,Y
2026-04-29,22357,SBIN,U6,BOND 9.45% PA NON RET. S4,INE062A08066,1,1000000,2,0,3,0,985305600,0,0,1301159429,Y
2026-04-30,11107,HDFCBANK,AF,HDFC BANK LTD,INE040A01034,1,100,0,0,1,0,1248566400,0,0,1462037087,N
2026-04-30,4813,HDFCBANK,BE,HDFC BANK-DEPO. SETT.,INE040A01034,1,100,0,0,1,0,551059200,0,0,1462037087,N
2026-04-30,12431,HDFCBANK,BL,HDFC BANK LTD,INE040A01034,999999999,100,0,0,1,0,816220800,0,0,1462037087,N
2026-04-30,1333,HDFCBANK,EQ,HDFC BANK LTD,INE040A01034,1,100,0,0,6,1,500256000,0,0,1462044153,N
2026-04-30,27835,HDFCBANK,IQ,HDFC BANK LTD.,INE040A01034,1,200,0,0,1,0,1029369600,0,0,1462038910,N
2026-04-30,17321,HDFCBANK,K3,HDFC BANK LIMITED,INE040A13013,600,55725,3,0,3,0,1374019200,0,0,1377280986,Y
2026-04-30,15854,HDFCBANK,RL,HDFC BANK LTD,INE040A01034,1,100,0,0,1,0,893203200,0,0,1462037087,N
2026-04-30,757205,HDFCBANK,T0,HDFC BANK LTD,INE040A01034,1,100,0,0,1,1,1433030400,0,0,1462034981,N
2026-04-30,757206,HDFCBANK,TL,HDFC BANK LTD,INE040A01034,999999999,100,0,0,1,0,1433030400,0,0,1462037087,N
2026-04-30,17320,HDFCBANK,W3,HDFC BANK LIMITED,INE040A13013,600,55725,3,0,3,0,1374019200,0,0,1377280986,Y
2026-04-30,11111,ICICIBANK,AF,ICICI BANK LTD.,INE090A01021,1,200,0,0,1,0,1248566400,0,0,1462038908,N
2026-04-30,4967,ICICIBANK,BE,ICICI BANK LTD DEPO SETT,INE090A01021,1,200,0,0,1,0,559526400,0,0,1462038908,N
2026-04-30,12458,ICICIBANK,BL,ICICI BANK LTD.,INE090A01021,999999999,200,0,0,1,0,816220800,0,0,1462037272,N
2026-04-30,4963,ICICIBANK,EQ,ICICI BANK LTD.,INE090A01021,1,200,0,0,6,1,559526400,0,0,1462044153,N
2026-04-30,27885,ICICIBANK,IQ,ICICI BANK LTD.,INE090A01021,1,1000,0,0,1,0,1029369600,0,0,1462034978,N
2026-04-30,15897,ICICIBANK,RL,ICICI BANK LTD.,INE090A01021,1,200,0,0,1,0,893203200,0,0,1462038909,N
2026-04-30,757217,ICICIBANK,T0,ICICI BANK LTD.,INE090A01021,1,200,0,0,1,1,1433030400,0,0,1462038910,N
2026-04-30,757218,ICICIBANK,TL,ICICI BANK LTD.,INE090A01021,999999999,200,0,0,1,0,1433030400,0,0,1462037272,N
2026-04-30,11117,LT,AF,LARSEN & TOUBRO LTD.,INE018A01030,1,200,0,0,1,0,1248566400,0,0,1462038908,N
2026-04-30,11484,LT,BE,LARSEN & TOUBRO LTD.,INE018A01030,1,200,0,0,1,0,772416000,0,0,1462038908,N
2026-04-30,12562,LT,BL,LARSEN & TOUBRO LTD.,INE018A01030,999999999,200,0,0,1,0,816220800,0,0,1462037280,N
2026-04-30,11483,LT,EQ,LARSEN & TOUBRO LTD.,INE018A01030,1,200,0,0,6,1,772416000,0,0,1462044153,N
2026-04-30,28092,LT,IQ,LARSEN & TOUBRO LIMITED,INE018A01030,1,200,0,0,1,0,1029369600,0,0,1462038910,N
2026-04-30,16070,LT,RL,LARSEN & TOUBRO LTD.,INE018A01030,1,200,0,0,1,0,893203200,0,0,1462038909,N
2026-04-30,757249,LT,T0,LARSEN & TOUBRO LTD.,INE018A01030,1,200,0,0,1,1,1433030400,0,0,1462038910,N
2026-04-30,757250,LT,TL,LARSEN & TOUBRO LTD.,INE018A01030,999999999,200,0,0,1,0,1433030400,0,0,1462037280,N
2026-04-30,11139,RELIANCE,AF,RELIANCE INDUSTRIES LTD,INE002A01018,1,1000,0,0,1,0,1248566400,0,0,1462037141,N
2026-04-30,4615,RELIANCE,BE,RELIANCE IND DEPO-SETT,INE002A01018,1,1000,0,0,1,0,502070400,0,0,1462037141,N
2026-04-30,12713,RELIANCE,BL,RELIANCE INDUSTRIES LTD,INE002A01018,999999999,1000,0,0,1,0,816220800,0,0,1462037141,N
2026-04-30,2885,RELIANCE,EQ,RELIANCE INDUSTRIES LTD,INE002A01018,1,1000,0,0,6,1,502070400,0,0,1462044153,N
2026-04-30,28389,RELIANCE,IQ,RELIANCE INDUSTRIES LTD,INE002A01018,1,1000,0,0,1,0,1029369600,0,0,1462038910,N
2026-04-30,16328,RELIANCE,RL,RELIANCE INDUSTRIES LTD,INE002A01018,1,1000,0,0,1,0,893203200,0,0,1462037141,N
2026-04-30,757287,RELIANCE,T0,RELIANCE INDUSTRIES LTD,INE002A01018,1,1000,0,0,1,1,1433030400,0,0,1462034981,N
2026-04-30,757288,RELIANCE,TL,RELIANCE INDUSTRIES LTD,INE002A01018,999999999,1000,0,0,1,0,1433030400,0,0,1462037141,N
2026-04-30,11128,SBIN,AF,STATE BANK OF INDIA,INE062A01020,1,100,0,0,1,0,1248566400,0,0,1462038908,N
2026-04-30,4884,SBIN,BE,SBIN - DEPO SETT,INE062A01020,1,100,0,0,1,0,554688000,0,0,1462038908,N
2026-04-30,12740,SBIN,BL,STATE BANK OF INDIA,INE062A01020,999999999,100,0,0,1,0,816220800,0,0,1462038133,N
2026-04-30,3045,SBIN,EQ,STATE BANK OF INDIA,INE062A01020,1,100,0,0,6,1,478483200,0,0,1462044154,N
2026-04-30,28450,SBIN,IQ,STATE BANK OF INDIA,INE062A01020,1,1000,0,0,1,0,1029369600,0,0,1462038910,N
2026-04-30,20520,SBIN,N2,BOND 9.50% PA SERIES 2,INE062A08025,1,1000000,2,0,3,0,973987200,0,0,1298742279,Y
2026-04-30,22350,SBIN,N3,BOND 9.75% PA RET. S3,INE062A08033,1,1000000,2,0,3,0,985305600,0,0,1340475767,Y
2026-04-30,22352,SBIN,N4,BOND 9.30% PA NON RET. S3,INE062A08041,1,1000000,2,0,3,0,985305600,0,0,1340475767,Y
2026-04-30,22354,SBIN,N5,BOND 9.95% PA RET. S4,INE062A08058,1,1000000,2,0,3,0,985305600,0,0,1301159429,Y
2026-04-30,22356,SBIN,N6,BOND 9.45% PA NON RET. S4,INE062A08066,1,1000000,2,0,3,0,985305600,0,0,1301159429,Y
2026-04-30,16382,SBIN,RL,STATE BANK OF INDIA,INE062A01020,1,100,0,0,1,0,893203200,0,0,1462038909,N
2026-04-30,23256,SBIN,T0,STATE BANK OF INDIA,INE062A01020,1,100,0,0,1,1,1396051200,0,0,1462038909,N
2026-04-30,756131,SBIN,TL,STATE BANK OF INDIA,INE062A01020,999999999,100,0,0,1,0,1430611200,0,0,1462038133,N
2026-04-30,20521,SBIN,U2,BOND 9.50% PA SERIES 2,INE062A08025,1,1000000,2,0,3,0,973987200,0,0,1298742279,Y
2026-04-30,22351,SBIN,U3,BOND 9.75% PA RET. S3,INE062A08033,1,1000000,2,0,1,0,985305600,0,0,1462034977,N
2026-04-30,22353,SBIN,U4,BOND 9.30% PA NON RET. S3,INE062A08041,1,1000000,2,0,1,0,985305600,0,0,1462034977,N
2026-04-30,22355,SBIN,U5,BOND 9.95% PA RET. S4,INE062A08058,1,1000000,2,0,3,0,985305600,0,0,1301159429,Y
2026-04-30,22357,SBIN,U6,BOND 9.45% PA NON RET. S4,INE062A08066,1,1000000,2,0,3,0,985305600,0,0,1301159429,Y
2026-05-04,11107,HDFCBANK,AF,HDFC BANK LTD,INE040A01034,1,100,0,0,1,0,1248566400,0,0,1462383392,N
2026-05-04,4813,HDFCBANK,BE,HDFC BANK-DEPO. SETT.,INE040A01034,1,100,0,0,1,0,551059200,0,0,1462383392,N
2026-05-04,12431,HDFCBANK,BL,HDFC BANK LTD,INE040A01034,999999999,100,0,0,1,0,816220800,0,0,1462383392,N
2026-05-04,1333,HDFCBANK,EQ,HDFC BANK LTD,INE040A01034,1,100,0,0,6,1,500256000,0,0,1462388482,N
2026-05-04,27835,HDFCBANK,IQ,HDFC BANK LTD.,INE040A01034,1,200,0,0,1,0,1029369600,0,0,1462384770,N
2026-05-04,17321,HDFCBANK,K3,HDFC BANK LIMITED,INE040A13013,600,55725,3,0,3,0,1374019200,0,0,1377280986,Y
2026-05-04,15854,HDFCBANK,RL,HDFC BANK LTD,INE040A01034,1,100,0,0,1,0,893203200,0,0,1462383392,N
2026-05-04,757205,HDFCBANK,T0,HDFC BANK LTD,INE040A01034,1,100,0,0,1,1,1433030400,0,0,1462381017,N
2026-05-04,757206,HDFCBANK,TL,HDFC BANK LTD,INE040A01034,999999999,100,0,0,1,0,1433030400,0,0,1462383392,N
2026-05-04,17320,HDFCBANK,W3,HDFC BANK LIMITED,INE040A13013,600,55725,3,0,3,0,1374019200,0,0,1377280986,Y
2026-05-04,11111,ICICIBANK,AF,ICICI BANK LTD.,INE090A01021,1,200,0,0,1,0,1248566400,0,0,1462384768,N
2026-05-04,4967,ICICIBANK,BE,ICICI BANK LTD DEPO SETT,INE090A01021,1,200,0,0,1,0,559526400,0,0,1462384768,N
2026-05-04,12458,ICICIBANK,BL,ICICI BANK LTD.,INE090A01021,999999999,200,0,0,1,0,816220800,0,0,1462383450,N
2026-05-04,4963,ICICIBANK,EQ,ICICI BANK LTD.,INE090A01021,1,200,0,0,6,1,559526400,0,0,1462388482,N
2026-05-04,27885,ICICIBANK,IQ,ICICI BANK LTD.,INE090A01021,1,1000,0,0,1,0,1029369600,0,0,1462384770,N
2026-05-04,15897,ICICIBANK,RL,ICICI BANK LTD.,INE090A01021,1,200,0,0,1,0,893203200,0,0,1462384769,N
2026-05-04,757217,ICICIBANK,T0,ICICI BANK LTD.,INE090A01021,1,200,0,0,1,1,1433030400,0,0,1462384770,N
2026-05-04,757218,ICICIBANK,TL,ICICI BANK LTD.,INE090A01021,999999999,200,0,0,1,0,1433030400,0,0,1462383450,N
2026-05-04,11117,LT,AF,LARSEN & TOUBRO LTD.,INE018A01030,1,200,0,0,1,0,1248566400,0,0,1462384768,N
2026-05-04,11484,LT,BE,LARSEN & TOUBRO LTD.,INE018A01030,1,200,0,0,1,0,772416000,0,0,1462384768,N
2026-05-04,12562,LT,BL,LARSEN & TOUBRO LTD.,INE018A01030,999999999,200,0,0,1,0,816220800,0,0,1462383458,N
2026-05-04,11483,LT,EQ,LARSEN & TOUBRO LTD.,INE018A01030,1,200,0,0,6,1,772416000,0,0,1462388482,N
2026-05-04,28092,LT,IQ,LARSEN & TOUBRO LIMITED,INE018A01030,1,200,0,0,1,0,1029369600,0,0,1462384770,N
2026-05-04,16070,LT,RL,LARSEN & TOUBRO LTD.,INE018A01030,1,200,0,0,1,0,893203200,0,0,1462384769,N
2026-05-04,757249,LT,T0,LARSEN & TOUBRO LTD.,INE018A01030,1,200,0,0,1,1,1433030400,0,0,1462384770,N
2026-05-04,757250,LT,TL,LARSEN & TOUBRO LTD.,INE018A01030,999999999,200,0,0,1,0,1433030400,0,0,1462383458,N
2026-05-04,11139,RELIANCE,AF,RELIANCE INDUSTRIES LTD,INE002A01018,1,1000,0,0,1,0,1248566400,0,0,1462383421,N
2026-05-04,4615,RELIANCE,BE,RELIANCE IND DEPO-SETT,INE002A01018,1,1000,0,0,1,0,502070400,0,0,1462383421,N
2026-05-04,12713,RELIANCE,BL,RELIANCE INDUSTRIES LTD,INE002A01018,999999999,1000,0,0,1,0,816220800,0,0,1462383421,N
2026-05-04,2885,RELIANCE,EQ,RELIANCE INDUSTRIES LTD,INE002A01018,1,1000,0,0,6,1,502070400,0,0,1462388482,N
2026-05-04,28389,RELIANCE,IQ,RELIANCE INDUSTRIES LTD,INE002A01018,1,1000,0,0,1,0,1029369600,0,0,1462381014,N
2026-05-04,16328,RELIANCE,RL,RELIANCE INDUSTRIES LTD,INE002A01018,1,1000,0,0,1,0,893203200,0,0,1462383421,N
2026-05-04,757287,RELIANCE,T0,RELIANCE INDUSTRIES LTD,INE002A01018,1,1000,0,0,1,1,1433030400,0,0,1462381017,N
2026-05-04,757288,RELIANCE,TL,RELIANCE INDUSTRIES LTD,INE002A01018,999999999,1000,0,0,1,0,1433030400,0,0,1462383421,N
2026-05-04,11128,SBIN,AF,STATE BANK OF INDIA,INE062A01020,1,100,0,0,1,0,1248566400,0,0,1462383421,N
2026-05-04,4884,SBIN,BE,SBIN - DEPO SETT,INE062A01020,1,100,0,0,1,0,554688000,0,0,1462383421,N
2026-05-04,12740,SBIN,BL,STATE BANK OF INDIA,INE062A01020,999999999,100,0,0,1,0,816220800,0,0,1462383421,N
2026-05-04,3045,SBIN,EQ,STATE BANK OF INDIA,INE062A01020,1,100,0,0,6,1,478483200,0,0,1462388482,N
2026-05-04,28450,SBIN,IQ,STATE BANK OF INDIA,INE062A01020,1,1000,0,0,1,0,1029369600,0,0,1462384770,N
2026-05-04,20520,SBIN,N2,BOND 9.50% PA SERIES 2,INE062A08025,1,1000000,2,0,3,0,973987200,0,0,1298742279,Y
2026-05-04,22350,SBIN,N3,BOND 9.75% PA RET. S3,INE062A08033,1,1000000,2,0,3,0,985305600,0,0,1340475767,Y
2026-05-04,22352,SBIN,N4,BOND 9.30% PA NON RET. S3,INE062A08041,1,1000000,2,0,3,0,985305600,0,0,1340475767,Y
2026-05-04,22354,SBIN,N5,BOND 9.95% PA RET. S4,INE062A08058,1,1000000,2,0,3,0,985305600,0,0,1301159429,Y
2026-05-04,22356,SBIN,N6,BOND 9.45% PA NON RET. S4,INE062A08066,1,1000000,2,0,3,0,985305600,0,0,1301159429,Y
2026-05-04,16382,SBIN,RL,STATE BANK OF INDIA,INE062A01020,1,100,0,0,1,0,893203200,0,0,1462383421,N
2026-05-04,23256,SBIN,T0,STATE BANK OF INDIA,INE062A01020,1,100,0,0,1,1,1396051200,0,0,1462381013,N
2026-05-04,756131,SBIN,TL,STATE BANK OF INDIA,INE062A01020,999999999,100,0,0,1,0,1430611200,0,0,1462383421,N
2026-05-04,20521,SBIN,U2,BOND 9.50% PA SERIES 2,INE062A08025,1,1000000,2,0,3,0,973987200,0,0,1298742279,Y
2026-05-04,22351,SBIN,U3,BOND 9.75% PA RET. S3,INE062A08033,1,1000000,2,0,1,0,985305600,0,0,1462381013,N
2026-05-04,22353,SBIN,U4,BOND 9.30% PA NON RET. S3,INE062A08041,1,1000000,2,0,1,0,985305600,0,0,1462381013,N
2026-05-04,22355,SBIN,U5,BOND 9.95% PA RET. S4,INE062A08058,1,1000000,2,0,3,0,985305600,0,0,1301159429,Y
2026-05-04,22357,SBIN,U6,BOND 9.45% PA NON RET. S4,INE062A08066,1,1000000,2,0,3,0,985305600,0,0,1301159429,Y
2026-05-05,11107,HDFCBANK,AF,HDFC BANK LTD,INE040A01034,1,100,0,0,1,0,1248566400,0,0,1462469721,N
2026-05-05,4813,HDFCBANK,BE,HDFC BANK-DEPO. SETT.,INE040A01034,1,100,0,0,1,0,551059200,0,0,1462469721,N
2026-05-05,12431,HDFCBANK,BL,HDFC BANK LTD,INE040A01034,999999999,100,0,0,1,0,816220800,0,0,1462469721,N
2026-05-05,1333,HDFCBANK,EQ,HDFC BANK LTD,INE040A01034,1,100,0,0,6,1,500256000,0,0,1462476620,N
2026-05-05,27835,HDFCBANK,IQ,HDFC BANK LTD.,INE040A01034,1,200,0,0,1,0,1029369600,0,0,1462470562,N
2026-05-05,17321,HDFCBANK,K3,HDFC BANK LIMITED,INE040A13013,600,55725,3,0,3,0,1374019200,0,0,1377280986,Y
2026-05-05,15854,HDFCBANK,RL,HDFC BANK LTD,INE040A01034,1,100,0,0,1,0,893203200,0,0,1462469721,N
2026-05-05,757205,HDFCBANK,T0,HDFC BANK LTD,INE040A01034,1,100,0,0,1,1,1433030400,0,0,1462468125,N
2026-05-05,757206,HDFCBANK,TL,HDFC BANK LTD,INE040A01034,999999999,100,0,0,1,0,1433030400,0,0,1462469721,N
2026-05-05,17320,HDFCBANK,W3,HDFC BANK LIMITED,INE040A13013,600,55725,3,0,3,0,1374019200,0,0,1377280986,Y
2026-05-05,11111,ICICIBANK,AF,ICICI BANK LTD.,INE090A01021,1,200,0,0,1,0,1248566400,0,0,1462470560,N
2026-05-05,4967,ICICIBANK,BE,ICICI BANK LTD DEPO SETT,INE090A01021,1,200,0,0,1,0,559526400,0,0,1462470560,N
2026-05-05,12458,ICICIBANK,BL,ICICI BANK LTD.,INE090A01021,999999999,200,0,0,1,0,816220800,0,0,1462469778,N
2026-05-05,4963,ICICIBANK,EQ,ICICI BANK LTD.,INE090A01021,1,200,0,0,6,1,559526400,0,0,1462476620,N
2026-05-05,27885,ICICIBANK,IQ,ICICI BANK LTD.,INE090A01021,1,1000,0,0,1,0,1029369600,0,0,1462468122,N
2026-05-05,15897,ICICIBANK,RL,ICICI BANK LTD.,INE090A01021,1,200,0,0,1,0,893203200,0,0,1462470561,N
2026-05-05,757217,ICICIBANK,T0,ICICI BANK LTD.,INE090A01021,1,200,0,0,1,1,1433030400,0,0,1462470562,N
2026-05-05,757218,ICICIBANK,TL,ICICI BANK LTD.,INE090A01021,999999999,200,0,0,1,0,1433030400,0,0,1462469778,N
2026-05-05,11117,LT,AF,LARSEN & TOUBRO LTD.,INE018A01030,1,200,0,0,1,0,1248566400,0,0,1462469786,N
2026-05-05,11484,LT,BE,LARSEN & TOUBRO LTD.,INE018A01030,1,200,0,0,1,0,772416000,0,0,1462469786,N
2026-05-05,12562,LT,BL,LARSEN & TOUBRO LTD.,INE018A01030,999999999,200,0,0,1,0,816220800,0,0,1462469786,N
2026-05-05,11483,LT,EQ,LARSEN & TOUBRO LTD.,INE018A01030,1,200,0,0,6,1,772416000,0,0,1462476620,N
2026-05-05,28092,LT,IQ,LARSEN & TOUBRO LIMITED,INE018A01030,1,200,0,0,1,0,1029369600,0,0,1462470562,N
2026-05-05,16070,LT,RL,LARSEN & TOUBRO LTD.,INE018A01030,1,200,0,0,1,0,893203200,0,0,1462469786,N
2026-05-05,757249,LT,T0,LARSEN & TOUBRO LTD.,INE018A01030,1,200,0,0,1,1,1433030400,0,0,1462468125,N
2026-05-05,757250,LT,TL,LARSEN & TOUBRO LTD.,INE018A01030,999999999,200,0,0,1,0,1433030400,0,0,1462469786,N
2026-05-05,11139,RELIANCE,AF,RELIANCE INDUSTRIES LTD,INE002A01018,1,1000,0,0,1,0,1248566400,0,0,1462469749,N
2026-05-05,4615,RELIANCE,BE,RELIANCE IND DEPO-SETT,INE002A01018,1,1000,0,0,1,0,502070400,0,0,1462469749,N
2026-05-05,12713,RELIANCE,BL,RELIANCE INDUSTRIES LTD,INE002A01018,999999999,1000,0,0,1,0,816220800,0,0,1462469749,N
2026-05-05,2885,RELIANCE,EQ,RELIANCE INDUSTRIES LTD,INE002A01018,1,1000,0,0,6,1,502070400,0,0,1462476621,N
2026-05-05,28389,RELIANCE,IQ,RELIANCE INDUSTRIES LTD,INE002A01018,1,1000,0,0,1,0,1029369600,0,0,1462468122,N
2026-05-05,16328,RELIANCE,RL,RELIANCE INDUSTRIES LTD,INE002A01018,1,1000,0,0,1,0,893203200,0,0,1462469749,N
2026-05-05,757287,RELIANCE,T0,RELIANCE INDUSTRIES LTD,INE002A01018,1,1000,0,0,1,1,1433030400,0,0,1462468125,N
2026-05-05,757288,RELIANCE,TL,RELIANCE INDUSTRIES LTD,INE002A01018,999999999,1000,0,0,1,0,1433030400,0,0,1462469749,N
2026-05-05,11128,SBIN,AF,STATE BANK OF INDIA,INE062A01020,1,100,0,0,1,0,1248566400,0,0,1462469750,N
2026-05-05,4884,SBIN,BE,SBIN - DEPO SETT,INE062A01020,1,100,0,0,1,0,554688000,0,0,1462469750,N
2026-05-05,12740,SBIN,BL,STATE BANK OF INDIA,INE062A01020,999999999,100,0,0,1,0,816220800,0,0,1462469750,N
2026-05-05,3045,SBIN,EQ,STATE BANK OF INDIA,INE062A01020,1,100,0,0,6,1,478483200,0,0,1462476621,N
2026-05-05,28450,SBIN,IQ,STATE BANK OF INDIA,INE062A01020,1,1000,0,0,1,0,1029369600,0,0,1462468122,N
2026-05-05,20520,SBIN,N2,BOND 9.50% PA SERIES 2,INE062A08025,1,1000000,2,0,3,0,973987200,0,0,1298742279,Y
2026-05-05,22350,SBIN,N3,BOND 9.75% PA RET. S3,INE062A08033,1,1000000,2,0,3,0,985305600,0,0,1340475767,Y
2026-05-05,22352,SBIN,N4,BOND 9.30% PA NON RET. S3,INE062A08041,1,1000000,2,0,3,0,985305600,0,0,1340475767,Y
2026-05-05,22354,SBIN,N5,BOND 9.95% PA RET. S4,INE062A08058,1,1000000,2,0,3,0,985305600,0,0,1301159429,Y
2026-05-05,22356,SBIN,N6,BOND 9.45% PA NON RET. S4,INE062A08066,1,1000000,2,0,3,0,985305600,0,0,1301159429,Y
2026-05-05,16382,SBIN,RL,STATE BANK OF INDIA,INE062A01020,1,100,0,0,1,0,893203200,0,0,1462469750,N
2026-05-05,23256,SBIN,T0,STATE BANK OF INDIA,INE062A01020,1,100,0,0,1,1,1396051200,0,0,1462468121,N
2026-05-05,756131,SBIN,TL,STATE BANK OF INDIA,INE062A01020,999999999,100,0,0,1,0,1430611200,0,0,1462469750,N
2026-05-05,20521,SBIN,U2,BOND 9.50% PA SERIES 2,INE062A08025,1,1000000,2,0,3,0,973987200,0,0,1298742279,Y
2026-05-05,22351,SBIN,U3,BOND 9.75% PA RET. S3,INE062A08033,1,1000000,2,0,1,0,985305600,0,0,1462468121,N
2026-05-05,22353,SBIN,U4,BOND 9.30% PA NON RET. S3,INE062A08041,1,1000000,2,0,1,0,985305600,0,0,1462468121,N
2026-05-05,22355,SBIN,U5,BOND 9.95% PA RET. S4,INE062A08058,1,1000000,2,0,3,0,985305600,0,0,1301159429,Y
2026-05-05,22357,SBIN,U6,BOND 9.45% PA NON RET. S4,INE062A08066,1,1000000,2,0,3,0,985305600,0,0,1301159429,Y
2026-05-06,11107,HDFCBANK,AF,HDFC BANK LTD,INE040A01034,1,100,0,0,1,0,1248566400,0,0,1462559540,N
2026-05-06,4813,HDFCBANK,BE,HDFC BANK-DEPO. SETT.,INE040A01034,1,100,0,0,1,0,551059200,0,0,1462559540,N
2026-05-06,12431,HDFCBANK,BL,HDFC BANK LTD,INE040A01034,999999999,100,0,0,1,0,816220800,0,0,1462559540,N
2026-05-06,1333,HDFCBANK,EQ,HDFC BANK LTD,INE040A01034,1,100,0,0,6,1,500256000,0,0,1462559747,N
2026-05-06,27835,HDFCBANK,IQ,HDFC BANK LTD.,INE040A01034,1,200,0,0,1,0,1029369600,0,0,1462553862,N
2026-05-06,17321,HDFCBANK,K3,HDFC BANK LIMITED,INE040A13013,600,55725,3,0,3,0,1374019200,0,0,1377280986,Y
2026-05-06,15854,HDFCBANK,RL,HDFC BANK LTD,INE040A01034,1,100,0,0,1,0,893203200,0,0,1462559540,N
2026-05-06,757205,HDFCBANK,T0,HDFC BANK LTD,INE040A01034,1,100,0,0,1,1,1433030400,0,0,1462553865,N
2026-05-06,757206,HDFCBANK,TL,HDFC BANK LTD,INE040A01034,999999999,100,0,0,1,0,1433030400,0,0,1462559540,N
2026-05-06,17320,HDFCBANK,W3,HDFC BANK LIMITED,INE040A13013,600,55725,3,0,3,0,1374019200,0,0,1377280986,Y
2026-05-06,11111,ICICIBANK,AF,ICICI BANK LTD.,INE090A01021,1,200,0,0,1,0,1248566400,0,0,1462560211,N
2026-05-06,4967,ICICIBANK,BE,ICICI BANK LTD DEPO SETT,INE090A01021,1,200,0,0,1,0,559526400,0,0,1462560210,N
2026-05-06,12458,ICICIBANK,BL,ICICI BANK LTD.,INE090A01021,999999999,200,0,0,1,0,816220800,0,0,1462559598,N
2026-05-06,4963,ICICIBANK,EQ,ICICI BANK LTD.,INE090A01021,1,200,0,0,6,1,559526400,0,0,1462560210,N
2026-05-06,27885,ICICIBANK,IQ,ICICI BANK LTD.,INE090A01021,1,1000,0,0,1,0,1029369600,0,0,1462560212,N
2026-05-06,15897,ICICIBANK,RL,ICICI BANK LTD.,INE090A01021,1,200,0,0,1,0,893203200,0,0,1462560211,N
2026-05-06,757217,ICICIBANK,T0,ICICI BANK LTD.,INE090A01021,1,200,0,0,1,1,1433030400,0,0,1462560213,N
2026-05-06,757218,ICICIBANK,TL,ICICI BANK LTD.,INE090A01021,999999999,200,0,0,1,0,1433030400,0,0,1462559598,N
2026-05-06,11117,LT,AF,LARSEN & TOUBRO LTD.,INE018A01030,1,200,0,0,1,0,1248566400,0,0,1462560211,N
2026-05-06,11484,LT,BE,LARSEN & TOUBRO LTD.,INE018A01030,1,200,0,0,1,0,772416000,0,0,1462560211,N
2026-05-06,12562,LT,BL,LARSEN & TOUBRO LTD.,INE018A01030,999999999,200,0,0,1,0,816220800,0,0,1462559606,N
2026-05-06,11483,LT,EQ,LARSEN & TOUBRO LTD.,INE018A01030,1,200,0,0,6,1,772416000,0,0,1462560211,N
2026-05-06,28092,LT,IQ,LARSEN & TOUBRO LIMITED,INE018A01030,1,200,0,0,1,0,1029369600,0,0,1462560213,N
2026-05-06,16070,LT,RL,LARSEN & TOUBRO LTD.,INE018A01030,1,200,0,0,1,0,893203200,0,0,1462560211,N
2026-05-06,757249,LT,T0,LARSEN & TOUBRO LTD.,INE018A01030,1,200,0,0,1,1,1433030400,0,0,1462560213,N
2026-05-06,757250,LT,TL,LARSEN & TOUBRO LTD.,INE018A01030,999999999,200,0,0,1,0,1433030400,0,0,1462559606,N
2026-05-06,11139,RELIANCE,AF,RELIANCE INDUSTRIES LTD,INE002A01018,1,1000,0,0,1,0,1248566400,0,0,1462559569,N
2026-05-06,4615,RELIANCE,BE,RELIANCE IND DEPO-SETT,INE002A01018,1,1000,0,0,1,0,502070400,0,0,1462559569,N
2026-05-06,12713,RELIANCE,BL,RELIANCE INDUSTRIES LTD,INE002A01018,999999999,1000,0,0,1,0,816220800,0,0,1462559569,N
2026-05-06,2885,RELIANCE,EQ,RELIANCE INDUSTRIES LTD,INE002A01018,1,1000,0,0,6,1,502070400,0,0,1462559747,N
2026-05-06,28389,RELIANCE,IQ,RELIANCE INDUSTRIES LTD,INE002A01018,1,1000,0,0,1,0,1029369600,0,0,1462553862,N
2026-05-06,16328,RELIANCE,RL,RELIANCE INDUSTRIES LTD,INE002A01018,1,1000,0,0,1,0,893203200,0,0,1462559569,N
2026-05-06,757287,RELIANCE,T0,RELIANCE INDUSTRIES LTD,INE002A01018,1,1000,0,0,1,1,1433030400,0,0,1462553865,N
2026-05-06,757288,RELIANCE,TL,RELIANCE INDUSTRIES LTD,INE002A01018,999999999,1000,0,0,1,0,1433030400,0,0,1462559569,N
2026-05-06,11128,SBIN,AF,STATE BANK OF INDIA,INE062A01020,1,100,0,0,1,0,1248566400,0,0,1462560211,N
2026-05-06,4884,SBIN,BE,SBIN - DEPO SETT,INE062A01020,1,100,0,0,1,0,554688000,0,0,1462560210,N
2026-05-06,12740,SBIN,BL,STATE BANK OF INDIA,INE062A01020,999999999,100,0,0,1,0,816220800,0,0,1462559569,N
2026-05-06,3045,SBIN,EQ,STATE BANK OF INDIA,INE062A01020,1,100,0,0,6,1,478483200,0,0,1462560210,N
2026-05-06,28450,SBIN,IQ,STATE BANK OF INDIA,INE062A01020,1,1000,0,0,1,0,1029369600,0,0,1462560213,N
2026-05-06,20520,SBIN,N2,BOND 9.50% PA SERIES 2,INE062A08025,1,1000000,2,0,3,0,973987200,0,0,1298742279,Y
2026-05-06,22350,SBIN,N3,BOND 9.75% PA RET. S3,INE062A08033,1,1000000,2,0,3,0,985305600,0,0,1340475767,Y
2026-05-06,22352,SBIN,N4,BOND 9.30% PA NON RET. S3,INE062A08041,1,1000000,2,0,3,0,985305600,0,0,1340475767,Y
2026-05-06,22354,SBIN,N5,BOND 9.95% PA RET. S4,INE062A08058,1,1000000,2,0,3,0,985305600,0,0,1301159429,Y
2026-05-06,22356,SBIN,N6,BOND 9.45% PA NON RET. S4,INE062A08066,1,1000000,2,0,3,0,985305600,0,0,1301159429,Y
2026-05-06,16382,SBIN,RL,STATE BANK OF INDIA,INE062A01020,1,100,0,0,1,0,893203200,0,0,1462560212,N
2026-05-06,23256,SBIN,T0,STATE BANK OF INDIA,INE062A01020,1,100,0,0,1,1,1396051200,0,0,1462560212,N
2026-05-06,756131,SBIN,TL,STATE BANK OF INDIA,INE062A01020,999999999,100,0,0,1,0,1430611200,0,0,1462559569,N
2026-05-06,20521,SBIN,U2,BOND 9.50% PA SERIES 2,INE062A08025,1,1000000,2,0,3,0,973987200,0,0,1298742279,Y
2026-05-06,22351,SBIN,U3,BOND 9.75% PA RET. S3,INE062A08033,1,1000000,2,0,1,0,985305600,0,0,1462553861,N
2026-05-06,22353,SBIN,U4,BOND 9.30% PA NON RET. S3,INE062A08041,1,1000000,2,0,1,0,985305600,0,0,1462553861,N
2026-05-06,22355,SBIN,U5,BOND 9.95% PA RET. S4,INE062A08058,1,1000000,2,0,3,0,985305600,0,0,1301159429,Y
2026-05-06,22357,SBIN,U6,BOND 9.45% PA NON RET. S4,INE062A08066,1,1000000,2,0,3,0,985305600,0,0,1301159429,Y
2026-05-07,11107,HDFCBANK,AF,HDFC BANK LTD,INE040A01034,1,100,0,0,1,0,1248566400,0,0,1462641237,N
2026-05-07,4813,HDFCBANK,BE,HDFC BANK-DEPO. SETT.,INE040A01034,1,100,0,0,1,0,551059200,0,0,1462641237,N
2026-05-07,12431,HDFCBANK,BL,HDFC BANK LTD,INE040A01034,999999999,100,0,0,1,0,816220800,0,0,1462641237,N
2026-05-07,1333,HDFCBANK,EQ,HDFC BANK LTD,INE040A01034,1,100,0,0,6,1,500256000,0,0,1462645866,N
2026-05-07,27835,HDFCBANK,IQ,HDFC BANK LTD.,INE040A01034,1,200,0,0,1,0,1029369600,0,0,1462642244,N
2026-05-07,17321,HDFCBANK,K3,HDFC BANK LIMITED,INE040A13013,600,55725,3,0,3,0,1374019200,0,0,1377280986,Y
2026-05-07,15854,HDFCBANK,RL,HDFC BANK LTD,INE040A01034,1,100,0,0,1,0,893203200,0,0,1462641237,N
2026-05-07,757205,HDFCBANK,T0,HDFC BANK LTD,INE040A01034,1,100,0,0,1,1,1433030400,0,0,1462639549,N
2026-05-07,757206,HDFCBANK,TL,HDFC BANK LTD,INE040A01034,999999999,100,0,0,1,0,1433030400,0,0,1462641237,N
2026-05-07,17320,HDFCBANK,W3,HDFC BANK LIMITED,INE040A13013,600,55725,3,0,3,0,1374019200,0,0,1377280986,Y
2026-05-07,11111,ICICIBANK,AF,ICICI BANK LTD.,INE090A01021,1,200,0,0,1,0,1248566400,0,0,1462641269,N
2026-05-07,4967,ICICIBANK,BE,ICICI BANK LTD DEPO SETT,INE090A01021,1,200,0,0,1,0,559526400,0,0,1462641269,N
2026-05-07,12458,ICICIBANK,BL,ICICI BANK LTD.,INE090A01021,999999999,200,0,0,1,0,816220800,0,0,1462641269,N
2026-05-07,4963,ICICIBANK,EQ,ICICI BANK LTD.,INE090A01021,1,200,0,0,6,1,559526400,0,0,1462645866,N
2026-05-07,27885,ICICIBANK,IQ,ICICI BANK LTD.,INE090A01021,1,1000,0,0,1,0,1029369600,0,0,1462642244,N
2026-05-07,15897,ICICIBANK,RL,ICICI BANK LTD.,INE090A01021,1,200,0,0,1,0,893203200,0,0,1462641269,N
2026-05-07,757217,ICICIBANK,T0,ICICI BANK LTD.,INE090A01021,1,200,0,0,1,1,1433030400,0,0,1462639549,N
2026-05-07,757218,ICICIBANK,TL,ICICI BANK LTD.,INE090A01021,999999999,200,0,0,1,0,1433030400,0,0,1462641269,N
2026-05-07,11117,LT,AF,LARSEN & TOUBRO LTD.,INE018A01030,1,200,0,0,1,0,1248566400,0,0,1462641277,N
2026-05-07,11484,LT,BE,LARSEN & TOUBRO LTD.,INE018A01030,1,200,0,0,1,0,772416000,0,0,1462641277,N
2026-05-07,12562,LT,BL,LARSEN & TOUBRO LTD.,INE018A01030,999999999,200,0,0,1,0,816220800,0,0,1462641277,N
2026-05-07,11483,LT,EQ,LARSEN & TOUBRO LTD.,INE018A01030,1,200,0,0,6,1,772416000,0,0,1462645867,N
2026-05-07,28092,LT,IQ,LARSEN & TOUBRO LIMITED,INE018A01030,1,200,0,0,1,0,1029369600,0,0,1462641227,N
2026-05-07,16070,LT,RL,LARSEN & TOUBRO LTD.,INE018A01030,1,200,0,0,1,0,893203200,0,0,1462641277,N
2026-05-07,757249,LT,T0,LARSEN & TOUBRO LTD.,INE018A01030,1,200,0,0,1,1,1433030400,0,0,1462641227,N
2026-05-07,757250,LT,TL,LARSEN & TOUBRO LTD.,INE018A01030,999999999,200,0,0,1,0,1433030400,0,0,1462641277,N
2026-05-07,11139,RELIANCE,AF,RELIANCE INDUSTRIES LTD,INE002A01018,1,1000,0,0,1,0,1248566400,0,0,1462641266,N
2026-05-07,4615,RELIANCE,BE,RELIANCE IND DEPO-SETT,INE002A01018,1,1000,0,0,1,0,502070400,0,0,1462641266,N
2026-05-07,12713,RELIANCE,BL,RELIANCE INDUSTRIES LTD,INE002A01018,999999999,1000,0,0,1,0,816220800,0,0,1462641266,N
2026-05-07,2885,RELIANCE,EQ,RELIANCE INDUSTRIES LTD,INE002A01018,1,1000,0,0,6,1,502070400,0,0,1462645867,N
2026-05-07,28389,RELIANCE,IQ,RELIANCE INDUSTRIES LTD,INE002A01018,1,1000,0,0,1,0,1029369600,0,0,1462639546,N
2026-05-07,16328,RELIANCE,RL,RELIANCE INDUSTRIES LTD,INE002A01018,1,1000,0,0,1,0,893203200,0,0,1462641266,N
2026-05-07,757287,RELIANCE,T0,RELIANCE INDUSTRIES LTD,INE002A01018,1,1000,0,0,1,1,1433030400,0,0,1462639549,N
2026-05-07,757288,RELIANCE,TL,RELIANCE INDUSTRIES LTD,INE002A01018,999999999,1000,0,0,1,0,1433030400,0,0,1462641266,N
2026-05-07,11128,SBIN,AF,STATE BANK OF INDIA,INE062A01020,1,100,0,0,1,0,1248566400,0,0,1462641266,N
2026-05-07,4884,SBIN,BE,SBIN - DEPO SETT,INE062A01020,1,100,0,0,1,0,554688000,0,0,1462641266,N
2026-05-07,12740,SBIN,BL,STATE BANK OF INDIA,INE062A01020,999999999,100,0,0,1,0,816220800,0,0,1462641266,N
2026-05-07,3045,SBIN,EQ,STATE BANK OF INDIA,INE062A01020,1,100,0,0,6,1,478483200,0,0,1462645867,N
2026-05-07,28450,SBIN,IQ,STATE BANK OF INDIA,INE062A01020,1,1000,0,0,1,0,1029369600,0,0,1462642244,N
2026-05-07,20520,SBIN,N2,BOND 9.50% PA SERIES 2,INE062A08025,1,1000000,2,0,3,0,973987200,0,0,1298742279,Y
2026-05-07,22350,SBIN,N3,BOND 9.75% PA RET. S3,INE062A08033,1,1000000,2,0,3,0,985305600,0,0,1340475767,Y
2026-05-07,22352,SBIN,N4,BOND 9.30% PA NON RET. S3,INE062A08041,1,1000000,2,0,3,0,985305600,0,0,1340475767,Y
2026-05-07,22354,SBIN,N5,BOND 9.95% PA RET. S4,INE062A08058,1,1000000,2,0,3,0,985305600,0,0,1301159429,Y
2026-05-07,22356,SBIN,N6,BOND 9.45% PA NON RET. S4,INE062A08066,1,1000000,2,0,3,0,985305600,0,0,1301159429,Y
2026-05-07,16382,SBIN,RL,STATE BANK OF INDIA,INE062A01020,1,100,0,0,1,0,893203200,0,0,1462641266,N
2026-05-07,23256,SBIN,T0,STATE BANK OF INDIA,INE062A01020,1,100,0,0,1,1,1396051200,0,0,1462639545,N
2026-05-07,756131,SBIN,TL,STATE BANK OF INDIA,INE062A01020,999999999,100,0,0,1,0,1430611200,0,0,1462641266,N
2026-05-07,20521,SBIN,U2,BOND 9.50% PA SERIES 2,INE062A08025,1,1000000,2,0,3,0,973987200,0,0,1298742279,Y
2026-05-07,22351,SBIN,U3,BOND 9.75% PA RET. S3,INE062A08033,1,1000000,2,0,1,0,985305600,0,0,1462639545,N
2026-05-07,22353,SBIN,U4,BOND 9.30% PA NON RET. S3,INE062A08041,1,1000000,2,0,1,0,985305600,0,0,1462639545,N
2026-05-07,22355,SBIN,U5,BOND 9.95% PA RET. S4,INE062A08058,1,1000000,2,0,3,0,985305600,0,0,1301159429,Y
2026-05-07,22357,SBIN,U6,BOND 9.45% PA NON RET. S4,INE062A08066,1,1000000,2,0,3,0,985305600,0,0,1301159429,Y
2026-05-08,11107,HDFCBANK,AF,HDFC BANK LTD,INE040A01034,1,100,0,0,1,0,1248566400,0,0,1462728149,N
2026-05-08,4813,HDFCBANK,BE,HDFC BANK-DEPO. SETT.,INE040A01034,1,100,0,0,1,0,551059200,0,0,1462728149,N
2026-05-08,12431,HDFCBANK,BL,HDFC BANK LTD,INE040A01034,999999999,100,0,0,1,0,816220800,0,0,1462728149,N
2026-05-08,1333,HDFCBANK,EQ,HDFC BANK LTD,INE040A01034,1,100,0,0,6,1,500256000,0,0,1462735866,N
2026-05-08,27835,HDFCBANK,IQ,HDFC BANK LTD.,INE040A01034,1,200,0,0,1,0,1029369600,0,0,1462728792,N
2026-05-08,17321,HDFCBANK,K3,HDFC BANK LIMITED,INE040A13013,600,55725,3,0,3,0,1374019200,0,0,1377280986,Y
2026-05-08,15854,HDFCBANK,RL,HDFC BANK LTD,INE040A01034,1,100,0,0,1,0,893203200,0,0,1462728149,N
2026-05-08,757205,HDFCBANK,T0,HDFC BANK LTD,INE040A01034,1,100,0,0,1,1,1433030400,0,0,1462726336,N
2026-05-08,757206,HDFCBANK,TL,HDFC BANK LTD,INE040A01034,999999999,100,0,0,1,0,1433030400,0,0,1462728149,N
2026-05-08,17320,HDFCBANK,W3,HDFC BANK LIMITED,INE040A13013,600,55725,3,0,3,0,1374019200,0,0,1377280986,Y
2026-05-08,11111,ICICIBANK,AF,ICICI BANK LTD.,INE090A01021,1,200,0,0,1,0,1248566400,0,0,1462728791,N
2026-05-08,4967,ICICIBANK,BE,ICICI BANK LTD DEPO SETT,INE090A01021,1,200,0,0,1,0,559526400,0,0,1462728790,N
2026-05-08,12458,ICICIBANK,BL,ICICI BANK LTD.,INE090A01021,999999999,200,0,0,1,0,816220800,0,0,1462728207,N
2026-05-08,4963,ICICIBANK,EQ,ICICI BANK LTD.,INE090A01021,1,200,0,0,6,1,559526400,0,0,1462735866,N
2026-05-08,27885,ICICIBANK,IQ,ICICI BANK LTD.,INE090A01021,1,1000,0,0,1,0,1029369600,0,0,1462726333,N
2026-05-08,15897,ICICIBANK,RL,ICICI BANK LTD.,INE090A01021,1,200,0,0,1,0,893203200,0,0,1462728791,N
2026-05-08,757217,ICICIBANK,T0,ICICI BANK LTD.,INE090A01021,1,200,0,0,1,1,1433030400,0,0,1462728792,N
2026-05-08,757218,ICICIBANK,TL,ICICI BANK LTD.,INE090A01021,999999999,200,0,0,1,0,1433030400,0,0,1462728207,N
2026-05-08,11117,LT,AF,LARSEN & TOUBRO LTD.,INE018A01030,1,200,0,0,1,0,1248566400,0,0,1462728215,N
2026-05-08,11484,LT,BE,LARSEN & TOUBRO LTD.,INE018A01030,1,200,0,0,1,0,772416000,0,0,1462728215,N
2026-05-08,12562,LT,BL,LARSEN & TOUBRO LTD.,INE018A01030,999999999,200,0,0,1,0,816220800,0,0,1462728215,N
2026-05-08,11483,LT,EQ,LARSEN & TOUBRO LTD.,INE018A01030,1,200,0,0,6,1,772416000,0,0,1462735866,N
2026-05-08,28092,LT,IQ,LARSEN & TOUBRO LIMITED,INE018A01030,1,200,0,0,1,0,1029369600,0,0,1462726333,N
2026-05-08,16070,LT,RL,LARSEN & TOUBRO LTD.,INE018A01030,1,200,0,0,1,0,893203200,0,0,1462728215,N
2026-05-08,757249,LT,T0,LARSEN & TOUBRO LTD.,INE018A01030,1,200,0,0,1,1,1433030400,0,0,1462726336,N
2026-05-08,757250,LT,TL,LARSEN & TOUBRO LTD.,INE018A01030,999999999,200,0,0,1,0,1433030400,0,0,1462728215,N
2026-05-08,11139,RELIANCE,AF,RELIANCE INDUSTRIES LTD,INE002A01018,1,1000,0,0,1,0,1248566400,0,0,1462728178,N
2026-05-08,4615,RELIANCE,BE,RELIANCE IND DEPO-SETT,INE002A01018,1,1000,0,0,1,0,502070400,0,0,1462728178,N
2026-05-08,12713,RELIANCE,BL,RELIANCE INDUSTRIES LTD,INE002A01018,999999999,1000,0,0,1,0,816220800,0,0,1462728178,N
2026-05-08,2885,RELIANCE,EQ,RELIANCE INDUSTRIES LTD,INE002A01018,1,1000,0,0,6,1,502070400,0,0,1462735867,N
2026-05-08,28389,RELIANCE,IQ,RELIANCE INDUSTRIES LTD,INE002A01018,1,1000,0,0,1,0,1029369600,0,0,1462726333,N
2026-05-08,16328,RELIANCE,RL,RELIANCE INDUSTRIES LTD,INE002A01018,1,1000,0,0,1,0,893203200,0,0,1462728178,N
2026-05-08,757287,RELIANCE,T0,RELIANCE INDUSTRIES LTD,INE002A01018,1,1000,0,0,1,1,1433030400,0,0,1462726336,N
2026-05-08,757288,RELIANCE,TL,RELIANCE INDUSTRIES LTD,INE002A01018,999999999,1000,0,0,1,0,1433030400,0,0,1462728178,N
2026-05-08,11128,SBIN,AF,STATE BANK OF INDIA,INE062A01020,1,100,0,0,1,0,1248566400,0,0,1462728791,N
2026-05-08,4884,SBIN,BE,SBIN - DEPO SETT,INE062A01020,1,100,0,0,1,0,554688000,0,0,1462728790,N
2026-05-08,12740,SBIN,BL,STATE BANK OF INDIA,INE062A01020,999999999,100,0,0,1,0,816220800,0,0,1462728178,N
2026-05-08,3045,SBIN,EQ,STATE BANK OF INDIA,INE062A01020,1,100,0,0,6,1,478483200,0,0,1462735867,N
2026-05-08,28450,SBIN,IQ,STATE BANK OF INDIA,INE062A01020,1,1000,0,0,1,0,1029369600,0,0,1462728792,N
2026-05-08,20520,SBIN,N2,BOND 9.50% PA SERIES 2,INE062A08025,1,1000000,2,0,3,0,973987200,0,0,1298742279,Y
2026-05-08,22350,SBIN,N3,BOND 9.75% PA RET. S3,INE062A08033,1,1000000,2,0,3,0,985305600,0,0,1340475767,Y
2026-05-08,22352,SBIN,N4,BOND 9.30% PA NON RET. S3,INE062A08041,1,1000000,2,0,3,0,985305600,0,0,1340475767,Y
2026-05-08,22354,SBIN,N5,BOND 9.95% PA RET. S4,INE062A08058,1,1000000,2,0,3,0,985305600,0,0,1301159429,Y
2026-05-08,22356,SBIN,N6,BOND 9.45% PA NON RET. S4,INE062A08066,1,1000000,2,0,3,0,985305600,0,0,1301159429,Y
2026-05-08,16382,SBIN,RL,STATE BANK OF INDIA,INE062A01020,1,100,0,0,1,0,893203200,0,0,1462728791,N
2026-05-08,23256,SBIN,T0,STATE BANK OF INDIA,INE062A01020,1,100,0,0,1,1,1396051200,0,0,1462728792,N
2026-05-08,756131,SBIN,TL,STATE BANK OF INDIA,INE062A01020,999999999,100,0,0,1,0,1430611200,0,0,1462728178,N
2026-05-08,20521,SBIN,U2,BOND 9.50% PA SERIES 2,INE062A08025,1,1000000,2,0,3,0,973987200,0,0,1298742279,Y
2026-05-08,22351,SBIN,U3,BOND 9.75% PA RET. S3,INE062A08033,1,1000000,2,0,1,0,985305600,0,0,1462726332,N
2026-05-08,22353,SBIN,U4,BOND 9.30% PA NON RET. S3,INE062A08041,1,1000000,2,0,1,0,985305600,0,0,1462726332,N
2026-05-08,22355,SBIN,U5,BOND 9.95% PA RET. S4,INE062A08058,1,1000000,2,0,3,0,985305600,0,0,1301159429,Y
2026-05-08,22357,SBIN,U6,BOND 9.45% PA NON RET. S4,INE062A08066,1,1000000,2,0,3,0,985305600,0,0,1301159429,Y
2026-05-11,11107,HDFCBANK,AF,HDFC BANK LTD,INE040A01034,1,100,0,0,1,0,1248566400,0,0,1462991303,N
2026-05-11,4813,HDFCBANK,BE,HDFC BANK-DEPO. SETT.,INE040A01034,1,100,0,0,1,0,551059200,0,0,1462991303,N
2026-05-11,12431,HDFCBANK,BL,HDFC BANK LTD,INE040A01034,999999999,100,0,0,1,0,816220800,0,0,1462991303,N
2026-05-11,1333,HDFCBANK,EQ,HDFC BANK LTD,INE040A01034,1,100,0,0,6,1,500256000,0,0,1462991539,N
2026-05-11,27835,HDFCBANK,IQ,HDFC BANK LTD.,INE040A01034,1,200,0,0,1,0,1029369600,0,0,1462992203,N
2026-05-11,17321,HDFCBANK,K3,HDFC BANK LIMITED,INE040A13013,600,55725,3,0,3,0,1374019200,0,0,1377280986,Y
2026-05-11,15854,HDFCBANK,RL,HDFC BANK LTD,INE040A01034,1,100,0,0,1,0,893203200,0,0,1462991303,N
2026-05-11,757205,HDFCBANK,T0,HDFC BANK LTD,INE040A01034,1,100,0,0,1,1,1433030400,0,0,1462985492,N
2026-05-11,757206,HDFCBANK,TL,HDFC BANK LTD,INE040A01034,999999999,100,0,0,1,0,1433030400,0,0,1462991303,N
2026-05-11,17320,HDFCBANK,W3,HDFC BANK LIMITED,INE040A13013,600,55725,3,0,3,0,1374019200,0,0,1377280986,Y
2026-05-11,11111,ICICIBANK,AF,ICICI BANK LTD.,INE090A01021,1,200,0,0,1,0,1248566400,0,0,1462991336,N
2026-05-11,4967,ICICIBANK,BE,ICICI BANK LTD DEPO SETT,INE090A01021,1,200,0,0,1,0,559526400,0,0,1462991336,N
2026-05-11,12458,ICICIBANK,BL,ICICI BANK LTD.,INE090A01021,999999999,200,0,0,1,0,816220800,0,0,1462991336,N
2026-05-11,4963,ICICIBANK,EQ,ICICI BANK LTD.,INE090A01021,1,200,0,0,6,1,559526400,0,0,1462991539,N
2026-05-11,27885,ICICIBANK,IQ,ICICI BANK LTD.,INE090A01021,1,1000,0,0,1,0,1029369600,0,0,1462992203,N
2026-05-11,15897,ICICIBANK,RL,ICICI BANK LTD.,INE090A01021,1,200,0,0,1,0,893203200,0,0,1462991336,N
2026-05-11,757217,ICICIBANK,T0,ICICI BANK LTD.,INE090A01021,1,200,0,0,1,1,1433030400,0,0,1462985492,N
2026-05-11,757218,ICICIBANK,TL,ICICI BANK LTD.,INE090A01021,999999999,200,0,0,1,0,1433030400,0,0,1462991336,N
2026-05-11,11117,LT,AF,LARSEN & TOUBRO LTD.,INE018A01030,1,200,0,0,1,0,1248566400,0,0,1462991344,N
2026-05-11,11484,LT,BE,LARSEN & TOUBRO LTD.,INE018A01030,1,200,0,0,1,0,772416000,0,0,1462991344,N
2026-05-11,12562,LT,BL,LARSEN & TOUBRO LTD.,INE018A01030,999999999,200,0,0,1,0,816220800,0,0,1462991344,N
2026-05-11,11483,LT,EQ,LARSEN & TOUBRO LTD.,INE018A01030,1,200,0,0,6,1,772416000,0,0,1462991539,N
2026-05-11,28092,LT,IQ,LARSEN & TOUBRO LIMITED,INE018A01030,1,200,0,0,1,0,1029369600,0,0,1462985489,N
2026-05-11,16070,LT,RL,LARSEN & TOUBRO LTD.,INE018A01030,1,200,0,0,1,0,893203200,0,0,1462991344,N
2026-05-11,757249,LT,T0,LARSEN & TOUBRO LTD.,INE018A01030,1,200,0,0,1,1,1433030400,0,0,1462985492,N
2026-05-11,757250,LT,TL,LARSEN & TOUBRO LTD.,INE018A01030,999999999,200,0,0,1,0,1433030400,0,0,1462991344,N
2026-05-11,11139,RELIANCE,AF,RELIANCE INDUSTRIES LTD,INE002A01018,1,1000,0,0,1,0,1248566400,0,0,1462991332,N
2026-05-11,4615,RELIANCE,BE,RELIANCE IND DEPO-SETT,INE002A01018,1,1000,0,0,1,0,502070400,0,0,1462991332,N
2026-05-11,12713,RELIANCE,BL,RELIANCE INDUSTRIES LTD,INE002A01018,999999999,1000,0,0,1,0,816220800,0,0,1462991332,N
2026-05-11,2885,RELIANCE,EQ,RELIANCE INDUSTRIES LTD,INE002A01018,1,1000,0,0,6,1,502070400,0,0,1462991540,N
2026-05-11,28389,RELIANCE,IQ,RELIANCE INDUSTRIES LTD,INE002A01018,1,1000,0,0,1,0,1029369600,0,0,1462985489,N
2026-05-11,16328,RELIANCE,RL,RELIANCE INDUSTRIES LTD,INE002A01018,1,1000,0,0,1,0,893203200,0,0,1462991332,N
2026-05-11,757287,RELIANCE,T0,RELIANCE INDUSTRIES LTD,INE002A01018,1,1000,0,0,1,1,1433030400,0,0,1462985492,N
2026-05-11,757288,RELIANCE,TL,RELIANCE INDUSTRIES LTD,INE002A01018,999999999,1000,0,0,1,0,1433030400,0,0,1462991332,N
2026-05-11,11128,SBIN,AF,STATE BANK OF INDIA,INE062A01020,1,100,0,0,1,0,1248566400,0,0,1462992202,N
2026-05-11,4884,SBIN,BE,SBIN - DEPO SETT,INE062A01020,1,100,0,0,1,0,554688000,0,0,1462992201,N
2026-05-11,12740,SBIN,BL,STATE BANK OF INDIA,INE062A01020,999999999,100,0,0,1,0,816220800,0,0,1462991332,N
2026-05-11,3045,SBIN,EQ,STATE BANK OF INDIA,INE062A01020,1,100,0,0,6,1,478483200,0,0,1462992201,N
2026-05-11,28450,SBIN,IQ,STATE BANK OF INDIA,INE062A01020,1,1000,0,0,1,0,1029369600,0,0,1462992203,N
2026-05-11,20520,SBIN,N2,BOND 9.50% PA SERIES 2,INE062A08025,1,1000000,2,0,3,0,973987200,0,0,1298742279,Y
2026-05-11,22350,SBIN,N3,BOND 9.75% PA RET. S3,INE062A08033,1,1000000,2,0,3,0,985305600,0,0,1340475767,Y
2026-05-11,22352,SBIN,N4,BOND 9.30% PA NON RET. S3,INE062A08041,1,1000000,2,0,3,0,985305600,0,0,1340475767,Y
2026-05-11,22354,SBIN,N5,BOND 9.95% PA RET. S4,INE062A08058,1,1000000,2,0,3,0,985305600,0,0,1301159429,Y
2026-05-11,22356,SBIN,N6,BOND 9.45% PA NON RET. S4,INE062A08066,1,1000000,2,0,3,0,985305600,0,0,1301159429,Y
2026-05-11,16382,SBIN,RL,STATE BANK OF INDIA,INE062A01020,1,100,0,0,1,0,893203200,0,0,1462992202,N
2026-05-11,23256,SBIN,T0,STATE BANK OF INDIA,INE062A01020,1,100,0,0,1,1,1396051200,0,0,1462992203,N
2026-05-11,756131,SBIN,TL,STATE BANK OF INDIA,INE062A01020,999999999,100,0,0,1,0,1430611200,0,0,1462991332,N
2026-05-11,20521,SBIN,U2,BOND 9.50% PA SERIES 2,INE062A08025,1,1000000,2,0,3,0,973987200,0,0,1298742279,Y
2026-05-11,22351,SBIN,U3,BOND 9.75% PA RET. S3,INE062A08033,1,1000000,2,0,1,0,985305600,0,0,1462985488,N
2026-05-11,22353,SBIN,U4,BOND 9.30% PA NON RET. S3,INE062A08041,1,1000000,2,0,1,0,985305600,0,0,1462985488,N
2026-05-11,22355,SBIN,U5,BOND 9.95% PA RET. S4,INE062A08058,1,1000000,2,0,3,0,985305600,0,0,1301159429,Y
2026-05-11,22357,SBIN,U6,BOND 9.45% PA NON RET. S4,INE062A08066,1,1000000,2,0,3,0,985305600,0,0,1301159429,Y
2026-05-12,11107,HDFCBANK,AF,HDFC BANK LTD,INE040A01034,1,100,0,0,1,0,1248566400,0,0,1463073222,N
2026-05-12,4813,HDFCBANK,BE,HDFC BANK-DEPO. SETT.,INE040A01034,1,100,0,0,1,0,551059200,0,0,1463073222,N
2026-05-12,12431,HDFCBANK,BL,HDFC BANK LTD,INE040A01034,999999999,100,0,0,1,0,816220800,0,0,1463073222,N
2026-05-12,1333,HDFCBANK,EQ,HDFC BANK LTD,INE040A01034,1,100,0,0,6,1,500256000,0,0,1463077647,N
2026-05-12,27835,HDFCBANK,IQ,HDFC BANK LTD.,INE040A01034,1,200,0,0,1,0,1029369600,0,0,1463074143,N
2026-05-12,17321,HDFCBANK,K3,HDFC BANK LIMITED,INE040A13013,600,55725,3,0,3,0,1374019200,0,0,1377280986,Y
2026-05-12,15854,HDFCBANK,RL,HDFC BANK LTD,INE040A01034,1,100,0,0,1,0,893203200,0,0,1463073222,N
2026-05-12,757205,HDFCBANK,T0,HDFC BANK LTD,INE040A01034,1,100,0,0,1,1,1433030400,0,0,1463071565,N
2026-05-12,757206,HDFCBANK,TL,HDFC BANK LTD,INE040A01034,999999999,100,0,0,1,0,1433030400,0,0,1463073222,N
2026-05-12,17320,HDFCBANK,W3,HDFC BANK LIMITED,INE040A13013,600,55725,3,0,3,0,1374019200,0,0,1377280986,Y
2026-05-12,11111,ICICIBANK,AF,ICICI BANK LTD.,INE090A01021,1,200,0,0,1,0,1248566400,0,0,1463073279,N
2026-05-12,4967,ICICIBANK,BE,ICICI BANK LTD DEPO SETT,INE090A01021,1,200,0,0,1,0,559526400,0,0,1463073279,N
2026-05-12,12458,ICICIBANK,BL,ICICI BANK LTD.,INE090A01021,999999999,200,0,0,1,0,816220800,0,0,1463073279,N
2026-05-12,4963,ICICIBANK,EQ,ICICI BANK LTD.,INE090A01021,1,200,0,0,6,1,559526400,0,0,1463077647,N
2026-05-12,27885,ICICIBANK,IQ,ICICI BANK LTD.,INE090A01021,1,1000,0,0,1,0,1029369600,0,0,1463071561,N
2026-05-12,15897,ICICIBANK,RL,ICICI BANK LTD.,INE090A01021,1,200,0,0,1,0,893203200,0,0,1463073279,N
2026-05-12,757217,ICICIBANK,T0,ICICI BANK LTD.,INE090A01021,1,200,0,0,1,1,1433030400,0,0,1463071565,N
2026-05-12,757218,ICICIBANK,TL,ICICI BANK LTD.,INE090A01021,999999999,200,0,0,1,0,1433030400,0,0,1463073279,N
2026-05-12,11117,LT,AF,LARSEN & TOUBRO LTD.,INE018A01030,1,200,0,0,1,0,1248566400,0,0,1463073287,N
2026-05-12,11484,LT,BE,LARSEN & TOUBRO LTD.,INE018A01030,1,200,0,0,1,0,772416000,0,0,1463073287,N
2026-05-12,12562,LT,BL,LARSEN & TOUBRO LTD.,INE018A01030,999999999,200,0,0,1,0,816220800,0,0,1463073287,N
2026-05-12,11483,LT,EQ,LARSEN & TOUBRO LTD.,INE018A01030,1,200,0,0,6,1,772416000,0,0,1463077647,N
2026-05-12,28092,LT,IQ,LARSEN & TOUBRO LIMITED,INE018A01030,1,200,0,0,1,0,1029369600,0,0,1463074143,N
2026-05-12,16070,LT,RL,LARSEN & TOUBRO LTD.,INE018A01030,1,200,0,0,1,0,893203200,0,0,1463073287,N
2026-05-12,757249,LT,T0,LARSEN & TOUBRO LTD.,INE018A01030,1,200,0,0,1,1,1433030400,0,0,1463071565,N
2026-05-12,757250,LT,TL,LARSEN & TOUBRO LTD.,INE018A01030,999999999,200,0,0,1,0,1433030400,0,0,1463073287,N
2026-05-12,11139,RELIANCE,AF,RELIANCE INDUSTRIES LTD,INE002A01018,1,1000,0,0,1,0,1248566400,0,0,1463073250,N
2026-05-12,4615,RELIANCE,BE,RELIANCE IND DEPO-SETT,INE002A01018,1,1000,0,0,1,0,502070400,0,0,1463073250,N
2026-05-12,12713,RELIANCE,BL,RELIANCE INDUSTRIES LTD,INE002A01018,999999999,1000,0,0,1,0,816220800,0,0,1463073250,N
2026-05-12,2885,RELIANCE,EQ,RELIANCE INDUSTRIES LTD,INE002A01018,1,1000,0,0,6,1,502070400,0,0,1463077648,N
2026-05-12,28389,RELIANCE,IQ,RELIANCE INDUSTRIES LTD,INE002A01018,1,1000,0,0,1,0,1029369600,0,0,1463074144,N
2026-05-12,16328,RELIANCE,RL,RELIANCE INDUSTRIES LTD,INE002A01018,1,1000,0,0,1,0,893203200,0,0,1463073250,N
2026-05-12,757287,RELIANCE,T0,RELIANCE INDUSTRIES LTD,INE002A01018,1,1000,0,0,1,1,1433030400,0,0,1463071565,N
2026-05-12,757288,RELIANCE,TL,RELIANCE INDUSTRIES LTD,INE002A01018,999999999,1000,0,0,1,0,1433030400,0,0,1463073250,N
2026-05-12,11128,SBIN,AF,STATE BANK OF INDIA,INE062A01020,1,100,0,0,1,0,1248566400,0,0,1463073251,N
2026-05-12,4884,SBIN,BE,SBIN - DEPO SETT,INE062A01020,1,100,0,0,1,0,554688000,0,0,1463073251,N
2026-05-12,12740,SBIN,BL,STATE BANK OF INDIA,INE062A01020,999999999,100,0,0,1,0,816220800,0,0,1463073251,N
2026-05-12,3045,SBIN,EQ,STATE BANK OF INDIA,INE062A01020,1,100,0,0,6,1,478483200,0,0,1463077648,N
2026-05-12,28450,SBIN,IQ,STATE BANK OF INDIA,INE062A01020,1,1000,0,0,1,0,1029369600,0,0,1463074144,N
2026-05-12,20520,SBIN,N2,BOND 9.50% PA SERIES 2,INE062A08025,1,1000000,2,0,3,0,973987200,0,0,1298742279,Y
2026-05-12,22350,SBIN,N3,BOND 9.75% PA RET. S3,INE062A08033,1,1000000,2,0,3,0,985305600,0,0,1340475767,Y
2026-05-12,22352,SBIN,N4,BOND 9.30% PA NON RET. S3,INE062A08041,1,1000000,2,0,3,0,985305600,0,0,1340475767,Y
2026-05-12,22354,SBIN,N5,BOND 9.95% PA RET. S4,INE062A08058,1,1000000,2,0,3,0,985305600,0,0,1301159429,Y
2026-05-12,22356,SBIN,N6,BOND 9.45% PA NON RET. S4,INE062A08066,1,1000000,2,0,3,0,985305600,0,0,1301159429,Y
2026-05-12,16382,SBIN,RL,STATE BANK OF INDIA,INE062A01020,1,100,0,0,1,0,893203200,0,0,1463073251,N
2026-05-12,23256,SBIN,T0,STATE BANK OF INDIA,INE062A01020,1,100,0,0,1,1,1396051200,0,0,1463073211,N
2026-05-12,756131,SBIN,TL,STATE BANK OF INDIA,INE062A01020,999999999,100,0,0,1,0,1430611200,0,0,1463073251,N
2026-05-12,20521,SBIN,U2,BOND 9.50% PA SERIES 2,INE062A08025,1,1000000,2,0,3,0,973987200,0,0,1298742279,Y
2026-05-12,22351,SBIN,U3,BOND 9.75% PA RET. S3,INE062A08033,1,1000000,2,0,1,0,985305600,0,0,1463071560,N
2026-05-12,22353,SBIN,U4,BOND 9.30% PA NON RET. S3,INE062A08041,1,1000000,2,0,1,0,985305600,0,0,1463071560,N
2026-05-12,22355,SBIN,U5,BOND 9.95% PA RET. S4,INE062A08058,1,1000000,2,0,3,0,985305600,0,0,1301159429,Y
2026-05-12,22357,SBIN,U6,BOND 9.45% PA NON RET. S4,INE062A08066,1,1000000,2,0,3,0,985305600,0,0,1301159429,Y
2026-05-13,11107,HDFCBANK,AF,HDFC BANK LTD,INE040A01034,1,100,0,0,1,0,1248566400,0,0,1463160860,N
2026-05-13,4813,HDFCBANK,BE,HDFC BANK-DEPO. SETT.,INE040A01034,1,100,0,0,1,0,551059200,0,0,1463160860,N
2026-05-13,12431,HDFCBANK,BL,HDFC BANK LTD,INE040A01034,999999999,100,0,0,1,0,816220800,0,0,1463160860,N
2026-05-13,1333,HDFCBANK,EQ,HDFC BANK LTD,INE040A01034,1,100,0,0,6,1,500256000,0,0,1463162758,N
2026-05-13,27835,HDFCBANK,IQ,HDFC BANK LTD.,INE040A01034,1,200,0,0,1,0,1029369600,0,0,1463157729,N
2026-05-13,17321,HDFCBANK,K3,HDFC BANK LIMITED,INE040A13013,600,55725,3,0,3,0,1374019200,0,0,1377280986,Y
2026-05-13,15854,HDFCBANK,RL,HDFC BANK LTD,INE040A01034,1,100,0,0,1,0,893203200,0,0,1463160860,N
2026-05-13,757205,HDFCBANK,T0,HDFC BANK LTD,INE040A01034,1,100,0,0,1,1,1433030400,0,0,1463157732,N
2026-05-13,757206,HDFCBANK,TL,HDFC BANK LTD,INE040A01034,999999999,100,0,0,1,0,1433030400,0,0,1463160860,N
2026-05-13,17320,HDFCBANK,W3,HDFC BANK LIMITED,INE040A13013,600,55725,3,0,3,0,1374019200,0,0,1377280986,Y
2026-05-13,11111,ICICIBANK,AF,ICICI BANK LTD.,INE090A01021,1,200,0,0,1,0,1248566400,0,0,1463160917,N
2026-05-13,4967,ICICIBANK,BE,ICICI BANK LTD DEPO SETT,INE090A01021,1,200,0,0,1,0,559526400,0,0,1463160917,N
2026-05-13,12458,ICICIBANK,BL,ICICI BANK LTD.,INE090A01021,999999999,200,0,0,1,0,816220800,0,0,1463160917,N
2026-05-13,4963,ICICIBANK,EQ,ICICI BANK LTD.,INE090A01021,1,200,0,0,6,1,559526400,0,0,1463162758,N
2026-05-13,27885,ICICIBANK,IQ,ICICI BANK LTD.,INE090A01021,1,1000,0,0,1,0,1029369600,0,0,1463163401,N
2026-05-13,15897,ICICIBANK,RL,ICICI BANK LTD.,INE090A01021,1,200,0,0,1,0,893203200,0,0,1463160917,N
2026-05-13,757217,ICICIBANK,T0,ICICI BANK LTD.,INE090A01021,1,200,0,0,1,1,1433030400,0,0,1463157732,N
2026-05-13,757218,ICICIBANK,TL,ICICI BANK LTD.,INE090A01021,999999999,200,0,0,1,0,1433030400,0,0,1463160917,N
2026-05-13,11117,LT,AF,LARSEN & TOUBRO LTD.,INE018A01030,1,200,0,0,1,0,1248566400,0,0,1463160925,N
2026-05-13,11484,LT,BE,LARSEN & TOUBRO LTD.,INE018A01030,1,200,0,0,1,0,772416000,0,0,1463160925,N
2026-05-13,12562,LT,BL,LARSEN & TOUBRO LTD.,INE018A01030,999999999,200,0,0,1,0,816220800,0,0,1463160925,N
2026-05-13,11483,LT,EQ,LARSEN & TOUBRO LTD.,INE018A01030,1,200,0,0,6,1,772416000,0,0,1463162758,N
2026-05-13,28092,LT,IQ,LARSEN & TOUBRO LIMITED,INE018A01030,1,200,0,0,1,0,1029369600,0,0,1463163401,N
2026-05-13,16070,LT,RL,LARSEN & TOUBRO LTD.,INE018A01030,1,200,0,0,1,0,893203200,0,0,1463160925,N
2026-05-13,757249,LT,T0,LARSEN & TOUBRO LTD.,INE018A01030,1,200,0,0,1,1,1433030400,0,0,1463157732,N
2026-05-13,757250,LT,TL,LARSEN & TOUBRO LTD.,INE018A01030,999999999,200,0,0,1,0,1433030400,0,0,1463160925,N
2026-05-13,11139,RELIANCE,AF,RELIANCE INDUSTRIES LTD,INE002A01018,1,1000,0,0,1,0,1248566400,0,0,1463160888,N
2026-05-13,4615,RELIANCE,BE,RELIANCE IND DEPO-SETT,INE002A01018,1,1000,0,0,1,0,502070400,0,0,1463160888,N
2026-05-13,12713,RELIANCE,BL,RELIANCE INDUSTRIES LTD,INE002A01018,999999999,1000,0,0,1,0,816220800,0,0,1463160888,N
2026-05-13,2885,RELIANCE,EQ,RELIANCE INDUSTRIES LTD,INE002A01018,1,1000,0,0,6,1,502070400,0,0,1463162758,N
2026-05-13,28389,RELIANCE,IQ,RELIANCE INDUSTRIES LTD,INE002A01018,1,1000,0,0,1,0,1029369600,0,0,1463157729,N
2026-05-13,16328,RELIANCE,RL,RELIANCE INDUSTRIES LTD,INE002A01018,1,1000,0,0,1,0,893203200,0,0,1463160888,N
2026-05-13,757287,RELIANCE,T0,RELIANCE INDUSTRIES LTD,INE002A01018,1,1000,0,0,1,1,1433030400,0,0,1463157732,N
2026-05-13,757288,RELIANCE,TL,RELIANCE INDUSTRIES LTD,INE002A01018,999999999,1000,0,0,1,0,1433030400,0,0,1463160888,N
2026-05-13,11128,SBIN,AF,STATE BANK OF INDIA,INE062A01020,1,100,0,0,1,0,1248566400,0,0,1463160889,N
2026-05-13,4884,SBIN,BE,SBIN - DEPO SETT,INE062A01020,1,100,0,0,1,0,554688000,0,0,1463160889,N
2026-05-13,12740,SBIN,BL,STATE BANK OF INDIA,INE062A01020,999999999,100,0,0,1,0,816220800,0,0,1463160889,N
2026-05-13,3045,SBIN,EQ,STATE BANK OF INDIA,INE062A01020,1,100,0,0,6,1,478483200,0,0,1463162758,N
2026-05-13,28450,SBIN,IQ,STATE BANK OF INDIA,INE062A01020,1,1000,0,0,1,0,1029369600,0,0,1463163401,N
2026-05-13,20520,SBIN,N2,BOND 9.50% PA SERIES 2,INE062A08025,1,1000000,2,0,3,0,973987200,0,0,1298742279,Y
2026-05-13,22350,SBIN,N3,BOND 9.75% PA RET. S3,INE062A08033,1,1000000,2,0,3,0,985305600,0,0,1340475767,Y
2026-05-13,22352,SBIN,N4,BOND 9.30% PA NON RET. S3,INE062A08041,1,1000000,2,0,3,0,985305600,0,0,1340475767,Y
2026-05-13,22354,SBIN,N5,BOND 9.95% PA RET. S4,INE062A08058,1,1000000,2,0,3,0,985305600,0,0,1301159429,Y
2026-05-13,22356,SBIN,N6,BOND 9.45% PA NON RET. S4,INE062A08066,1,1000000,2,0,3,0,985305600,0,0,1301159429,Y
2026-05-13,16382,SBIN,RL,STATE BANK OF INDIA,INE062A01020,1,100,0,0,1,0,893203200,0,0,1463160889,N
2026-05-13,23256,SBIN,T0,STATE BANK OF INDIA,INE062A01020,1,100,0,0,1,1,1396051200,0,0,1463157728,N
2026-05-13,756131,SBIN,TL,STATE BANK OF INDIA,INE062A01020,999999999,100,0,0,1,0,1430611200,0,0,1463160889,N
2026-05-13,20521,SBIN,U2,BOND 9.50% PA SERIES 2,INE062A08025,1,1000000,2,0,3,0,973987200,0,0,1298742279,Y
2026-05-13,22351,SBIN,U3,BOND 9.75% PA RET. S3,INE062A08033,1,1000000,2,0,1,0,985305600,0,0,1463157728,N
2026-05-13,22353,SBIN,U4,BOND 9.30% PA NON RET. S3,INE062A08041,1,1000000,2,0,1,0,985305600,0,0,1463157728,N
2026-05-13,22355,SBIN,U5,BOND 9.95% PA RET. S4,INE062A08058,1,1000000,2,0,3,0,985305600,0,0,1301159429,Y
2026-05-13,22357,SBIN,U6,BOND 9.45% PA NON RET. S4,INE062A08066,1,1000000,2,0,3,0,985305600,0,0,1301159429,Y
2026-05-14,11107,HDFCBANK,AF,HDFC BANK LTD,INE040A01034,1,100,0,0,1,0,1248566400,0,0,1463248843,N
2026-05-14,4813,HDFCBANK,BE,HDFC BANK-DEPO. SETT.,INE040A01034,1,100,0,0,1,0,551059200,0,0,1463248843,N
2026-05-14,12431,HDFCBANK,BL,HDFC BANK LTD,INE040A01034,999999999,100,0,0,1,0,816220800,0,0,1463248843,N
2026-05-14,1333,HDFCBANK,EQ,HDFC BANK LTD,INE040A01034,1,100,0,0,6,1,500256000,0,0,1463249042,N
2026-05-14,27835,HDFCBANK,IQ,HDFC BANK LTD.,INE040A01034,1,200,0,0,1,0,1029369600,0,0,1463250256,N
2026-05-14,17321,HDFCBANK,K3,HDFC BANK LIMITED,INE040A13013,600,55725,3,0,3,0,1374019200,0,0,1377280986,Y
2026-05-14,15854,HDFCBANK,RL,HDFC BANK LTD,INE040A01034,1,100,0,0,1,0,893203200,0,0,1463248843,N
2026-05-14,757205,HDFCBANK,T0,HDFC BANK LTD,INE040A01034,1,100,0,0,1,1,1433030400,0,0,1463244782,N
2026-05-14,757206,HDFCBANK,TL,HDFC BANK LTD,INE040A01034,999999999,100,0,0,1,0,1433030400,0,0,1463248843,N
2026-05-14,17320,HDFCBANK,W3,HDFC BANK LIMITED,INE040A13013,600,55725,3,0,3,0,1374019200,0,0,1377280986,Y
2026-05-14,11111,ICICIBANK,AF,ICICI BANK LTD.,INE090A01021,1,200,0,0,1,0,1248566400,0,0,1463248900,N
2026-05-14,4967,ICICIBANK,BE,ICICI BANK LTD DEPO SETT,INE090A01021,1,200,0,0,1,0,559526400,0,0,1463248900,N
2026-05-14,12458,ICICIBANK,BL,ICICI BANK LTD.,INE090A01021,999999999,200,0,0,1,0,816220800,0,0,1463248900,N
2026-05-14,4963,ICICIBANK,EQ,ICICI BANK LTD.,INE090A01021,1,200,0,0,6,1,559526400,0,0,1463249042,N
2026-05-14,27885,ICICIBANK,IQ,ICICI BANK LTD.,INE090A01021,1,1000,0,0,1,0,1029369600,0,0,1463250256,N
2026-05-14,15897,ICICIBANK,RL,ICICI BANK LTD.,INE090A01021,1,200,0,0,1,0,893203200,0,0,1463248900,N
2026-05-14,757217,ICICIBANK,T0,ICICI BANK LTD.,INE090A01021,1,200,0,0,1,1,1433030400,0,0,1463244782,N
2026-05-14,757218,ICICIBANK,TL,ICICI BANK LTD.,INE090A01021,999999999,200,0,0,1,0,1433030400,0,0,1463248900,N
2026-05-14,11117,LT,AF,LARSEN & TOUBRO LTD.,INE018A01030,1,200,0,0,1,0,1248566400,0,0,1463248908,N
2026-05-14,11484,LT,BE,LARSEN & TOUBRO LTD.,INE018A01030,1,200,0,0,1,0,772416000,0,0,1463248908,N
2026-05-14,12562,LT,BL,LARSEN & TOUBRO LTD.,INE018A01030,999999999,200,0,0,1,0,816220800,0,0,1463248908,N
2026-05-14,11483,LT,EQ,LARSEN & TOUBRO LTD.,INE018A01030,1,200,0,0,6,1,772416000,0,0,1463249042,N
2026-05-14,28092,LT,IQ,LARSEN & TOUBRO LIMITED,INE018A01030,1,200,0,0,1,0,1029369600,0,0,1463250256,N
2026-05-14,16070,LT,RL,LARSEN & TOUBRO LTD.,INE018A01030,1,200,0,0,1,0,893203200,0,0,1463248908,N
2026-05-14,757249,LT,T0,LARSEN & TOUBRO LTD.,INE018A01030,1,200,0,0,1,1,1433030400,0,0,1463244782,N
2026-05-14,757250,LT,TL,LARSEN & TOUBRO LTD.,INE018A01030,999999999,200,0,0,1,0,1433030400,0,0,1463248908,N
2026-05-14,11139,RELIANCE,AF,RELIANCE INDUSTRIES LTD,INE002A01018,1,1000,0,0,1,0,1248566400,0,0,1463248871,N
2026-05-14,4615,RELIANCE,BE,RELIANCE IND DEPO-SETT,INE002A01018,1,1000,0,0,1,0,502070400,0,0,1463248871,N
2026-05-14,12713,RELIANCE,BL,RELIANCE INDUSTRIES LTD,INE002A01018,999999999,1000,0,0,1,0,816220800,0,0,1463248871,N
2026-05-14,2885,RELIANCE,EQ,RELIANCE INDUSTRIES LTD,INE002A01018,1,1000,0,0,6,1,502070400,0,0,1463249043,N
2026-05-14,28389,RELIANCE,IQ,RELIANCE INDUSTRIES LTD,INE002A01018,1,1000,0,0,1,0,1029369600,0,0,1463244780,N
2026-05-14,16328,RELIANCE,RL,RELIANCE INDUSTRIES LTD,INE002A01018,1,1000,0,0,1,0,893203200,0,0,1463248871,N
2026-05-14,757287,RELIANCE,T0,RELIANCE INDUSTRIES LTD,INE002A01018,1,1000,0,0,1,1,1433030400,0,0,1463244782,N
2026-05-14,757288,RELIANCE,TL,RELIANCE INDUSTRIES LTD,INE002A01018,999999999,1000,0,0,1,0,1433030400,0,0,1463248871,N
2026-05-14,11128,SBIN,AF,STATE BANK OF INDIA,INE062A01020,1,100,0,0,1,0,1248566400,0,0,1463248872,N
2026-05-14,4884,SBIN,BE,SBIN - DEPO SETT,INE062A01020,1,100,0,0,1,0,554688000,0,0,1463248872,N
2026-05-14,12740,SBIN,BL,STATE BANK OF INDIA,INE062A01020,999999999,100,0,0,1,0,816220800,0,0,1463248872,N
2026-05-14,3045,SBIN,EQ,STATE BANK OF INDIA,INE062A01020,1,100,0,0,6,1,478483200,0,0,1463249043,N
2026-05-14,28450,SBIN,IQ,STATE BANK OF INDIA,INE062A01020,1,1000,0,0,1,0,1029369600,0,0,1463250256,N
2026-05-14,20520,SBIN,N2,BOND 9.50% PA SERIES 2,INE062A08025,1,1000000,2,0,3,0,973987200,0,0,1298742279,Y
2026-05-14,22350,SBIN,N3,BOND 9.75% PA RET. S3,INE062A08033,1,1000000,2,0,3,0,985305600,0,0,1340475767,Y
2026-05-14,22352,SBIN,N4,BOND 9.30% PA NON RET. S3,INE062A08041,1,1000000,2,0,3,0,985305600,0,0,1340475767,Y
2026-05-14,22354,SBIN,N5,BOND 9.95% PA RET. S4,INE062A08058,1,1000000,2,0,3,0,985305600,0,0,1301159429,Y
2026-05-14,22356,SBIN,N6,BOND 9.45% PA NON RET. S4,INE062A08066,1,1000000,2,0,3,0,985305600,0,0,1301159429,Y
2026-05-14,16382,SBIN,RL,STATE BANK OF INDIA,INE062A01020,1,100,0,0,1,0,893203200,0,0,1463248872,N
2026-05-14,23256,SBIN,T0,STATE BANK OF INDIA,INE062A01020,1,100,0,0,1,0,1396051200,0,0,1463249089,N
2026-05-14,756131,SBIN,TL,STATE BANK OF INDIA,INE062A01020,999999999,100,0,0,1,0,1430611200,0,0,1463249089,N
2026-05-14,20521,SBIN,U2,BOND 9.50% PA SERIES 2,INE062A08025,1,1000000,2,0,3,0,973987200,0,0,1298742279,Y
2026-05-14,22351,SBIN,U3,BOND 9.75% PA RET. S3,INE062A08033,1,1000000,2,0,1,0,985305600,0,0,1463244778,N
2026-05-14,22353,SBIN,U4,BOND 9.30% PA NON RET. S3,INE062A08041,1,1000000,2,0,1,0,985305600,0,0,1463244778,N
2026-05-14,22355,SBIN,U5,BOND 9.95% PA RET. S4,INE062A08058,1,1000000,2,0,3,0,985305600,0,0,1301159429,Y
2026-05-14,22357,SBIN,U6,BOND 9.45% PA NON RET. S4,INE062A08066,1,1000000,2,0,3,0,985305600,0,0,1301159429,Y
2026-05-15,11107,HDFCBANK,AF,HDFC BANK LTD,INE040A01034,1,100,0,0,1,0,1248566400,0,0,1463334111,N
2026-05-15,4813,HDFCBANK,BE,HDFC BANK-DEPO. SETT.,INE040A01034,1,100,0,0,1,0,551059200,0,0,1463334111,N
2026-05-15,12431,HDFCBANK,BL,HDFC BANK LTD,INE040A01034,999999999,100,0,0,1,0,816220800,0,0,1463334111,N
2026-05-15,1333,HDFCBANK,EQ,HDFC BANK LTD,INE040A01034,1,100,0,0,6,1,500256000,0,0,1463339373,N
2026-05-15,27835,HDFCBANK,IQ,HDFC BANK LTD.,INE040A01034,1,200,0,0,1,0,1029369600,0,0,1463332205,N
2026-05-15,17321,HDFCBANK,K3,HDFC BANK LIMITED,INE040A13013,600,55725,3,0,3,0,1374019200,0,0,1377280986,Y
2026-05-15,15854,HDFCBANK,RL,HDFC BANK LTD,INE040A01034,1,100,0,0,1,0,893203200,0,0,1463334111,N
2026-05-15,757205,HDFCBANK,T0,HDFC BANK LTD,INE040A01034,1,100,0,0,1,1,1433030400,0,0,1463332208,N
2026-05-15,757206,HDFCBANK,TL,HDFC BANK LTD,INE040A01034,999999999,100,0,0,1,0,1433030400,0,0,1463334111,N
2026-05-15,17320,HDFCBANK,W3,HDFC BANK LIMITED,INE040A13013,600,55725,3,0,3,0,1374019200,0,0,1377280986,Y
2026-05-15,11111,ICICIBANK,AF,ICICI BANK LTD.,INE090A01021,1,200,0,0,1,0,1248566400,0,0,1463334169,N
2026-05-15,4967,ICICIBANK,BE,ICICI BANK LTD DEPO SETT,INE090A01021,1,200,0,0,1,0,559526400,0,0,1463334169,N
2026-05-15,12458,ICICIBANK,BL,ICICI BANK LTD.,INE090A01021,999999999,200,0,0,1,0,816220800,0,0,1463334169,N
2026-05-15,4963,ICICIBANK,EQ,ICICI BANK LTD.,INE090A01021,1,200,0,0,6,1,559526400,0,0,1463339373,N
2026-05-15,27885,ICICIBANK,IQ,ICICI BANK LTD.,INE090A01021,1,1000,0,0,1,0,1029369600,0,0,1463334897,N
2026-05-15,15897,ICICIBANK,RL,ICICI BANK LTD.,INE090A01021,1,200,0,0,1,0,893203200,0,0,1463334169,N
2026-05-15,757217,ICICIBANK,T0,ICICI BANK LTD.,INE090A01021,1,200,0,0,1,1,1433030400,0,0,1463332208,N
2026-05-15,757218,ICICIBANK,TL,ICICI BANK LTD.,INE090A01021,999999999,200,0,0,1,0,1433030400,0,0,1463334169,N
2026-05-15,11117,LT,AF,LARSEN & TOUBRO LTD.,INE018A01030,1,200,0,0,1,0,1248566400,0,0,1463334176,N
2026-05-15,11484,LT,BE,LARSEN & TOUBRO LTD.,INE018A01030,1,200,0,0,1,0,772416000,0,0,1463334176,N
2026-05-15,12562,LT,BL,LARSEN & TOUBRO LTD.,INE018A01030,999999999,200,0,0,1,0,816220800,0,0,1463334176,N
2026-05-15,11483,LT,EQ,LARSEN & TOUBRO LTD.,INE018A01030,1,200,0,0,6,1,772416000,0,0,1463339374,N
2026-05-15,28092,LT,IQ,LARSEN & TOUBRO LIMITED,INE018A01030,1,200,0,0,1,0,1029369600,0,0,1463332205,N
2026-05-15,16070,LT,RL,LARSEN & TOUBRO LTD.,INE018A01030,1,200,0,0,1,0,893203200,0,0,1463334176,N
2026-05-15,757249,LT,T0,LARSEN & TOUBRO LTD.,INE018A01030,1,200,0,0,1,1,1433030400,0,0,1463332208,N
2026-05-15,757250,LT,TL,LARSEN & TOUBRO LTD.,INE018A01030,999999999,200,0,0,1,0,1433030400,0,0,1463334176,N
2026-05-15,11139,RELIANCE,AF,RELIANCE INDUSTRIES LTD,INE002A01018,1,1000,0,0,1,0,1248566400,0,0,1463334140,N
2026-05-15,4615,RELIANCE,BE,RELIANCE IND DEPO-SETT,INE002A01018,1,1000,0,0,1,0,502070400,0,0,1463334140,N
2026-05-15,12713,RELIANCE,BL,RELIANCE INDUSTRIES LTD,INE002A01018,999999999,1000,0,0,1,0,816220800,0,0,1463334140,N
2026-05-15,2885,RELIANCE,EQ,RELIANCE INDUSTRIES LTD,INE002A01018,1,1000,0,0,6,1,502070400,0,0,1463339374,N
2026-05-15,28389,RELIANCE,IQ,RELIANCE INDUSTRIES LTD,INE002A01018,1,1000,0,0,1,0,1029369600,0,0,1463332205,N
2026-05-15,16328,RELIANCE,RL,RELIANCE INDUSTRIES LTD,INE002A01018,1,1000,0,0,1,0,893203200,0,0,1463334140,N
2026-05-15,757287,RELIANCE,T0,RELIANCE INDUSTRIES LTD,INE002A01018,1,1000,0,0,1,1,1433030400,0,0,1463332208,N
2026-05-15,757288,RELIANCE,TL,RELIANCE INDUSTRIES LTD,INE002A01018,999999999,1000,0,0,1,0,1433030400,0,0,1463334140,N
2026-05-15,11128,SBIN,AF,STATE BANK OF INDIA,INE062A01020,1,100,0,0,1,0,1248566400,0,0,1463334140,N
2026-05-15,4884,SBIN,BE,SBIN - DEPO SETT,INE062A01020,1,100,0,0,1,0,554688000,0,0,1463334140,N
2026-05-15,12740,SBIN,BL,STATE BANK OF INDIA,INE062A01020,999999999,100,0,0,1,0,816220800,0,0,1463334140,N
2026-05-15,3045,SBIN,EQ,STATE BANK OF INDIA,INE062A01020,1,100,0,0,6,1,478483200,0,0,1463339374,N
2026-05-15,28450,SBIN,IQ,STATE BANK OF INDIA,INE062A01020,1,1000,0,0,1,0,1029369600,0,0,1463334897,N
2026-05-15,20520,SBIN,N2,BOND 9.50% PA SERIES 2,INE062A08025,1,1000000,2,0,3,0,973987200,0,0,1298742279,Y
2026-05-15,22350,SBIN,N3,BOND 9.75% PA RET. S3,INE062A08033,1,1000000,2,0,3,0,985305600,0,0,1340475767,Y
2026-05-15,22352,SBIN,N4,BOND 9.30% PA NON RET. S3,INE062A08041,1,1000000,2,0,3,0,985305600,0,0,1340475767,Y
2026-05-15,22354,SBIN,N5,BOND 9.95% PA RET. S4,INE062A08058,1,1000000,2,0,3,0,985305600,0,0,1301159429,Y
2026-05-15,22356,SBIN,N6,BOND 9.45% PA NON RET. S4,INE062A08066,1,1000000,2,0,3,0,985305600,0,0,1301159429,Y
2026-05-15,16382,SBIN,RL,STATE BANK OF INDIA,INE062A01020,1,100,0,0,1,0,893203200,0,0,1463334140,N
2026-05-15,23256,SBIN,T0,STATE BANK OF INDIA,INE062A01020,1,100,0,0,1,1,1396051200,0,0,1463334140,N
2026-05-15,756131,SBIN,TL,STATE BANK OF INDIA,INE062A01020,999999999,100,0,0,1,0,1430611200,0,0,1463334140,N
2026-05-15,20521,SBIN,U2,BOND 9.50% PA SERIES 2,INE062A08025,1,1000000,2,0,3,0,973987200,0,0,1298742279,Y
2026-05-15,22351,SBIN,U3,BOND 9.75% PA RET. S3,INE062A08033,1,1000000,2,0,1,0,985305600,0,0,1463332204,N
2026-05-15,22353,SBIN,U4,BOND 9.30% PA NON RET. S3,INE062A08041,1,1000000,2,0,1,0,985305600,0,0,1463332204,N
2026-05-15,22355,SBIN,U5,BOND 9.95% PA RET. S4,INE062A08058,1,1000000,2,0,3,0,985305600,0,0,1301159429,Y
2026-05-15,22357,SBIN,U6,BOND 9.45% PA NON RET. S4,INE062A08066,1,1000000,2,0,3,0,985305600,0,0,1301159429,Y
2026-05-18,11107,HDFCBANK,AF,HDFC BANK LTD,INE040A01034,1,100,0,0,1,0,1248566400,0,0,1463591361,N
2026-05-18,4813,HDFCBANK,BE,HDFC BANK-DEPO. SETT.,INE040A01034,1,100,0,0,1,0,551059200,0,0,1463591361,N
2026-05-18,12431,HDFCBANK,BL,HDFC BANK LTD,INE040A01034,999999999,100,0,0,1,0,816220800,0,0,1463591361,N
2026-05-18,1333,HDFCBANK,EQ,HDFC BANK LTD,INE040A01034,1,100,0,0,6,1,500256000,0,0,1463595868,N
2026-05-18,27835,HDFCBANK,IQ,HDFC BANK LTD.,INE040A01034,1,200,0,0,1,0,1029369600,0,0,1463589802,N
2026-05-18,17321,HDFCBANK,K3,HDFC BANK LIMITED,INE040A13013,600,55725,3,0,3,0,1374019200,0,0,1377280986,Y
2026-05-18,15854,HDFCBANK,RL,HDFC BANK LTD,INE040A01034,1,100,0,0,1,0,893203200,0,0,1463591361,N
2026-05-18,757205,HDFCBANK,T0,HDFC BANK LTD,INE040A01034,1,100,0,0,1,1,1433030400,0,0,1463589805,N
2026-05-18,757206,HDFCBANK,TL,HDFC BANK LTD,INE040A01034,999999999,100,0,0,1,0,1433030400,0,0,1463591361,N
2026-05-18,17320,HDFCBANK,W3,HDFC BANK LIMITED,INE040A13013,600,55725,3,0,3,0,1374019200,0,0,1377280986,Y
2026-05-18,11111,ICICIBANK,AF,ICICI BANK LTD.,INE090A01021,1,200,0,0,1,0,1248566400,0,0,1463591419,N
2026-05-18,4967,ICICIBANK,BE,ICICI BANK LTD DEPO SETT,INE090A01021,1,200,0,0,1,0,559526400,0,0,1463591419,N
2026-05-18,12458,ICICIBANK,BL,ICICI BANK LTD.,INE090A01021,999999999,200,0,0,1,0,816220800,0,0,1463591419,N
2026-05-18,4963,ICICIBANK,EQ,ICICI BANK LTD.,INE090A01021,1,200,0,0,6,1,559526400,0,0,1463595868,N
2026-05-18,27885,ICICIBANK,IQ,ICICI BANK LTD.,INE090A01021,1,1000,0,0,1,0,1029369600,0,0,1463589802,N
2026-05-18,15897,ICICIBANK,RL,ICICI BANK LTD.,INE090A01021,1,200,0,0,1,0,893203200,0,0,1463591419,N
2026-05-18,757217,ICICIBANK,T0,ICICI BANK LTD.,INE090A01021,1,200,0,0,1,1,1433030400,0,0,1463589805,N
2026-05-18,757218,ICICIBANK,TL,ICICI BANK LTD.,INE090A01021,999999999,200,0,0,1,0,1433030400,0,0,1463591419,N
2026-05-18,11117,LT,AF,LARSEN & TOUBRO LTD.,INE018A01030,1,200,0,0,1,0,1248566400,0,0,1463591427,N
2026-05-18,11484,LT,BE,LARSEN & TOUBRO LTD.,INE018A01030,1,200,0,0,1,0,772416000,0,0,1463591427,N
2026-05-18,12562,LT,BL,LARSEN & TOUBRO LTD.,INE018A01030,999999999,200,0,0,1,0,816220800,0,0,1463591427,N
2026-05-18,11483,LT,EQ,LARSEN & TOUBRO LTD.,INE018A01030,1,200,0,0,6,1,772416000,0,0,1463595868,N
2026-05-18,28092,LT,IQ,LARSEN & TOUBRO LIMITED,INE018A01030,1,200,0,0,1,0,1029369600,0,0,1463589802,N
2026-05-18,16070,LT,RL,LARSEN & TOUBRO LTD.,INE018A01030,1,200,0,0,1,0,893203200,0,0,1463591427,N
2026-05-18,757249,LT,T0,LARSEN & TOUBRO LTD.,INE018A01030,1,200,0,0,1,1,1433030400,0,0,1463589805,N
2026-05-18,757250,LT,TL,LARSEN & TOUBRO LTD.,INE018A01030,999999999,200,0,0,1,0,1433030400,0,0,1463591427,N
2026-05-18,11139,RELIANCE,AF,RELIANCE INDUSTRIES LTD,INE002A01018,1,1000,0,0,1,0,1248566400,0,0,1463591390,N
2026-05-18,4615,RELIANCE,BE,RELIANCE IND DEPO-SETT,INE002A01018,1,1000,0,0,1,0,502070400,0,0,1463591390,N
2026-05-18,12713,RELIANCE,BL,RELIANCE INDUSTRIES LTD,INE002A01018,999999999,1000,0,0,1,0,816220800,0,0,1463591390,N
2026-05-18,2885,RELIANCE,EQ,RELIANCE INDUSTRIES LTD,INE002A01018,1,1000,0,0,6,1,502070400,0,0,1463595869,N
2026-05-18,28389,RELIANCE,IQ,RELIANCE INDUSTRIES LTD,INE002A01018,1,1000,0,0,1,0,1029369600,0,0,1463592339,N
2026-05-18,16328,RELIANCE,RL,RELIANCE INDUSTRIES LTD,INE002A01018,1,1000,0,0,1,0,893203200,0,0,1463591390,N
2026-05-18,757287,RELIANCE,T0,RELIANCE INDUSTRIES LTD,INE002A01018,1,1000,0,0,1,1,1433030400,0,0,1463589805,N
2026-05-18,757288,RELIANCE,TL,RELIANCE INDUSTRIES LTD,INE002A01018,999999999,1000,0,0,1,0,1433030400,0,0,1463591390,N
2026-05-18,11128,SBIN,AF,STATE BANK OF INDIA,INE062A01020,1,100,0,0,1,0,1248566400,0,0,1463591390,N
2026-05-18,4884,SBIN,BE,SBIN - DEPO SETT,INE062A01020,1,100,0,0,1,0,554688000,0,0,1463591390,N
2026-05-18,12740,SBIN,BL,STATE BANK OF INDIA,INE062A01020,999999999,100,0,0,1,0,816220800,0,0,1463591390,N
2026-05-18,3045,SBIN,EQ,STATE BANK OF INDIA,INE062A01020,1,100,0,0,6,1,478483200,0,0,1463595869,N
2026-05-18,28450,SBIN,IQ,STATE BANK OF INDIA,INE062A01020,1,1000,0,0,1,0,1029369600,0,0,1463589802,N
2026-05-18,20520,SBIN,N2,BOND 9.50% PA SERIES 2,INE062A08025,1,1000000,2,0,3,0,973987200,0,0,1298742279,Y
2026-05-18,22350,SBIN,N3,BOND 9.75% PA RET. S3,INE062A08033,1,1000000,2,0,3,0,985305600,0,0,1340475767,Y
2026-05-18,22352,SBIN,N4,BOND 9.30% PA NON RET. S3,INE062A08041,1,1000000,2,0,3,0,985305600,0,0,1340475767,Y
2026-05-18,22354,SBIN,N5,BOND 9.95% PA RET. S4,INE062A08058,1,1000000,2,0,3,0,985305600,0,0,1301159429,Y
2026-05-18,22356,SBIN,N6,BOND 9.45% PA NON RET. S4,INE062A08066,1,1000000,2,0,3,0,985305600,0,0,1301159429,Y
2026-05-18,16382,SBIN,RL,STATE BANK OF INDIA,INE062A01020,1,100,0,0,1,0,893203200,0,0,1463591390,N
2026-05-18,23256,SBIN,T0,STATE BANK OF INDIA,INE062A01020,1,100,0,0,1,1,1396051200,0,0,1463589801,N
2026-05-18,756131,SBIN,TL,STATE BANK OF INDIA,INE062A01020,999999999,100,0,0,1,0,1430611200,0,0,1463591390,N
2026-05-18,20521,SBIN,U2,BOND 9.50% PA SERIES 2,INE062A08025,1,1000000,2,0,3,0,973987200,0,0,1298742279,Y
2026-05-18,22351,SBIN,U3,BOND 9.75% PA RET. S3,INE062A08033,1,1000000,2,0,1,0,985305600,0,0,1463589801,N
2026-05-18,22353,SBIN,U4,BOND 9.30% PA NON RET. S3,INE062A08041,1,1000000,2,0,1,0,985305600,0,0,1463589801,N
2026-05-18,22355,SBIN,U5,BOND 9.95% PA RET. S4,INE062A08058,1,1000000,2,0,3,0,985305600,0,0,1301159429,Y
2026-05-18,22357,SBIN,U6,BOND 9.45% PA NON RET. S4,INE062A08066,1,1000000,2,0,3,0,985305600,0,0,1301159429,Y
2026-05-19,11107,HDFCBANK,AF,HDFC BANK LTD,INE040A01034,1,100,0,0,1,0,1248566400,0,0,1463678885,N
2026-05-19,4813,HDFCBANK,BE,HDFC BANK-DEPO. SETT.,INE040A01034,1,100,0,0,1,0,551059200,0,0,1463678885,N
2026-05-19,12431,HDFCBANK,BL,HDFC BANK LTD,INE040A01034,999999999,100,0,0,1,0,816220800,0,0,1463678885,N
2026-05-19,1333,HDFCBANK,EQ,HDFC BANK LTD,INE040A01034,1,100,0,0,6,1,500256000,0,0,1463680686,N
2026-05-19,27835,HDFCBANK,IQ,HDFC BANK LTD.,INE040A01034,1,200,0,0,1,0,1029369600,0,0,1463679696,N
2026-05-19,17321,HDFCBANK,K3,HDFC BANK LIMITED,INE040A13013,600,55725,3,0,3,0,1374019200,0,0,1377280986,Y
2026-05-19,15854,HDFCBANK,RL,HDFC BANK LTD,INE040A01034,1,100,0,0,1,0,893203200,0,0,1463678885,N
2026-05-19,757205,HDFCBANK,T0,HDFC BANK LTD,INE040A01034,1,100,0,0,1,1,1433030400,0,0,1463676811,N
2026-05-19,757206,HDFCBANK,TL,HDFC BANK LTD,INE040A01034,999999999,100,0,0,1,0,1433030400,0,0,1463678885,N
2026-05-19,17320,HDFCBANK,W3,HDFC BANK LIMITED,INE040A13013,600,55725,3,0,3,0,1374019200,0,0,1377280986,Y
2026-05-19,11111,ICICIBANK,AF,ICICI BANK LTD.,INE090A01021,1,200,0,0,1,0,1248566400,0,0,1463678943,N
2026-05-19,4967,ICICIBANK,BE,ICICI BANK LTD DEPO SETT,INE090A01021,1,200,0,0,1,0,559526400,0,0,1463678943,N
2026-05-19,12458,ICICIBANK,BL,ICICI BANK LTD.,INE090A01021,999999999,200,0,0,1,0,816220800,0,0,1463678943,N
2026-05-19,4963,ICICIBANK,EQ,ICICI BANK LTD.,INE090A01021,1,200,0,0,6,1,559526400,0,0,1463680686,N
2026-05-19,27885,ICICIBANK,IQ,ICICI BANK LTD.,INE090A01021,1,1000,0,0,1,0,1029369600,0,0,1463676808,N
2026-05-19,15897,ICICIBANK,RL,ICICI BANK LTD.,INE090A01021,1,200,0,0,1,0,893203200,0,0,1463678943,N
2026-05-19,757217,ICICIBANK,T0,ICICI BANK LTD.,INE090A01021,1,200,0,0,1,1,1433030400,0,0,1463676811,N
2026-05-19,757218,ICICIBANK,TL,ICICI BANK LTD.,INE090A01021,999999999,200,0,0,1,0,1433030400,0,0,1463678943,N
2026-05-19,11117,LT,AF,LARSEN & TOUBRO LTD.,INE018A01030,1,200,0,0,1,0,1248566400,0,0,1463678951,N
2026-05-19,11484,LT,BE,LARSEN & TOUBRO LTD.,INE018A01030,1,200,0,0,1,0,772416000,0,0,1463678951,N
2026-05-19,12562,LT,BL,LARSEN & TOUBRO LTD.,INE018A01030,999999999,200,0,0,1,0,816220800,0,0,1463678951,N
2026-05-19,11483,LT,EQ,LARSEN & TOUBRO LTD.,INE018A01030,1,200,0,0,6,1,772416000,0,0,1463680686,N
2026-05-19,28092,LT,IQ,LARSEN & TOUBRO LIMITED,INE018A01030,1,200,0,0,1,0,1029369600,0,0,1463676808,N
2026-05-19,16070,LT,RL,LARSEN & TOUBRO LTD.,INE018A01030,1,200,0,0,1,0,893203200,0,0,1463678951,N
2026-05-19,757249,LT,T0,LARSEN & TOUBRO LTD.,INE018A01030,1,200,0,0,1,1,1433030400,0,0,1463676811,N
2026-05-19,757250,LT,TL,LARSEN & TOUBRO LTD.,INE018A01030,999999999,200,0,0,1,0,1433030400,0,0,1463678951,N
2026-05-19,11139,RELIANCE,AF,RELIANCE INDUSTRIES LTD,INE002A01018,1,1000,0,0,1,0,1248566400,0,0,1463678914,N
2026-05-19,4615,RELIANCE,BE,RELIANCE IND DEPO-SETT,INE002A01018,1,1000,0,0,1,0,502070400,0,0,1463678914,N
2026-05-19,12713,RELIANCE,BL,RELIANCE INDUSTRIES LTD,INE002A01018,999999999,1000,0,0,1,0,816220800,0,0,1463678914,N
2026-05-19,2885,RELIANCE,EQ,RELIANCE INDUSTRIES LTD,INE002A01018,1,1000,0,0,6,1,502070400,0,0,1463680686,N
2026-05-19,28389,RELIANCE,IQ,RELIANCE INDUSTRIES LTD,INE002A01018,1,1000,0,0,1,0,1029369600,0,0,1463676808,N
2026-05-19,16328,RELIANCE,RL,RELIANCE INDUSTRIES LTD,INE002A01018,1,1000,0,0,1,0,893203200,0,0,1463678914,N
2026-05-19,757287,RELIANCE,T0,RELIANCE INDUSTRIES LTD,INE002A01018,1,1000,0,0,1,1,1433030400,0,0,1463676811,N
2026-05-19,757288,RELIANCE,TL,RELIANCE INDUSTRIES LTD,INE002A01018,999999999,1000,0,0,1,0,1433030400,0,0,1463678914,N
2026-05-19,11128,SBIN,AF,STATE BANK OF INDIA,INE062A01020,1,100,0,0,1,0,1248566400,0,0,1463678915,N
2026-05-19,4884,SBIN,BE,SBIN - DEPO SETT,INE062A01020,1,100,0,0,1,0,554688000,0,0,1463678915,N
2026-05-19,12740,SBIN,BL,STATE BANK OF INDIA,INE062A01020,999999999,100,0,0,1,0,816220800,0,0,1463678915,N
2026-05-19,3045,SBIN,EQ,STATE BANK OF INDIA,INE062A01020,1,100,0,0,6,1,478483200,0,0,1463680686,N
2026-05-19,28450,SBIN,IQ,STATE BANK OF INDIA,INE062A01020,1,1000,0,0,1,0,1029369600,0,0,1463679696,N
2026-05-19,20520,SBIN,N2,BOND 9.50% PA SERIES 2,INE062A08025,1,1000000,2,0,3,0,973987200,0,0,1298742279,Y
2026-05-19,22350,SBIN,N3,BOND 9.75% PA RET. S3,INE062A08033,1,1000000,2,0,3,0,985305600,0,0,1340475767,Y
2026-05-19,22352,SBIN,N4,BOND 9.30% PA NON RET. S3,INE062A08041,1,1000000,2,0,3,0,985305600,0,0,1340475767,Y
2026-05-19,22354,SBIN,N5,BOND 9.95% PA RET. S4,INE062A08058,1,1000000,2,0,3,0,985305600,0,0,1301159429,Y
2026-05-19,22356,SBIN,N6,BOND 9.45% PA NON RET. S4,INE062A08066,1,1000000,2,0,3,0,985305600,0,0,1301159429,Y
2026-05-19,16382,SBIN,RL,STATE BANK OF INDIA,INE062A01020,1,100,0,0,1,0,893203200,0,0,1463678915,N
2026-05-19,23256,SBIN,T0,STATE BANK OF INDIA,INE062A01020,1,100,0,0,1,1,1396051200,0,0,1463676807,N
2026-05-19,756131,SBIN,TL,STATE BANK OF INDIA,INE062A01020,999999999,100,0,0,1,0,1430611200,0,0,1463678915,N
2026-05-19,20521,SBIN,U2,BOND 9.50% PA SERIES 2,INE062A08025,1,1000000,2,0,3,0,973987200,0,0,1298742279,Y
2026-05-19,22351,SBIN,U3,BOND 9.75% PA RET. S3,INE062A08033,1,1000000,2,0,1,0,985305600,0,0,1463676807,N
2026-05-19,22353,SBIN,U4,BOND 9.30% PA NON RET. S3,INE062A08041,1,1000000,2,0,1,0,985305600,0,0,1463676807,N
2026-05-19,22355,SBIN,U5,BOND 9.95% PA RET. S4,INE062A08058,1,1000000,2,0,3,0,985305600,0,0,1301159429,Y
2026-05-19,22357,SBIN,U6,BOND 9.45% PA NON RET. S4,INE062A08066,1,1000000,2,0,3,0,985305600,0,0,1301159429,Y
2026-05-20,11107,HDFCBANK,AF,HDFC BANK LTD,INE040A01034,1,100,0,0,1,0,1248566400,0,0,1463765950,N
2026-05-20,4813,HDFCBANK,BE,HDFC BANK-DEPO. SETT.,INE040A01034,1,100,0,0,1,0,551059200,0,0,1463765950,N
2026-05-20,12431,HDFCBANK,BL,HDFC BANK LTD,INE040A01034,999999999,100,0,0,1,0,816220800,0,0,1463765950,N
2026-05-20,1333,HDFCBANK,EQ,HDFC BANK LTD,INE040A01034,1,100,0,0,6,1,500256000,0,0,1463767566,N
2026-05-20,27835,HDFCBANK,IQ,HDFC BANK LTD.,INE040A01034,1,200,0,0,1,0,1029369600,0,0,1463765939,N
2026-05-20,17321,HDFCBANK,K3,HDFC BANK LIMITED,INE040A13013,600,55725,3,0,3,0,1374019200,0,0,1377280986,Y
2026-05-20,15854,HDFCBANK,RL,HDFC BANK LTD,INE040A01034,1,100,0,0,1,0,893203200,0,0,1463765950,N
2026-05-20,757205,HDFCBANK,T0,HDFC BANK LTD,INE040A01034,1,100,0,0,1,1,1433030400,0,0,1463762578,N
2026-05-20,757206,HDFCBANK,TL,HDFC BANK LTD,INE040A01034,999999999,100,0,0,1,0,1433030400,0,0,1463765950,N
2026-05-20,17320,HDFCBANK,W3,HDFC BANK LIMITED,INE040A13013,600,55725,3,0,3,0,1374019200,0,0,1377280986,Y
2026-05-20,11111,ICICIBANK,AF,ICICI BANK LTD.,INE090A01021,1,200,0,0,1,0,1248566400,0,0,1463766007,N
2026-05-20,4967,ICICIBANK,BE,ICICI BANK LTD DEPO SETT,INE090A01021,1,200,0,0,1,0,559526400,0,0,1463766007,N
2026-05-20,12458,ICICIBANK,BL,ICICI BANK LTD.,INE090A01021,999999999,200,0,0,1,0,816220800,0,0,1463766007,N
2026-05-20,4963,ICICIBANK,EQ,ICICI BANK LTD.,INE090A01021,1,200,0,0,6,1,559526400,0,0,1463767566,N
2026-05-20,27885,ICICIBANK,IQ,ICICI BANK LTD.,INE090A01021,1,1000,0,0,1,0,1029369600,0,0,1463762575,N
2026-05-20,15897,ICICIBANK,RL,ICICI BANK LTD.,INE090A01021,1,200,0,0,1,0,893203200,0,0,1463766007,N
2026-05-20,757217,ICICIBANK,T0,ICICI BANK LTD.,INE090A01021,1,200,0,0,1,1,1433030400,0,0,1463762578,N
2026-05-20,757218,ICICIBANK,TL,ICICI BANK LTD.,INE090A01021,999999999,200,0,0,1,0,1433030400,0,0,1463766007,N
2026-05-20,11117,LT,AF,LARSEN & TOUBRO LTD.,INE018A01030,1,200,0,0,1,0,1248566400,0,0,1463766015,N
2026-05-20,11484,LT,BE,LARSEN & TOUBRO LTD.,INE018A01030,1,200,0,0,1,0,772416000,0,0,1463766015,N
2026-05-20,12562,LT,BL,LARSEN & TOUBRO LTD.,INE018A01030,999999999,200,0,0,1,0,816220800,0,0,1463766015,N
2026-05-20,11483,LT,EQ,LARSEN & TOUBRO LTD.,INE018A01030,1,200,0,0,6,1,772416000,0,0,1463767566,N
2026-05-20,28092,LT,IQ,LARSEN & TOUBRO LIMITED,INE018A01030,1,200,0,0,1,0,1029369600,0,0,1463762575,N
2026-05-20,16070,LT,RL,LARSEN & TOUBRO LTD.,INE018A01030,1,200,0,0,1,0,893203200,0,0,1463766015,N
2026-05-20,757249,LT,T0,LARSEN & TOUBRO LTD.,INE018A01030,1,200,0,0,1,1,1433030400,0,0,1463762578,N
2026-05-20,757250,LT,TL,LARSEN & TOUBRO LTD.,INE018A01030,999999999,200,0,0,1,0,1433030400,0,0,1463766015,N
2026-05-20,11139,RELIANCE,AF,RELIANCE INDUSTRIES LTD,INE002A01018,1,1000,0,0,1,0,1248566400,0,0,1463765978,N
2026-05-20,4615,RELIANCE,BE,RELIANCE IND DEPO-SETT,INE002A01018,1,1000,0,0,1,0,502070400,0,0,1463765978,N
2026-05-20,12713,RELIANCE,BL,RELIANCE INDUSTRIES LTD,INE002A01018,999999999,1000,0,0,1,0,816220800,0,0,1463765978,N
2026-05-20,2885,RELIANCE,EQ,RELIANCE INDUSTRIES LTD,INE002A01018,1,1000,0,0,6,1,502070400,0,0,1463767566,N
2026-05-20,28389,RELIANCE,IQ,RELIANCE INDUSTRIES LTD,INE002A01018,1,1000,0,0,1,0,1029369600,0,0,1463762575,N
2026-05-20,16328,RELIANCE,RL,RELIANCE INDUSTRIES LTD,INE002A01018,1,1000,0,0,1,0,893203200,0,0,1463765978,N
2026-05-20,757287,RELIANCE,T0,RELIANCE INDUSTRIES LTD,INE002A01018,1,1000,0,0,1,1,1433030400,0,0,1463762578,N
2026-05-20,757288,RELIANCE,TL,RELIANCE INDUSTRIES LTD,INE002A01018,999999999,1000,0,0,1,0,1433030400,0,0,1463765978,N
2026-05-20,11128,SBIN,AF,STATE BANK OF INDIA,INE062A01020,1,100,0,0,1,0,1248566400,0,0,1463765978,N
2026-05-20,4884,SBIN,BE,SBIN - DEPO SETT,INE062A01020,1,100,0,0,1,0,554688000,0,0,1463765978,N
2026-05-20,12740,SBIN,BL,STATE BANK OF INDIA,INE062A01020,999999999,100,0,0,1,0,816220800,0,0,1463765978,N
2026-05-20,3045,SBIN,EQ,STATE BANK OF INDIA,INE062A01020,1,100,0,0,6,1,478483200,0,0,1463767567,N
2026-05-20,28450,SBIN,IQ,STATE BANK OF INDIA,INE062A01020,1,1000,0,0,1,0,1029369600,0,0,1463766589,N
2026-05-20,20520,SBIN,N2,BOND 9.50% PA SERIES 2,INE062A08025,1,1000000,2,0,3,0,973987200,0,0,1298742279,Y
2026-05-20,22350,SBIN,N3,BOND 9.75% PA RET. S3,INE062A08033,1,1000000,2,0,3,0,985305600,0,0,1340475767,Y
2026-05-20,22352,SBIN,N4,BOND 9.30% PA NON RET. S3,INE062A08041,1,1000000,2,0,3,0,985305600,0,0,1340475767,Y
2026-05-20,22354,SBIN,N5,BOND 9.95% PA RET. S4,INE062A08058,1,1000000,2,0,3,0,985305600,0,0,1301159429,Y
2026-05-20,22356,SBIN,N6,BOND 9.45% PA NON RET. S4,INE062A08066,1,1000000,2,0,3,0,985305600,0,0,1301159429,Y
2026-05-20,16382,SBIN,RL,STATE BANK OF INDIA,INE062A01020,1,100,0,0,1,0,893203200,0,0,1463765978,N
2026-05-20,23256,SBIN,T0,STATE BANK OF INDIA,INE062A01020,1,100,0,0,1,1,1396051200,0,0,1463762574,N
2026-05-20,756131,SBIN,TL,STATE BANK OF INDIA,INE062A01020,999999999,100,0,0,1,0,1430611200,0,0,1463765978,N
2026-05-20,20521,SBIN,U2,BOND 9.50% PA SERIES 2,INE062A08025,1,1000000,2,0,3,0,973987200,0,0,1298742279,Y
2026-05-20,22351,SBIN,U3,BOND 9.75% PA RET. S3,INE062A08033,1,1000000,2,0,1,0,985305600,0,0,1463762574,N
2026-05-20,22353,SBIN,U4,BOND 9.30% PA NON RET. S3,INE062A08041,1,1000000,2,0,1,0,985305600,0,0,1463762574,N
2026-05-20,22355,SBIN,U5,BOND 9.95% PA RET. S4,INE062A08058,1,1000000,2,0,3,0,985305600,0,0,1301159429,Y
2026-05-20,22357,SBIN,U6,BOND 9.45% PA NON RET. S4,INE062A08066,1,1000000,2,0,3,0,985305600,0,0,1301159429,Y
2026-05-21,11107,HDFCBANK,AF,HDFC BANK LTD,INE040A01034,1,100,0,0,1,0,1248566400,0,0,1463855984,N
2026-05-21,4813,HDFCBANK,BE,HDFC BANK-DEPO. SETT.,INE040A01034,1,100,0,0,1,0,551059200,0,0,1463855984,N
2026-05-21,12431,HDFCBANK,BL,HDFC BANK LTD,INE040A01034,999999999,100,0,0,1,0,816220800,0,0,1463855984,N
2026-05-21,1333,HDFCBANK,EQ,HDFC BANK LTD,INE040A01034,1,100,0,0,6,1,500256000,0,0,1463856169,N
2026-05-21,27835,HDFCBANK,IQ,HDFC BANK LTD.,INE040A01034,1,200,0,0,1,0,1029369600,0,0,1463849347,N
2026-05-21,17321,HDFCBANK,K3,HDFC BANK LIMITED,INE040A13013,600,55725,3,0,3,0,1374019200,0,0,1377280986,Y
2026-05-21,15854,HDFCBANK,RL,HDFC BANK LTD,INE040A01034,1,100,0,0,1,0,893203200,0,0,1463855984,N
2026-05-21,757205,HDFCBANK,T0,HDFC BANK LTD,INE040A01034,1,100,0,0,1,1,1433030400,0,0,1463855973,N
2026-05-21,757206,HDFCBANK,TL,HDFC BANK LTD,INE040A01034,999999999,100,0,0,1,0,1433030400,0,0,1463855984,N
2026-05-21,17320,HDFCBANK,W3,HDFC BANK LIMITED,INE040A13013,600,55725,3,0,3,0,1374019200,0,0,1377280986,Y
2026-05-21,11111,ICICIBANK,AF,ICICI BANK LTD.,INE090A01021,1,200,0,0,1,0,1248566400,0,0,1463856041,N
2026-05-21,4967,ICICIBANK,BE,ICICI BANK LTD DEPO SETT,INE090A01021,1,200,0,0,1,0,559526400,0,0,1463856041,N
2026-05-21,12458,ICICIBANK,BL,ICICI BANK LTD.,INE090A01021,999999999,200,0,0,1,0,816220800,0,0,1463856041,N
2026-05-21,4963,ICICIBANK,EQ,ICICI BANK LTD.,INE090A01021,1,200,0,0,6,1,559526400,0,0,1463856169,N
2026-05-21,27885,ICICIBANK,IQ,ICICI BANK LTD.,INE090A01021,1,1000,0,0,1,0,1029369600,0,0,1463856977,N
2026-05-21,15897,ICICIBANK,RL,ICICI BANK LTD.,INE090A01021,1,200,0,0,1,0,893203200,0,0,1463856041,N
2026-05-21,757217,ICICIBANK,T0,ICICI BANK LTD.,INE090A01021,1,200,0,0,1,1,1433030400,0,0,1463849351,N
2026-05-21,757218,ICICIBANK,TL,ICICI BANK LTD.,INE090A01021,999999999,200,0,0,1,0,1433030400,0,0,1463856041,N
2026-05-21,11117,LT,AF,LARSEN & TOUBRO LTD.,INE018A01030,1,200,0,0,1,0,1248566400,0,0,1463856049,N
2026-05-21,11484,LT,BE,LARSEN & TOUBRO LTD.,INE018A01030,1,200,0,0,1,0,772416000,0,0,1463856049,N
2026-05-21,12562,LT,BL,LARSEN & TOUBRO LTD.,INE018A01030,999999999,200,0,0,1,0,816220800,0,0,1463856049,N
2026-05-21,11483,LT,EQ,LARSEN & TOUBRO LTD.,INE018A01030,1,200,0,0,6,1,772416000,0,0,1463856169,N
2026-05-21,28092,LT,IQ,LARSEN & TOUBRO LIMITED,INE018A01030,1,200,0,0,1,0,1029369600,0,0,1463849348,N
2026-05-21,16070,LT,RL,LARSEN & TOUBRO LTD.,INE018A01030,1,200,0,0,1,0,893203200,0,0,1463856049,N
2026-05-21,757249,LT,T0,LARSEN & TOUBRO LTD.,INE018A01030,1,200,0,0,1,0,1433030400,0,0,1463856217,N
2026-05-21,757250,LT,TL,LARSEN & TOUBRO LTD.,INE018A01030,999999999,200,0,0,1,0,1433030400,0,0,1463856217,N
2026-05-21,11139,RELIANCE,AF,RELIANCE INDUSTRIES LTD,INE002A01018,1,1000,0,0,1,0,1248566400,0,0,1463856012,N
2026-05-21,4615,RELIANCE,BE,RELIANCE IND DEPO-SETT,INE002A01018,1,1000,0,0,1,0,502070400,0,0,1463856012,N
2026-05-21,12713,RELIANCE,BL,RELIANCE INDUSTRIES LTD,INE002A01018,999999999,1000,0,0,1,0,816220800,0,0,1463856012,N
2026-05-21,2885,RELIANCE,EQ,RELIANCE INDUSTRIES LTD,INE002A01018,1,1000,0,0,6,1,502070400,0,0,1463856169,N
2026-05-21,28389,RELIANCE,IQ,RELIANCE INDUSTRIES LTD,INE002A01018,1,1000,0,0,1,0,1029369600,0,0,1463856977,N
2026-05-21,16328,RELIANCE,RL,RELIANCE INDUSTRIES LTD,INE002A01018,1,1000,0,0,1,0,893203200,0,0,1463856012,N
2026-05-21,757287,RELIANCE,T0,RELIANCE INDUSTRIES LTD,INE002A01018,1,1000,0,0,1,1,1433030400,0,0,1463849351,N
2026-05-21,757288,RELIANCE,TL,RELIANCE INDUSTRIES LTD,INE002A01018,999999999,1000,0,0,1,0,1433030400,0,0,1463856012,N
2026-05-21,11128,SBIN,AF,STATE BANK OF INDIA,INE062A01020,1,100,0,0,1,0,1248566400,0,0,1463849344,N
2026-05-21,4884,SBIN,BE,SBIN - DEPO SETT,INE062A01020,1,100,0,0,1,0,554688000,0,0,1463849343,N
2026-05-21,12740,SBIN,BL,STATE BANK OF INDIA,INE062A01020,999999999,100,0,0,1,0,816220800,0,0,1463856013,N
2026-05-21,3045,SBIN,EQ,STATE BANK OF INDIA,INE062A01020,1,100,0,0,6,1,478483200,0,0,1463856170,N
2026-05-21,28450,SBIN,IQ,STATE BANK OF INDIA,INE062A01020,1,1000,0,0,1,0,1029369600,0,0,1463856977,N
2026-05-21,20520,SBIN,N2,BOND 9.50% PA SERIES 2,INE062A08025,1,1000000,2,0,3,0,973987200,0,0,1298742279,Y
2026-05-21,22350,SBIN,N3,BOND 9.75% PA RET. S3,INE062A08033,1,1000000,2,0,3,0,985305600,0,0,1340475767,Y
2026-05-21,22352,SBIN,N4,BOND 9.30% PA NON RET. S3,INE062A08041,1,1000000,2,0,3,0,985305600,0,0,1340475767,Y
2026-05-21,22354,SBIN,N5,BOND 9.95% PA RET. S4,INE062A08058,1,1000000,2,0,3,0,985305600,0,0,1301159429,Y
2026-05-21,22356,SBIN,N6,BOND 9.45% PA NON RET. S4,INE062A08066,1,1000000,2,0,3,0,985305600,0,0,1301159429,Y
2026-05-21,16382,SBIN,RL,STATE BANK OF INDIA,INE062A01020,1,100,0,0,1,0,893203200,0,0,1463849345,N
2026-05-21,23256,SBIN,T0,STATE BANK OF INDIA,INE062A01020,1,100,0,0,1,1,1396051200,0,0,1463849347,N
2026-05-21,756131,SBIN,TL,STATE BANK OF INDIA,INE062A01020,999999999,100,0,0,1,0,1430611200,0,0,1463849350,N
2026-05-21,20521,SBIN,U2,BOND 9.50% PA SERIES 2,INE062A08025,1,1000000,2,0,3,0,973987200,0,0,1298742279,Y
2026-05-21,22351,SBIN,U3,BOND 9.75% PA RET. S3,INE062A08033,1,1000000,2,0,1,0,985305600,0,0,1463849346,N
2026-05-21,22353,SBIN,U4,BOND 9.30% PA NON RET. S3,INE062A08041,1,1000000,2,0,1,0,985305600,0,0,1463849346,N
2026-05-21,22355,SBIN,U5,BOND 9.95% PA RET. S4,INE062A08058,1,1000000,2,0,3,0,985305600,0,0,1301159429,Y
2026-05-21,22357,SBIN,U6,BOND 9.45% PA NON RET. S4,INE062A08066,1,1000000,2,0,3,0,985305600,0,0,1301159429,Y
2026-05-22,11107,HDFCBANK,AF,HDFC BANK LTD,INE040A01034,1,100,0,0,1,0,1248566400,0,0,1463937932,N
2026-05-22,4813,HDFCBANK,BE,HDFC BANK-DEPO. SETT.,INE040A01034,1,100,0,0,1,0,551059200,0,0,1463937932,N
2026-05-22,12431,HDFCBANK,BL,HDFC BANK LTD,INE040A01034,999999999,100,0,0,1,0,816220800,0,0,1463937932,N
2026-05-22,1333,HDFCBANK,EQ,HDFC BANK LTD,INE040A01034,1,100,0,0,6,1,500256000,0,0,1463942466,N
2026-05-22,27835,HDFCBANK,IQ,HDFC BANK LTD.,INE040A01034,1,200,0,0,1,0,1029369600,0,0,1463938736,N
2026-05-22,17321,HDFCBANK,K3,HDFC BANK LIMITED,INE040A13013,600,55725,3,0,3,0,1374019200,0,0,1377280986,Y
2026-05-22,15854,HDFCBANK,RL,HDFC BANK LTD,INE040A01034,1,100,0,0,1,0,893203200,0,0,1463937932,N
2026-05-22,757205,HDFCBANK,T0,HDFC BANK LTD,INE040A01034,1,100,0,0,1,1,1433030400,0,0,1463935657,N
2026-05-22,757206,HDFCBANK,TL,HDFC BANK LTD,INE040A01034,999999999,100,0,0,1,0,1433030400,0,0,1463937932,N
2026-05-22,17320,HDFCBANK,W3,HDFC BANK LIMITED,INE040A13013,600,55725,3,0,3,0,1374019200,0,0,1377280986,Y
2026-05-22,11111,ICICIBANK,AF,ICICI BANK LTD.,INE090A01021,1,200,0,0,1,0,1248566400,0,0,1463937964,N
2026-05-22,4967,ICICIBANK,BE,ICICI BANK LTD DEPO SETT,INE090A01021,1,200,0,0,1,0,559526400,0,0,1463937964,N
2026-05-22,12458,ICICIBANK,BL,ICICI BANK LTD.,INE090A01021,999999999,200,0,0,1,0,816220800,0,0,1463937964,N
2026-05-22,4963,ICICIBANK,EQ,ICICI BANK LTD.,INE090A01021,1,200,0,0,6,1,559526400,0,0,1463942466,N
2026-05-22,27885,ICICIBANK,IQ,ICICI BANK LTD.,INE090A01021,1,1000,0,0,1,0,1029369600,0,0,1463938736,N
2026-05-22,15897,ICICIBANK,RL,ICICI BANK LTD.,INE090A01021,1,200,0,0,1,0,893203200,0,0,1463937964,N
2026-05-22,757217,ICICIBANK,T0,ICICI BANK LTD.,INE090A01021,1,200,0,0,1,1,1433030400,0,0,1463935657,N
2026-05-22,757218,ICICIBANK,TL,ICICI BANK LTD.,INE090A01021,999999999,200,0,0,1,0,1433030400,0,0,1463937964,N
2026-05-22,11117,LT,AF,LARSEN & TOUBRO LTD.,INE018A01030,1,200,0,0,1,0,1248566400,0,0,1463937972,N
2026-05-22,11484,LT,BE,LARSEN & TOUBRO LTD.,INE018A01030,1,200,0,0,1,0,772416000,0,0,1463937972,N
2026-05-22,12562,LT,BL,LARSEN & TOUBRO LTD.,INE018A01030,999999999,200,0,0,1,0,816220800,0,0,1463937972,N
2026-05-22,11483,LT,EQ,LARSEN & TOUBRO LTD.,INE018A01030,1,200,0,0,6,1,772416000,0,0,1463942466,N
2026-05-22,28092,LT,IQ,LARSEN & TOUBRO LIMITED,INE018A01030,1,200,0,0,1,0,1029369600,0,0,1463935654,N
2026-05-22,16070,LT,RL,LARSEN & TOUBRO LTD.,INE018A01030,1,200,0,0,1,0,893203200,0,0,1463937972,N
2026-05-22,757249,LT,T0,LARSEN & TOUBRO LTD.,INE018A01030,1,200,0,0,1,1,1433030400,0,0,1463937972,N
2026-05-22,757250,LT,TL,LARSEN & TOUBRO LTD.,INE018A01030,999999999,200,0,0,1,0,1433030400,0,0,1463937972,N
2026-05-22,11139,RELIANCE,AF,RELIANCE INDUSTRIES LTD,INE002A01018,1,1000,0,0,1,0,1248566400,0,0,1463937961,N
2026-05-22,4615,RELIANCE,BE,RELIANCE IND DEPO-SETT,INE002A01018,1,1000,0,0,1,0,502070400,0,0,1463937961,N
2026-05-22,12713,RELIANCE,BL,RELIANCE INDUSTRIES LTD,INE002A01018,999999999,1000,0,0,1,0,816220800,0,0,1463937961,N
2026-05-22,2885,RELIANCE,EQ,RELIANCE INDUSTRIES LTD,INE002A01018,1,1000,0,0,6,1,502070400,0,0,1463942467,N
2026-05-22,28389,RELIANCE,IQ,RELIANCE INDUSTRIES LTD,INE002A01018,1,1000,0,0,1,0,1029369600,0,0,1463935654,N
2026-05-22,16328,RELIANCE,RL,RELIANCE INDUSTRIES LTD,INE002A01018,1,1000,0,0,1,0,893203200,0,0,1463937961,N
2026-05-22,757287,RELIANCE,T0,RELIANCE INDUSTRIES LTD,INE002A01018,1,1000,0,0,1,1,1433030400,0,0,1463935657,N
2026-05-22,757288,RELIANCE,TL,RELIANCE INDUSTRIES LTD,INE002A01018,999999999,1000,0,0,1,0,1433030400,0,0,1463937961,N
2026-05-22,11128,SBIN,AF,STATE BANK OF INDIA,INE062A01020,1,100,0,0,1,0,1248566400,0,0,1463937961,N
2026-05-22,4884,SBIN,BE,SBIN - DEPO SETT,INE062A01020,1,100,0,0,1,0,554688000,0,0,1463937961,N
2026-05-22,12740,SBIN,BL,STATE BANK OF INDIA,INE062A01020,999999999,100,0,0,1,0,816220800,0,0,1463937961,N
2026-05-22,3045,SBIN,EQ,STATE BANK OF INDIA,INE062A01020,1,100,0,0,6,1,478483200,0,0,1463942467,N
2026-05-22,28450,SBIN,IQ,STATE BANK OF INDIA,INE062A01020,1,1000,0,0,1,0,1029369600,0,0,1463935654,N
2026-05-22,20520,SBIN,N2,BOND 9.50% PA SERIES 2,INE062A08025,1,1000000,2,0,3,0,973987200,0,0,1298742279,Y
2026-05-22,22350,SBIN,N3,BOND 9.75% PA RET. S3,INE062A08033,1,1000000,2,0,3,0,985305600,0,0,1340475767,Y
2026-05-22,22352,SBIN,N4,BOND 9.30% PA NON RET. S3,INE062A08041,1,1000000,2,0,3,0,985305600,0,0,1340475767,Y
2026-05-22,22354,SBIN,N5,BOND 9.95% PA RET. S4,INE062A08058,1,1000000,2,0,3,0,985305600,0,0,1301159429,Y
2026-05-22,22356,SBIN,N6,BOND 9.45% PA NON RET. S4,INE062A08066,1,1000000,2,0,3,0,985305600,0,0,1301159429,Y
2026-05-22,16382,SBIN,RL,STATE BANK OF INDIA,INE062A01020,1,100,0,0,1,0,893203200,0,0,1463937961,N
2026-05-22,23256,SBIN,T0,STATE BANK OF INDIA,INE062A01020,1,100,0,0,1,1,1396051200,0,0,1463935653,N
2026-05-22,756131,SBIN,TL,STATE BANK OF INDIA,INE062A01020,999999999,100,0,0,1,0,1430611200,0,0,1463937961,N
2026-05-22,20521,SBIN,U2,BOND 9.50% PA SERIES 2,INE062A08025,1,1000000,2,0,3,0,973987200,0,0,1298742279,Y
2026-05-22,22351,SBIN,U3,BOND 9.75% PA RET. S3,INE062A08033,1,1000000,2,0,1,0,985305600,0,0,1463935653,N
2026-05-22,22353,SBIN,U4,BOND 9.30% PA NON RET. S3,INE062A08041,1,1000000,2,0,1,0,985305600,0,0,1463935653,N
2026-05-22,22355,SBIN,U5,BOND 9.95% PA RET. S4,INE062A08058,1,1000000,2,0,3,0,985305600,0,0,1301159429,Y
2026-05-22,22357,SBIN,U6,BOND 9.45% PA NON RET. S4,INE062A08066,1,1000000,2,0,3,0,985305600,0,0,1301159429,Y
2026-05-25,11107,HDFCBANK,AF,HDFC BANK LTD,INE040A01034,1,100,0,0,1,0,1248566400,0,0,1464197310,N
2026-05-25,4813,HDFCBANK,BE,HDFC BANK-DEPO. SETT.,INE040A01034,1,100,0,0,1,0,551059200,0,0,1464197310,N
2026-05-25,12431,HDFCBANK,BL,HDFC BANK LTD,INE040A01034,999999999,100,0,0,1,0,816220800,0,0,1464197310,N
2026-05-25,1333,HDFCBANK,EQ,HDFC BANK LTD,INE040A01034,1,100,0,0,6,1,500256000,0,0,1464199385,N
2026-05-25,27835,HDFCBANK,IQ,HDFC BANK LTD.,INE040A01034,1,200,0,0,1,0,1029369600,0,0,1464195506,N
2026-05-25,17321,HDFCBANK,K3,HDFC BANK LIMITED,INE040A13013,600,55725,3,0,3,0,1374019200,0,0,1377280986,Y
2026-05-25,15854,HDFCBANK,RL,HDFC BANK LTD,INE040A01034,1,100,0,0,1,0,893203200,0,0,1464197310,N
2026-05-25,757205,HDFCBANK,T0,HDFC BANK LTD,INE040A01034,1,100,0,0,1,1,1433030400,0,0,1464195509,N
2026-05-25,757206,HDFCBANK,TL,HDFC BANK LTD,INE040A01034,999999999,100,0,0,1,0,1433030400,0,0,1464197310,N
2026-05-25,17320,HDFCBANK,W3,HDFC BANK LIMITED,INE040A13013,600,55725,3,0,3,0,1374019200,0,0,1377280986,Y
2026-05-25,11111,ICICIBANK,AF,ICICI BANK LTD.,INE090A01021,1,200,0,0,1,0,1248566400,0,0,1464197998,N
2026-05-25,4967,ICICIBANK,BE,ICICI BANK LTD DEPO SETT,INE090A01021,1,200,0,0,1,0,559526400,0,0,1464197998,N
2026-05-25,12458,ICICIBANK,BL,ICICI BANK LTD.,INE090A01021,999999999,200,0,0,1,0,816220800,0,0,1464197317,N
2026-05-25,4963,ICICIBANK,EQ,ICICI BANK LTD.,INE090A01021,1,200,0,0,6,1,559526400,0,0,1464199385,N
2026-05-25,27885,ICICIBANK,IQ,ICICI BANK LTD.,INE090A01021,1,1000,0,0,1,0,1029369600,0,0,1464198000,N
2026-05-25,15897,ICICIBANK,RL,ICICI BANK LTD.,INE090A01021,1,200,0,0,1,0,893203200,0,0,1464197999,N
2026-05-25,757217,ICICIBANK,T0,ICICI BANK LTD.,INE090A01021,1,200,0,0,1,1,1433030400,0,0,1464198000,N
2026-05-25,757218,ICICIBANK,TL,ICICI BANK LTD.,INE090A01021,999999999,200,0,0,1,0,1433030400,0,0,1464197317,N
2026-05-25,11117,LT,AF,LARSEN & TOUBRO LTD.,INE018A01030,1,200,0,0,1,0,1248566400,0,0,1464197324,N
2026-05-25,11484,LT,BE,LARSEN & TOUBRO LTD.,INE018A01030,1,200,0,0,1,0,772416000,0,0,1464197324,N
2026-05-25,12562,LT,BL,LARSEN & TOUBRO LTD.,INE018A01030,999999999,200,0,0,1,0,816220800,0,0,1464197324,N
2026-05-25,11483,LT,EQ,LARSEN & TOUBRO LTD.,INE018A01030,1,200,0,0,6,1,772416000,0,0,1464199385,N
2026-05-25,28092,LT,IQ,LARSEN & TOUBRO LIMITED,INE018A01030,1,200,0,0,1,0,1029369600,0,0,1464195506,N
2026-05-25,16070,LT,RL,LARSEN & TOUBRO LTD.,INE018A01030,1,200,0,0,1,0,893203200,0,0,1464197324,N
2026-05-25,757249,LT,T0,LARSEN & TOUBRO LTD.,INE018A01030,1,200,0,0,1,1,1433030400,0,0,1464195509,N
2026-05-25,757250,LT,TL,LARSEN & TOUBRO LTD.,INE018A01030,999999999,200,0,0,1,0,1433030400,0,0,1464197325,N
2026-05-25,11139,RELIANCE,AF,RELIANCE INDUSTRIES LTD,INE002A01018,1,1000,0,0,1,0,1248566400,0,0,1464197313,N
2026-05-25,4615,RELIANCE,BE,RELIANCE IND DEPO-SETT,INE002A01018,1,1000,0,0,1,0,502070400,0,0,1464197313,N
2026-05-25,12713,RELIANCE,BL,RELIANCE INDUSTRIES LTD,INE002A01018,999999999,1000,0,0,1,0,816220800,0,0,1464197313,N
2026-05-25,2885,RELIANCE,EQ,RELIANCE INDUSTRIES LTD,INE002A01018,1,1000,0,0,6,1,502070400,0,0,1464199385,N
2026-05-25,28389,RELIANCE,IQ,RELIANCE INDUSTRIES LTD,INE002A01018,1,1000,0,0,1,0,1029369600,0,0,1464195506,N
2026-05-25,16328,RELIANCE,RL,RELIANCE INDUSTRIES LTD,INE002A01018,1,1000,0,0,1,0,893203200,0,0,1464197313,N
2026-05-25,757287,RELIANCE,T0,RELIANCE INDUSTRIES LTD,INE002A01018,1,1000,0,0,1,1,1433030400,0,0,1464195509,N
2026-05-25,757288,RELIANCE,TL,RELIANCE INDUSTRIES LTD,INE002A01018,999999999,1000,0,0,1,0,1433030400,0,0,1464197313,N
2026-05-25,11128,SBIN,AF,STATE BANK OF INDIA,INE062A01020,1,100,0,0,1,0,1248566400,0,0,1464197313,N
2026-05-25,4884,SBIN,BE,SBIN - DEPO SETT,INE062A01020,1,100,0,0,1,0,554688000,0,0,1464197313,N
2026-05-25,12740,SBIN,BL,STATE BANK OF INDIA,INE062A01020,999999999,100,0,0,1,0,816220800,0,0,1464197313,N
2026-05-25,3045,SBIN,EQ,STATE BANK OF INDIA,INE062A01020,1,100,0,0,6,1,478483200,0,0,1464199385,N
2026-05-25,28450,SBIN,IQ,STATE BANK OF INDIA,INE062A01020,1,1000,0,0,1,0,1029369600,0,0,1464195506,N
2026-05-25,20520,SBIN,N2,BOND 9.50% PA SERIES 2,INE062A08025,1,1000000,2,0,3,0,973987200,0,0,1298742279,Y
2026-05-25,22350,SBIN,N3,BOND 9.75% PA RET. S3,INE062A08033,1,1000000,2,0,3,0,985305600,0,0,1340475767,Y
2026-05-25,22352,SBIN,N4,BOND 9.30% PA NON RET. S3,INE062A08041,1,1000000,2,0,3,0,985305600,0,0,1340475767,Y
2026-05-25,22354,SBIN,N5,BOND 9.95% PA RET. S4,INE062A08058,1,1000000,2,0,3,0,985305600,0,0,1301159429,Y
2026-05-25,22356,SBIN,N6,BOND 9.45% PA NON RET. S4,INE062A08066,1,1000000,2,0,3,0,985305600,0,0,1301159429,Y
2026-05-25,16382,SBIN,RL,STATE BANK OF INDIA,INE062A01020,1,100,0,0,1,0,893203200,0,0,1464197313,N
2026-05-25,23256,SBIN,T0,STATE BANK OF INDIA,INE062A01020,1,100,0,0,1,1,1396051200,0,0,1464195506,N
2026-05-25,756131,SBIN,TL,STATE BANK OF INDIA,INE062A01020,999999999,100,0,0,1,0,1430611200,0,0,1464197313,N
2026-05-25,20521,SBIN,U2,BOND 9.50% PA SERIES 2,INE062A08025,1,1000000,2,0,3,0,973987200,0,0,1298742279,Y
2026-05-25,22351,SBIN,U3,BOND 9.75% PA RET. S3,INE062A08033,1,1000000,2,0,1,0,985305600,0,0,1464195505,N
2026-05-25,22353,SBIN,U4,BOND 9.30% PA NON RET. S3,INE062A08041,1,1000000,2,0,1,0,985305600,0,0,1464195505,N
2026-05-25,22355,SBIN,U5,BOND 9.95% PA RET. S4,INE062A08058,1,1000000,2,0,3,0,985305600,0,0,1301159429,Y
2026-05-25,22357,SBIN,U6,BOND 9.45% PA NON RET. S4,INE062A08066,1,1000000,2,0,3,0,985305600,0,0,1301159429,Y
2026-05-26,11107,HDFCBANK,AF,HDFC BANK LTD,INE040A01034,1,100,0,0,1,0,1248566400,0,0,1464285430,N
2026-05-26,4813,HDFCBANK,BE,HDFC BANK-DEPO. SETT.,INE040A01034,1,100,0,0,1,0,551059200,0,0,1464285430,N
2026-05-26,12431,HDFCBANK,BL,HDFC BANK LTD,INE040A01034,999999999,100,0,0,1,0,816220800,0,0,1464285430,N
2026-05-26,1333,HDFCBANK,EQ,HDFC BANK LTD,INE040A01034,1,100,0,0,6,1,500256000,0,0,1464285589,N
2026-05-26,27835,HDFCBANK,IQ,HDFC BANK LTD.,INE040A01034,1,200,0,0,1,0,1029369600,0,0,1464281806,N
2026-05-26,17321,HDFCBANK,K3,HDFC BANK LIMITED,INE040A13013,600,55725,3,0,3,0,1374019200,0,0,1377280986,Y
2026-05-26,15854,HDFCBANK,RL,HDFC BANK LTD,INE040A01034,1,100,0,0,1,0,893203200,0,0,1464285430,N
2026-05-26,757205,HDFCBANK,T0,HDFC BANK LTD,INE040A01034,1,100,0,0,1,1,1433030400,0,0,1464281809,N
2026-05-26,757206,HDFCBANK,TL,HDFC BANK LTD,INE040A01034,999999999,100,0,0,1,0,1433030400,0,0,1464285430,N
2026-05-26,17320,HDFCBANK,W3,HDFC BANK LIMITED,INE040A13013,600,55725,3,0,3,0,1374019200,0,0,1377280986,Y
2026-05-26,11111,ICICIBANK,AF,ICICI BANK LTD.,INE090A01021,1,200,0,0,1,0,1248566400,0,0,1464285463,N
2026-05-26,4967,ICICIBANK,BE,ICICI BANK LTD DEPO SETT,INE090A01021,1,200,0,0,1,0,559526400,0,0,1464285463,N
2026-05-26,12458,ICICIBANK,BL,ICICI BANK LTD.,INE090A01021,999999999,200,0,0,1,0,816220800,0,0,1464285463,N
2026-05-26,4963,ICICIBANK,EQ,ICICI BANK LTD.,INE090A01021,1,200,0,0,6,1,559526400,0,0,1464285589,N
2026-05-26,27885,ICICIBANK,IQ,ICICI BANK LTD.,INE090A01021,1,1000,0,0,1,0,1029369600,0,0,1464286163,N
2026-05-26,15897,ICICIBANK,RL,ICICI BANK LTD.,INE090A01021,1,200,0,0,1,0,893203200,0,0,1464285463,N
2026-05-26,757217,ICICIBANK,T0,ICICI BANK LTD.,INE090A01021,1,200,0,0,1,1,1433030400,0,0,1464281809,N
2026-05-26,757218,ICICIBANK,TL,ICICI BANK LTD.,INE090A01021,999999999,200,0,0,1,0,1433030400,0,0,1464285463,N
2026-05-26,11117,LT,AF,LARSEN & TOUBRO LTD.,INE018A01030,1,200,0,0,1,0,1248566400,0,0,1464285470,N
2026-05-26,11484,LT,BE,LARSEN & TOUBRO LTD.,INE018A01030,1,200,0,0,1,0,772416000,0,0,1464285470,N
2026-05-26,12562,LT,BL,LARSEN & TOUBRO LTD.,INE018A01030,999999999,200,0,0,1,0,816220800,0,0,1464285470,N
2026-05-26,11483,LT,EQ,LARSEN & TOUBRO LTD.,INE018A01030,1,200,0,0,6,1,772416000,0,0,1464285589,N
2026-05-26,28092,LT,IQ,LARSEN & TOUBRO LIMITED,INE018A01030,1,200,0,0,1,0,1029369600,0,0,1464286163,N
2026-05-26,16070,LT,RL,LARSEN & TOUBRO LTD.,INE018A01030,1,200,0,0,1,0,893203200,0,0,1464285470,N
2026-05-26,757249,LT,T0,LARSEN & TOUBRO LTD.,INE018A01030,1,200,0,0,1,1,1433030400,0,0,1464281809,N
2026-05-26,757250,LT,TL,LARSEN & TOUBRO LTD.,INE018A01030,999999999,200,0,0,1,0,1433030400,0,0,1464285470,N
2026-05-26,11139,RELIANCE,AF,RELIANCE INDUSTRIES LTD,INE002A01018,1,1000,0,0,1,0,1248566400,0,0,1464285459,N
2026-05-26,4615,RELIANCE,BE,RELIANCE IND DEPO-SETT,INE002A01018,1,1000,0,0,1,0,502070400,0,0,1464285459,N
2026-05-26,12713,RELIANCE,BL,RELIANCE INDUSTRIES LTD,INE002A01018,999999999,1000,0,0,1,0,816220800,0,0,1464285459,N
2026-05-26,2885,RELIANCE,EQ,RELIANCE INDUSTRIES LTD,INE002A01018,1,1000,0,0,6,1,502070400,0,0,1464285589,N
2026-05-26,28389,RELIANCE,IQ,RELIANCE INDUSTRIES LTD,INE002A01018,1,1000,0,0,1,0,1029369600,0,0,1464281807,N
2026-05-26,16328,RELIANCE,RL,RELIANCE INDUSTRIES LTD,INE002A01018,1,1000,0,0,1,0,893203200,0,0,1464285459,N
2026-05-26,757287,RELIANCE,T0,RELIANCE INDUSTRIES LTD,INE002A01018,1,1000,0,0,1,1,1433030400,0,0,1464281809,N
2026-05-26,757288,RELIANCE,TL,RELIANCE INDUSTRIES LTD,INE002A01018,999999999,1000,0,0,1,0,1433030400,0,0,1464285459,N
2026-05-26,11128,SBIN,AF,STATE BANK OF INDIA,INE062A01020,1,100,0,0,1,0,1248566400,0,0,1464285459,N
2026-05-26,4884,SBIN,BE,SBIN - DEPO SETT,INE062A01020,1,100,0,0,1,0,554688000,0,0,1464285459,N
2026-05-26,12740,SBIN,BL,STATE BANK OF INDIA,INE062A01020,999999999,100,0,0,1,0,816220800,0,0,1464285459,N
2026-05-26,3045,SBIN,EQ,STATE BANK OF INDIA,INE062A01020,1,100,0,0,6,1,478483200,0,0,1464285589,N
2026-05-26,28450,SBIN,IQ,STATE BANK OF INDIA,INE062A01020,1,1000,0,0,1,0,1029369600,0,0,1464286163,N
2026-05-26,20520,SBIN,N2,BOND 9.50% PA SERIES 2,INE062A08025,1,1000000,2,0,3,0,973987200,0,0,1298742279,Y
2026-05-26,22350,SBIN,N3,BOND 9.75% PA RET. S3,INE062A08033,1,1000000,2,0,3,0,985305600,0,0,1340475767,Y
2026-05-26,22352,SBIN,N4,BOND 9.30% PA NON RET. S3,INE062A08041,1,1000000,2,0,3,0,985305600,0,0,1340475767,Y
2026-05-26,22354,SBIN,N5,BOND 9.95% PA RET. S4,INE062A08058,1,1000000,2,0,3,0,985305600,0,0,1301159429,Y
2026-05-26,22356,SBIN,N6,BOND 9.45% PA NON RET. S4,INE062A08066,1,1000000,2,0,3,0,985305600,0,0,1301159429,Y
2026-05-26,16382,SBIN,RL,STATE BANK OF INDIA,INE062A01020,1,100,0,0,1,0,893203200,0,0,1464285459,N
2026-05-26,23256,SBIN,T0,STATE BANK OF INDIA,INE062A01020,1,100,0,0,1,1,1396051200,0,0,1464281806,N
2026-05-26,756131,SBIN,TL,STATE BANK OF INDIA,INE062A01020,999999999,100,0,0,1,0,1430611200,0,0,1464285459,N
2026-05-26,20521,SBIN,U2,BOND 9.50% PA SERIES 2,INE062A08025,1,1000000,2,0,3,0,973987200,0,0,1298742279,Y
2026-05-26,22351,SBIN,U3,BOND 9.75% PA RET. S3,INE062A08033,1,1000000,2,0,1,0,985305600,0,0,1464281805,N
2026-05-26,22353,SBIN,U4,BOND 9.30% PA NON RET. S3,INE062A08041,1,1000000,2,0,1,0,985305600,0,0,1464281805,N
2026-05-26,22355,SBIN,U5,BOND 9.95% PA RET. S4,INE062A08058,1,1000000,2,0,3,0,985305600,0,0,1301159429,Y
2026-05-26,22357,SBIN,U6,BOND 9.45% PA NON RET. S4,INE062A08066,1,1000000,2,0,3,0,985305600,0,0,1301159429,Y
2026-05-27,11107,HDFCBANK,AF,HDFC BANK LTD,INE040A01034,1,100,0,0,1,0,1248566400,0,0,1464372823,N
2026-05-27,4813,HDFCBANK,BE,HDFC BANK-DEPO. SETT.,INE040A01034,1,100,0,0,1,0,551059200,0,0,1464372823,N
2026-05-27,12431,HDFCBANK,BL,HDFC BANK LTD,INE040A01034,999999999,100,0,0,1,0,816220800,0,0,1464372823,N
2026-05-27,1333,HDFCBANK,EQ,HDFC BANK LTD,INE040A01034,1,100,0,0,6,1,500256000,0,0,1464375036,N
2026-05-27,27835,HDFCBANK,IQ,HDFC BANK LTD.,INE040A01034,1,200,0,0,1,0,1029369600,0,0,1464374643,N
2026-05-27,17321,HDFCBANK,K3,HDFC BANK LIMITED,INE040A13013,600,55725,3,0,3,0,1374019200,0,0,1377280986,Y
2026-05-27,15854,HDFCBANK,RL,HDFC BANK LTD,INE040A01034,1,100,0,0,1,0,893203200,0,0,1464372823,N
2026-05-27,757205,HDFCBANK,T0,HDFC BANK LTD,INE040A01034,1,100,0,0,1,1,1433030400,0,0,1464369399,N
2026-05-27,757206,HDFCBANK,TL,HDFC BANK LTD,INE040A01034,999999999,100,0,0,1,0,1433030400,0,0,1464372823,N
2026-05-27,17320,HDFCBANK,W3,HDFC BANK LIMITED,INE040A13013,600,55725,3,0,3,0,1374019200,0,0,1377280986,Y
2026-05-27,11111,ICICIBANK,AF,ICICI BANK LTD.,INE090A01021,1,200,0,0,1,0,1248566400,0,0,1464372881,N
2026-05-27,4967,ICICIBANK,BE,ICICI BANK LTD DEPO SETT,INE090A01021,1,200,0,0,1,0,559526400,0,0,1464372881,N
2026-05-27,12458,ICICIBANK,BL,ICICI BANK LTD.,INE090A01021,999999999,200,0,0,1,0,816220800,0,0,1464372881,N
2026-05-27,4963,ICICIBANK,EQ,ICICI BANK LTD.,INE090A01021,1,200,0,0,6,1,559526400,0,0,1464375036,N
2026-05-27,27885,ICICIBANK,IQ,ICICI BANK LTD.,INE090A01021,1,1000,0,0,1,0,1029369600,0,0,1464369396,N
2026-05-27,15897,ICICIBANK,RL,ICICI BANK LTD.,INE090A01021,1,200,0,0,1,0,893203200,0,0,1464372881,N
2026-05-27,757217,ICICIBANK,T0,ICICI BANK LTD.,INE090A01021,1,200,0,0,1,1,1433030400,0,0,1464369399,N
2026-05-27,757218,ICICIBANK,TL,ICICI BANK LTD.,INE090A01021,999999999,200,0,0,1,0,1433030400,0,0,1464372881,N
2026-05-27,11117,LT,AF,LARSEN & TOUBRO LTD.,INE018A01030,1,200,0,0,1,0,1248566400,0,0,1464374642,N
2026-05-27,11484,LT,BE,LARSEN & TOUBRO LTD.,INE018A01030,1,200,0,0,1,0,772416000,0,0,1464374642,N
2026-05-27,12562,LT,BL,LARSEN & TOUBRO LTD.,INE018A01030,999999999,200,0,0,1,0,816220800,0,0,1464372889,N
2026-05-27,11483,LT,EQ,LARSEN & TOUBRO LTD.,INE018A01030,1,200,0,0,6,1,772416000,0,0,1464375036,N
2026-05-27,28092,LT,IQ,LARSEN & TOUBRO LIMITED,INE018A01030,1,200,0,0,1,0,1029369600,0,0,1464369396,N
2026-05-27,16070,LT,RL,LARSEN & TOUBRO LTD.,INE018A01030,1,200,0,0,1,0,893203200,0,0,1464374643,N
2026-05-27,757249,LT,T0,LARSEN & TOUBRO LTD.,INE018A01030,1,200,0,0,1,1,1433030400,0,0,1464374644,N
2026-05-27,757250,LT,TL,LARSEN & TOUBRO LTD.,INE018A01030,999999999,200,0,0,1,0,1433030400,0,0,1464372889,N
2026-05-27,11139,RELIANCE,AF,RELIANCE INDUSTRIES LTD,INE002A01018,1,1000,0,0,1,0,1248566400,0,0,1464372852,N
2026-05-27,4615,RELIANCE,BE,RELIANCE IND DEPO-SETT,INE002A01018,1,1000,0,0,1,0,502070400,0,0,1464372852,N
2026-05-27,12713,RELIANCE,BL,RELIANCE INDUSTRIES LTD,INE002A01018,999999999,1000,0,0,1,0,816220800,0,0,1464372852,N
2026-05-27,2885,RELIANCE,EQ,RELIANCE INDUSTRIES LTD,INE002A01018,1,1000,0,0,6,1,502070400,0,0,1464375036,N
2026-05-27,28389,RELIANCE,IQ,RELIANCE INDUSTRIES LTD,INE002A01018,1,1000,0,0,1,0,1029369600,0,0,1464369396,N
2026-05-27,16328,RELIANCE,RL,RELIANCE INDUSTRIES LTD,INE002A01018,1,1000,0,0,1,0,893203200,0,0,1464372852,N
2026-05-27,757287,RELIANCE,T0,RELIANCE INDUSTRIES LTD,INE002A01018,1,1000,0,0,1,1,1433030400,0,0,1464369399,N
2026-05-27,757288,RELIANCE,TL,RELIANCE INDUSTRIES LTD,INE002A01018,999999999,1000,0,0,1,0,1433030400,0,0,1464372852,N
2026-05-27,11128,SBIN,AF,STATE BANK OF INDIA,INE062A01020,1,100,0,0,1,0,1248566400,0,0,1464372852,N
2026-05-27,4884,SBIN,BE,SBIN - DEPO SETT,INE062A01020,1,100,0,0,1,0,554688000,0,0,1464372852,N
2026-05-27,12740,SBIN,BL,STATE BANK OF INDIA,INE062A01020,999999999,100,0,0,1,0,816220800,0,0,1464372852,N
2026-05-27,3045,SBIN,EQ,STATE BANK OF INDIA,INE062A01020,1,100,0,0,6,1,478483200,0,0,1464375036,N
2026-05-27,28450,SBIN,IQ,STATE BANK OF INDIA,INE062A01020,1,1000,0,0,1,0,1029369600,0,0,1464369396,N
2026-05-27,20520,SBIN,N2,BOND 9.50% PA SERIES 2,INE062A08025,1,1000000,2,0,3,0,973987200,0,0,1298742279,Y
2026-05-27,22350,SBIN,N3,BOND 9.75% PA RET. S3,INE062A08033,1,1000000,2,0,3,0,985305600,0,0,1340475767,Y
2026-05-27,22352,SBIN,N4,BOND 9.30% PA NON RET. S3,INE062A08041,1,1000000,2,0,3,0,985305600,0,0,1340475767,Y
2026-05-27,22354,SBIN,N5,BOND 9.95% PA RET. S4,INE062A08058,1,1000000,2,0,3,0,985305600,0,0,1301159429,Y
2026-05-27,22356,SBIN,N6,BOND 9.45% PA NON RET. S4,INE062A08066,1,1000000,2,0,3,0,985305600,0,0,1301159429,Y
2026-05-27,16382,SBIN,RL,STATE BANK OF INDIA,INE062A01020,1,100,0,0,1,0,893203200,0,0,1464372852,N
2026-05-27,23256,SBIN,T0,STATE BANK OF INDIA,INE062A01020,1,100,0,0,1,1,1396051200,0,0,1464369395,N
2026-05-27,756131,SBIN,TL,STATE BANK OF INDIA,INE062A01020,999999999,100,0,0,1,0,1430611200,0,0,1464372852,N
2026-05-27,20521,SBIN,U2,BOND 9.50% PA SERIES 2,INE062A08025,1,1000000,2,0,3,0,973987200,0,0,1298742279,Y
2026-05-27,22351,SBIN,U3,BOND 9.75% PA RET. S3,INE062A08033,1,1000000,2,0,1,0,985305600,0,0,1464369394,N
2026-05-27,22353,SBIN,U4,BOND 9.30% PA NON RET. S3,INE062A08041,1,1000000,2,0,1,0,985305600,0,0,1464369394,N
2026-05-27,22355,SBIN,U5,BOND 9.95% PA RET. S4,INE062A08058,1,1000000,2,0,3,0,985305600,0,0,1301159429,Y
2026-05-27,22357,SBIN,U6,BOND 9.45% PA NON RET. S4,INE062A08066,1,1000000,2,0,3,0,985305600,0,0,1301159429,Y
2026-05-29,11107,HDFCBANK,AF,HDFC BANK LTD,INE040A01034,1,100,0,0,1,0,1248566400,0,0,1464544267,N
2026-05-29,4813,HDFCBANK,BE,HDFC BANK-DEPO. SETT.,INE040A01034,1,100,0,0,1,0,551059200,0,0,1464544267,N
2026-05-29,12431,HDFCBANK,BL,HDFC BANK LTD,INE040A01034,999999999,100,0,0,1,0,816220800,0,0,1464544267,N
2026-05-29,1333,HDFCBANK,EQ,HDFC BANK LTD,INE040A01034,1,100,0,0,6,1,500256000,0,0,1464548884,N
2026-05-29,27835,HDFCBANK,IQ,HDFC BANK LTD.,INE040A01034,1,200,0,0,1,0,1029369600,0,0,1464545059,N
2026-05-29,17321,HDFCBANK,K3,HDFC BANK LIMITED,INE040A13013,600,55725,3,0,3,0,1374019200,0,0,1377280986,Y
2026-05-29,15854,HDFCBANK,RL,HDFC BANK LTD,INE040A01034,1,100,0,0,1,0,893203200,0,0,1464544267,N
2026-05-29,757205,HDFCBANK,T0,HDFC BANK LTD,INE040A01034,1,100,0,0,1,1,1433030400,0,0,1464541319,N
2026-05-29,757206,HDFCBANK,TL,HDFC BANK LTD,INE040A01034,999999999,100,0,0,1,0,1433030400,0,0,1464544267,N
2026-05-29,17320,HDFCBANK,W3,HDFC BANK LIMITED,INE040A13013,600,55725,3,0,3,0,1374019200,0,0,1377280986,Y
2026-05-29,11111,ICICIBANK,AF,ICICI BANK LTD.,INE090A01021,1,200,0,0,1,0,1248566400,0,0,1464545057,N
2026-05-29,4967,ICICIBANK,BE,ICICI BANK LTD DEPO SETT,INE090A01021,1,200,0,0,1,0,559526400,0,0,1464545057,N
2026-05-29,12458,ICICIBANK,BL,ICICI BANK LTD.,INE090A01021,999999999,200,0,0,1,0,816220800,0,0,1464544324,N
2026-05-29,4963,ICICIBANK,EQ,ICICI BANK LTD.,INE090A01021,1,200,0,0,6,1,559526400,0,0,1464548884,N
2026-05-29,27885,ICICIBANK,IQ,ICICI BANK LTD.,INE090A01021,1,1000,0,0,1,0,1029369600,0,0,1464545059,N
2026-05-29,15897,ICICIBANK,RL,ICICI BANK LTD.,INE090A01021,1,200,0,0,1,0,893203200,0,0,1464545058,N
2026-05-29,757217,ICICIBANK,T0,ICICI BANK LTD.,INE090A01021,1,200,0,0,1,1,1433030400,0,0,1464545059,N
2026-05-29,757218,ICICIBANK,TL,ICICI BANK LTD.,INE090A01021,999999999,200,0,0,1,0,1433030400,0,0,1464544324,N
2026-05-29,11117,LT,AF,LARSEN & TOUBRO LTD.,INE018A01030,1,200,0,0,1,0,1248566400,0,0,1464544332,N
2026-05-29,11484,LT,BE,LARSEN & TOUBRO LTD.,INE018A01030,1,200,0,0,1,0,772416000,0,0,1464544332,N
2026-05-29,12562,LT,BL,LARSEN & TOUBRO LTD.,INE018A01030,999999999,200,0,0,1,0,816220800,0,0,1464544332,N
2026-05-29,11483,LT,EQ,LARSEN & TOUBRO LTD.,INE018A01030,1,200,0,0,6,1,772416000,0,0,1464548884,N
2026-05-29,28092,LT,IQ,LARSEN & TOUBRO LIMITED,INE018A01030,1,200,0,0,1,0,1029369600,0,0,1464541316,N
2026-05-29,16070,LT,RL,LARSEN & TOUBRO LTD.,INE018A01030,1,200,0,0,1,0,893203200,0,0,1464544332,N
2026-05-29,757249,LT,T0,LARSEN & TOUBRO LTD.,INE018A01030,1,200,0,0,1,1,1433030400,0,0,1464541319,N
2026-05-29,757250,LT,TL,LARSEN & TOUBRO LTD.,INE018A01030,999999999,200,0,0,1,0,1433030400,0,0,1464544332,N
2026-05-29,11139,RELIANCE,AF,RELIANCE INDUSTRIES LTD,INE002A01018,1,1000,0,0,1,0,1248566400,0,0,1464544295,N
2026-05-29,4615,RELIANCE,BE,RELIANCE IND DEPO-SETT,INE002A01018,1,1000,0,0,1,0,502070400,0,0,1464544295,N
2026-05-29,12713,RELIANCE,BL,RELIANCE INDUSTRIES LTD,INE002A01018,999999999,1000,0,0,1,0,816220800,0,0,1464544295,N
2026-05-29,2885,RELIANCE,EQ,RELIANCE INDUSTRIES LTD,INE002A01018,1,1000,0,0,6,1,502070400,0,0,1464548884,N
2026-05-29,28389,RELIANCE,IQ,RELIANCE INDUSTRIES LTD,INE002A01018,1,1000,0,0,1,0,1029369600,0,0,1464541316,N
2026-05-29,16328,RELIANCE,RL,RELIANCE INDUSTRIES LTD,INE002A01018,1,1000,0,0,1,0,893203200,0,0,1464544295,N
2026-05-29,757287,RELIANCE,T0,RELIANCE INDUSTRIES LTD,INE002A01018,1,1000,0,0,1,1,1433030400,0,0,1464541319,N
2026-05-29,757288,RELIANCE,TL,RELIANCE INDUSTRIES LTD,INE002A01018,999999999,1000,0,0,1,0,1433030400,0,0,1464544295,N
2026-05-29,11128,SBIN,AF,STATE BANK OF INDIA,INE062A01020,1,100,0,0,1,0,1248566400,0,0,1464544545,N
2026-05-29,4884,SBIN,BE,SBIN - DEPO SETT,INE062A01020,1,100,0,0,1,0,554688000,0,0,1464544545,N
2026-05-29,12740,SBIN,BL,STATE BANK OF INDIA,INE062A01020,999999999,100,0,0,1,0,816220800,0,0,1464544545,N
2026-05-29,3045,SBIN,EQ,STATE BANK OF INDIA,INE062A01020,1,100,0,0,6,1,478483200,0,0,1464548884,N
2026-05-29,28450,SBIN,IQ,STATE BANK OF INDIA,INE062A01020,1,1000,0,0,1,0,1029369600,0,0,1464544545,N
2026-05-29,20520,SBIN,N2,BOND 9.50% PA SERIES 2,INE062A08025,1,1000000,2,0,3,0,973987200,0,0,1298742279,Y
2026-05-29,22350,SBIN,N3,BOND 9.75% PA RET. S3,INE062A08033,1,1000000,2,0,3,0,985305600,0,0,1340475767,Y
2026-05-29,22352,SBIN,N4,BOND 9.30% PA NON RET. S3,INE062A08041,1,1000000,2,0,3,0,985305600,0,0,1340475767,Y
2026-05-29,22354,SBIN,N5,BOND 9.95% PA RET. S4,INE062A08058,1,1000000,2,0,3,0,985305600,0,0,1301159429,Y
2026-05-29,22356,SBIN,N6,BOND 9.45% PA NON RET. S4,INE062A08066,1,1000000,2,0,3,0,985305600,0,0,1301159429,Y
2026-05-29,16382,SBIN,RL,STATE BANK OF INDIA,INE062A01020,1,100,0,0,1,0,893203200,0,0,1464544545,N
2026-05-29,23256,SBIN,T0,STATE BANK OF INDIA,INE062A01020,1,100,0,0,1,1,1396051200,0,0,1464544545,N
2026-05-29,756131,SBIN,TL,STATE BANK OF INDIA,INE062A01020,999999999,100,0,0,1,0,1430611200,0,0,1464544545,N
2026-05-29,20521,SBIN,U2,BOND 9.50% PA SERIES 2,INE062A08025,1,1000000,2,0,3,0,973987200,0,0,1298742279,Y
2026-05-29,22351,SBIN,U3,BOND 9.75% PA RET. S3,INE062A08033,1,1000000,2,0,1,0,985305600,0,0,1464541315,N
2026-05-29,22353,SBIN,U4,BOND 9.30% PA NON RET. S3,INE062A08041,1,1000000,2,0,1,0,985305600,0,0,1464541315,N
2026-05-29,22355,SBIN,U5,BOND 9.95% PA RET. S4,INE062A08058,1,1000000,2,0,3,0,985305600,0,0,1301159429,Y
2026-05-29,22357,SBIN,U6,BOND 9.45% PA NON RET. S4,INE062A08066,1,1000000,2,0,3,0,985305600,0,0,1301159429,Y
2026-06-01,11107,HDFCBANK,AF,HDFC BANK LTD,INE040A01034,1,100,0,0,1,0,1248566400,0,0,1464809563,N
2026-06-01,4813,HDFCBANK,BE,HDFC BANK-DEPO. SETT.,INE040A01034,1,100,0,0,1,0,551059200,0,0,1464809563,N
2026-06-01,12431,HDFCBANK,BL,HDFC BANK LTD,INE040A01034,999999999,100,0,0,1,0,816220800,0,0,1464809563,N
2026-06-01,1333,HDFCBANK,EQ,HDFC BANK LTD,INE040A01034,1,100,0,0,6,1,500256000,0,0,1464812101,N
2026-06-01,27835,HDFCBANK,IQ,HDFC BANK LTD.,INE040A01034,1,200,0,0,1,0,1029369600,0,0,1464800477,N
2026-06-01,17321,HDFCBANK,K3,HDFC BANK LIMITED,INE040A13013,600,55725,3,0,3,0,1374019200,0,0,1377280986,Y
2026-06-01,15854,HDFCBANK,RL,HDFC BANK LTD,INE040A01034,1,100,0,0,1,0,893203200,0,0,1464809563,N
2026-06-01,757205,HDFCBANK,T0,HDFC BANK LTD,INE040A01034,1,100,0,0,1,1,1433030400,0,0,1464800480,N
2026-06-01,757206,HDFCBANK,TL,HDFC BANK LTD,INE040A01034,999999999,100,0,0,1,0,1433030400,0,0,1464809563,N
2026-06-01,17320,HDFCBANK,W3,HDFC BANK LIMITED,INE040A13013,600,55725,3,0,3,0,1374019200,0,0,1377280986,Y
2026-06-01,11111,ICICIBANK,AF,ICICI BANK LTD.,INE090A01021,1,200,0,0,1,0,1248566400,0,0,1464809621,N
2026-06-01,4967,ICICIBANK,BE,ICICI BANK LTD DEPO SETT,INE090A01021,1,200,0,0,1,0,559526400,0,0,1464809621,N
2026-06-01,12458,ICICIBANK,BL,ICICI BANK LTD.,INE090A01021,999999999,200,0,0,1,0,816220800,0,0,1464809621,N
2026-06-01,4963,ICICIBANK,EQ,ICICI BANK LTD.,INE090A01021,1,200,0,0,6,1,559526400,0,0,1464812101,N
2026-06-01,27885,ICICIBANK,IQ,ICICI BANK LTD.,INE090A01021,1,1000,0,0,1,0,1029369600,0,0,1464811608,N
2026-06-01,15897,ICICIBANK,RL,ICICI BANK LTD.,INE090A01021,1,200,0,0,1,0,893203200,0,0,1464809621,N
2026-06-01,757217,ICICIBANK,T0,ICICI BANK LTD.,INE090A01021,1,200,0,0,1,1,1433030400,0,0,1464800480,N
2026-06-01,757218,ICICIBANK,TL,ICICI BANK LTD.,INE090A01021,999999999,200,0,0,1,0,1433030400,0,0,1464809621,N
2026-06-01,11117,LT,AF,LARSEN & TOUBRO LTD.,INE018A01030,1,200,0,0,1,0,1248566400,0,0,1464811606,N
2026-06-01,11484,LT,BE,LARSEN & TOUBRO LTD.,INE018A01030,1,200,0,0,1,0,772416000,0,0,1464811606,N
2026-06-01,12562,LT,BL,LARSEN & TOUBRO LTD.,INE018A01030,999999999,200,0,0,1,0,816220800,0,0,1464809629,N
2026-06-01,11483,LT,EQ,LARSEN & TOUBRO LTD.,INE018A01030,1,200,0,0,6,1,772416000,0,0,1464812101,N
2026-06-01,28092,LT,IQ,LARSEN & TOUBRO LIMITED,INE018A01030,1,200,0,0,1,0,1029369600,0,0,1464811608,N
2026-06-01,16070,LT,RL,LARSEN & TOUBRO LTD.,INE018A01030,1,200,0,0,1,0,893203200,0,0,1464811607,N
2026-06-01,757249,LT,T0,LARSEN & TOUBRO LTD.,INE018A01030,1,200,0,0,1,1,1433030400,0,0,1464811608,N
2026-06-01,757250,LT,TL,LARSEN & TOUBRO LTD.,INE018A01030,999999999,200,0,0,1,0,1433030400,0,0,1464809629,N
2026-06-01,11139,RELIANCE,AF,RELIANCE INDUSTRIES LTD,INE002A01018,1,1000,0,0,1,0,1248566400,0,0,1464809592,N
2026-06-01,4615,RELIANCE,BE,RELIANCE IND DEPO-SETT,INE002A01018,1,1000,0,0,1,0,502070400,0,0,1464809592,N
2026-06-01,12713,RELIANCE,BL,RELIANCE INDUSTRIES LTD,INE002A01018,999999999,1000,0,0,1,0,816220800,0,0,1464809592,N
2026-06-01,2885,RELIANCE,EQ,RELIANCE INDUSTRIES LTD,INE002A01018,1,1000,0,0,6,1,502070400,0,0,1464812101,N
2026-06-01,28389,RELIANCE,IQ,RELIANCE INDUSTRIES LTD,INE002A01018,1,1000,0,0,1,0,1029369600,0,0,1464811608,N
2026-06-01,16328,RELIANCE,RL,RELIANCE INDUSTRIES LTD,INE002A01018,1,1000,0,0,1,0,893203200,0,0,1464809592,N
2026-06-01,757287,RELIANCE,T0,RELIANCE INDUSTRIES LTD,INE002A01018,1,1000,0,0,1,1,1433030400,0,0,1464809552,N
2026-06-01,757288,RELIANCE,TL,RELIANCE INDUSTRIES LTD,INE002A01018,999999999,1000,0,0,1,0,1433030400,0,0,1464809592,N
2026-06-01,11128,SBIN,AF,STATE BANK OF INDIA,INE062A01020,1,100,0,0,1,0,1248566400,0,0,1464809592,N
2026-06-01,4884,SBIN,BE,SBIN - DEPO SETT,INE062A01020,1,100,0,0,1,0,554688000,0,0,1464809592,N
2026-06-01,12740,SBIN,BL,STATE BANK OF INDIA,INE062A01020,999999999,100,0,0,1,0,816220800,0,0,1464809592,N
2026-06-01,3045,SBIN,EQ,STATE BANK OF INDIA,INE062A01020,1,100,0,0,6,1,478483200,0,0,1464812101,N
2026-06-01,28450,SBIN,IQ,STATE BANK OF INDIA,INE062A01020,1,1000,0,0,1,0,1029369600,0,0,1464811608,N
2026-06-01,20520,SBIN,N2,BOND 9.50% PA SERIES 2,INE062A08025,1,1000000,2,0,3,0,973987200,0,0,1298742279,Y
2026-06-01,22350,SBIN,N3,BOND 9.75% PA RET. S3,INE062A08033,1,1000000,2,0,3,0,985305600,0,0,1340475767,Y
2026-06-01,22352,SBIN,N4,BOND 9.30% PA NON RET. S3,INE062A08041,1,1000000,2,0,3,0,985305600,0,0,1340475767,Y
2026-06-01,22354,SBIN,N5,BOND 9.95% PA RET. S4,INE062A08058,1,1000000,2,0,3,0,985305600,0,0,1301159429,Y
2026-06-01,22356,SBIN,N6,BOND 9.45% PA NON RET. S4,INE062A08066,1,1000000,2,0,3,0,985305600,0,0,1301159429,Y
2026-06-01,16382,SBIN,RL,STATE BANK OF INDIA,INE062A01020,1,100,0,0,1,0,893203200,0,0,1464809592,N
2026-06-01,23256,SBIN,T0,STATE BANK OF INDIA,INE062A01020,1,100,0,0,1,1,1396051200,0,0,1464800477,N
2026-06-01,756131,SBIN,TL,STATE BANK OF INDIA,INE062A01020,999999999,100,0,0,1,0,1430611200,0,0,1464809592,N
2026-06-01,20521,SBIN,U2,BOND 9.50% PA SERIES 2,INE062A08025,1,1000000,2,0,3,0,973987200,0,0,1298742279,Y
2026-06-01,22351,SBIN,U3,BOND 9.75% PA RET. S3,INE062A08033,1,1000000,2,0,1,0,985305600,0,0,1464800476,N
2026-06-01,22353,SBIN,U4,BOND 9.30% PA NON RET. S3,INE062A08041,1,1000000,2,0,1,0,985305600,0,0,1464800476,N
2026-06-01,22355,SBIN,U5,BOND 9.95% PA RET. S4,INE062A08058,1,1000000,2,0,3,0,985305600,0,0,1301159429,Y
2026-06-01,22357,SBIN,U6,BOND 9.45% PA NON RET. S4,INE062A08066,1,1000000,2,0,3,0,985305600,0,0,1301159429,Y
2026-06-02,11107,HDFCBANK,AF,HDFC BANK LTD,INE040A01034,1,100,0,0,1,0,1248566400,0,0,1464887644,N
2026-06-02,4813,HDFCBANK,BE,HDFC BANK-DEPO. SETT.,INE040A01034,1,100,0,0,1,0,551059200,0,0,1464887644,N
2026-06-02,12431,HDFCBANK,BL,HDFC BANK LTD,INE040A01034,999999999,100,0,0,1,0,816220800,0,0,1464887644,N
2026-06-02,1333,HDFCBANK,EQ,HDFC BANK LTD,INE040A01034,1,100,0,0,6,1,500256000,0,0,1464888821,N
2026-06-02,27835,HDFCBANK,IQ,HDFC BANK LTD.,INE040A01034,1,200,0,0,1,0,1029369600,0,0,1464885820,N
2026-06-02,17321,HDFCBANK,K3,HDFC BANK LIMITED,INE040A13013,600,55725,3,0,3,0,1374019200,0,0,1377280986,Y
2026-06-02,15854,HDFCBANK,RL,HDFC BANK LTD,INE040A01034,1,100,0,0,1,0,893203200,0,0,1464887644,N
2026-06-02,757205,HDFCBANK,T0,HDFC BANK LTD,INE040A01034,1,100,0,0,1,1,1433030400,0,0,1464885823,N
2026-06-02,757206,HDFCBANK,TL,HDFC BANK LTD,INE040A01034,999999999,100,0,0,1,0,1433030400,0,0,1464887644,N
2026-06-02,17320,HDFCBANK,W3,HDFC BANK LIMITED,INE040A13013,600,55725,3,0,3,0,1374019200,0,0,1377280986,Y
2026-06-02,11111,ICICIBANK,AF,ICICI BANK LTD.,INE090A01021,1,200,0,0,1,0,1248566400,0,0,1464887677,N
2026-06-02,4967,ICICIBANK,BE,ICICI BANK LTD DEPO SETT,INE090A01021,1,200,0,0,1,0,559526400,0,0,1464887677,N
2026-06-02,12458,ICICIBANK,BL,ICICI BANK LTD.,INE090A01021,999999999,200,0,0,1,0,816220800,0,0,1464887677,N
2026-06-02,4963,ICICIBANK,EQ,ICICI BANK LTD.,INE090A01021,1,200,0,0,6,1,559526400,0,0,1464888821,N
2026-06-02,27885,ICICIBANK,IQ,ICICI BANK LTD.,INE090A01021,1,1000,0,0,1,0,1029369600,0,0,1464885820,N
2026-06-02,15897,ICICIBANK,RL,ICICI BANK LTD.,INE090A01021,1,200,0,0,1,0,893203200,0,0,1464887677,N
2026-06-02,757217,ICICIBANK,T0,ICICI BANK LTD.,INE090A01021,1,200,0,0,1,1,1433030400,0,0,1464885823,N
2026-06-02,757218,ICICIBANK,TL,ICICI BANK LTD.,INE090A01021,999999999,200,0,0,1,0,1433030400,0,0,1464887677,N
2026-06-02,11117,LT,AF,LARSEN & TOUBRO LTD.,INE018A01030,1,200,0,0,1,0,1248566400,0,0,1464887684,N
2026-06-02,11484,LT,BE,LARSEN & TOUBRO LTD.,INE018A01030,1,200,0,0,1,0,772416000,0,0,1464887684,N
2026-06-02,12562,LT,BL,LARSEN & TOUBRO LTD.,INE018A01030,999999999,200,0,0,1,0,816220800,0,0,1464887684,N
2026-06-02,11483,LT,EQ,LARSEN & TOUBRO LTD.,INE018A01030,1,200,0,0,6,1,772416000,0,0,1464888821,N
2026-06-02,28092,LT,IQ,LARSEN & TOUBRO LIMITED,INE018A01030,1,200,0,0,1,0,1029369600,0,0,1464888479,N
2026-06-02,16070,LT,RL,LARSEN & TOUBRO LTD.,INE018A01030,1,200,0,0,1,0,893203200,0,0,1464887684,N
2026-06-02,757249,LT,T0,LARSEN & TOUBRO LTD.,INE018A01030,1,200,0,0,1,1,1433030400,0,0,1464885823,N
2026-06-02,757250,LT,TL,LARSEN & TOUBRO LTD.,INE018A01030,999999999,200,0,0,1,0,1433030400,0,0,1464887684,N
2026-06-02,11139,RELIANCE,AF,RELIANCE INDUSTRIES LTD,INE002A01018,1,1000,0,0,1,0,1248566400,0,0,1464887673,N
2026-06-02,4615,RELIANCE,BE,RELIANCE IND DEPO-SETT,INE002A01018,1,1000,0,0,1,0,502070400,0,0,1464887673,N
2026-06-02,12713,RELIANCE,BL,RELIANCE INDUSTRIES LTD,INE002A01018,999999999,1000,0,0,1,0,816220800,0,0,1464887673,N
2026-06-02,2885,RELIANCE,EQ,RELIANCE INDUSTRIES LTD,INE002A01018,1,1000,0,0,6,1,502070400,0,0,1464888821,N
2026-06-02,28389,RELIANCE,IQ,RELIANCE INDUSTRIES LTD,INE002A01018,1,1000,0,0,1,0,1029369600,0,0,1464885820,N
2026-06-02,16328,RELIANCE,RL,RELIANCE INDUSTRIES LTD,INE002A01018,1,1000,0,0,1,0,893203200,0,0,1464887673,N
2026-06-02,757287,RELIANCE,T0,RELIANCE INDUSTRIES LTD,INE002A01018,1,1000,0,0,1,1,1433030400,0,0,1464885823,N
2026-06-02,757288,RELIANCE,TL,RELIANCE INDUSTRIES LTD,INE002A01018,999999999,1000,0,0,1,0,1433030400,0,0,1464887673,N
2026-06-02,11128,SBIN,AF,STATE BANK OF INDIA,INE062A01020,1,100,0,0,1,0,1248566400,0,0,1464887673,N
2026-06-02,4884,SBIN,BE,SBIN - DEPO SETT,INE062A01020,1,100,0,0,1,0,554688000,0,0,1464887673,N
2026-06-02,12740,SBIN,BL,STATE BANK OF INDIA,INE062A01020,999999999,100,0,0,1,0,816220800,0,0,1464887673,N
2026-06-02,3045,SBIN,EQ,STATE BANK OF INDIA,INE062A01020,1,100,0,0,6,1,478483200,0,0,1464888821,N
2026-06-02,28450,SBIN,IQ,STATE BANK OF INDIA,INE062A01020,1,1000,0,0,1,0,1029369600,0,0,1464888479,N
2026-06-02,20520,SBIN,N2,BOND 9.50% PA SERIES 2,INE062A08025,1,1000000,2,0,3,0,973987200,0,0,1298742279,Y
2026-06-02,22350,SBIN,N3,BOND 9.75% PA RET. S3,INE062A08033,1,1000000,2,0,3,0,985305600,0,0,1340475767,Y
2026-06-02,22352,SBIN,N4,BOND 9.30% PA NON RET. S3,INE062A08041,1,1000000,2,0,3,0,985305600,0,0,1340475767,Y
2026-06-02,22354,SBIN,N5,BOND 9.95% PA RET. S4,INE062A08058,1,1000000,2,0,3,0,985305600,0,0,1301159429,Y
2026-06-02,22356,SBIN,N6,BOND 9.45% PA NON RET. S4,INE062A08066,1,1000000,2,0,3,0,985305600,0,0,1301159429,Y
2026-06-02,16382,SBIN,RL,STATE BANK OF INDIA,INE062A01020,1,100,0,0,1,0,893203200,0,0,1464887673,N
2026-06-02,23256,SBIN,T0,STATE BANK OF INDIA,INE062A01020,1,100,0,0,1,1,1396051200,0,0,1464885819,N
2026-06-02,756131,SBIN,TL,STATE BANK OF INDIA,INE062A01020,999999999,100,0,0,1,0,1430611200,0,0,1464887673,N
2026-06-02,20521,SBIN,U2,BOND 9.50% PA SERIES 2,INE062A08025,1,1000000,2,0,3,0,973987200,0,0,1298742279,Y
2026-06-02,22351,SBIN,U3,BOND 9.75% PA RET. S3,INE062A08033,1,1000000,2,0,1,0,985305600,0,0,1464885819,N
2026-06-02,22353,SBIN,U4,BOND 9.30% PA NON RET. S3,INE062A08041,1,1000000,2,0,1,0,985305600,0,0,1464885819,N
2026-06-02,22355,SBIN,U5,BOND 9.95% PA RET. S4,INE062A08058,1,1000000,2,0,3,0,985305600,0,0,1301159429,Y
2026-06-02,22357,SBIN,U6,BOND 9.45% PA NON RET. S4,INE062A08066,1,1000000,2,0,3,0,985305600,0,0,1301159429,Y
2026-06-03,11107,HDFCBANK,AF,HDFC BANK LTD,INE040A01034,1,100,0,0,1,0,1248566400,0,0,1464973776,N
2026-06-03,4813,HDFCBANK,BE,HDFC BANK-DEPO. SETT.,INE040A01034,1,100,0,0,1,0,551059200,0,0,1464973776,N
2026-06-03,12431,HDFCBANK,BL,HDFC BANK LTD,INE040A01034,999999999,100,0,0,1,0,816220800,0,0,1464973776,N
2026-06-03,1333,HDFCBANK,EQ,HDFC BANK LTD,INE040A01034,1,100,0,0,6,1,500256000,0,0,1464976041,N
2026-06-03,27835,HDFCBANK,IQ,HDFC BANK LTD.,INE040A01034,1,200,0,0,1,0,1029369600,0,0,1464975620,N
2026-06-03,17321,HDFCBANK,K3,HDFC BANK LIMITED,INE040A13013,600,55725,3,0,3,0,1374019200,0,0,1377280986,Y
2026-06-03,15854,HDFCBANK,RL,HDFC BANK LTD,INE040A01034,1,100,0,0,1,0,893203200,0,0,1464973776,N
2026-06-03,757205,HDFCBANK,T0,HDFC BANK LTD,INE040A01034,1,100,0,0,1,1,1433030400,0,0,1464972143,N
2026-06-03,757206,HDFCBANK,TL,HDFC BANK LTD,INE040A01034,999999999,100,0,0,1,0,1433030400,0,0,1464973776,N
2026-06-03,17320,HDFCBANK,W3,HDFC BANK LIMITED,INE040A13013,600,55725,3,0,3,0,1374019200,0,0,1377280986,Y
2026-06-03,11111,ICICIBANK,AF,ICICI BANK LTD.,INE090A01021,1,200,0,0,1,0,1248566400,0,0,1464973783,N
2026-06-03,4967,ICICIBANK,BE,ICICI BANK LTD DEPO SETT,INE090A01021,1,200,0,0,1,0,559526400,0,0,1464973783,N
2026-06-03,12458,ICICIBANK,BL,ICICI BANK LTD.,INE090A01021,999999999,200,0,0,1,0,816220800,0,0,1464973783,N
2026-06-03,4963,ICICIBANK,EQ,ICICI BANK LTD.,INE090A01021,1,200,0,0,6,1,559526400,0,0,1464976041,N
2026-06-03,27885,ICICIBANK,IQ,ICICI BANK LTD.,INE090A01021,1,1000,0,0,1,0,1029369600,0,0,1464975620,N
2026-06-03,15897,ICICIBANK,RL,ICICI BANK LTD.,INE090A01021,1,200,0,0,1,0,893203200,0,0,1464973783,N
2026-06-03,757217,ICICIBANK,T0,ICICI BANK LTD.,INE090A01021,1,200,0,0,1,1,1433030400,0,0,1464972143,N
2026-06-03,757218,ICICIBANK,TL,ICICI BANK LTD.,INE090A01021,999999999,200,0,0,1,0,1433030400,0,0,1464973783,N
2026-06-03,11117,LT,AF,LARSEN & TOUBRO LTD.,INE018A01030,1,200,0,0,1,0,1248566400,0,0,1464973791,N
2026-06-03,11484,LT,BE,LARSEN & TOUBRO LTD.,INE018A01030,1,200,0,0,1,0,772416000,0,0,1464973791,N
2026-06-03,12562,LT,BL,LARSEN & TOUBRO LTD.,INE018A01030,999999999,200,0,0,1,0,816220800,0,0,1464973791,N
2026-06-03,11483,LT,EQ,LARSEN & TOUBRO LTD.,INE018A01030,1,200,0,0,6,1,772416000,0,0,1464976041,N
2026-06-03,28092,LT,IQ,LARSEN & TOUBRO LIMITED,INE018A01030,1,200,0,0,1,0,1029369600,0,0,1464972140,N
2026-06-03,16070,LT,RL,LARSEN & TOUBRO LTD.,INE018A01030,1,200,0,0,1,0,893203200,0,0,1464973791,N
2026-06-03,757249,LT,T0,LARSEN & TOUBRO LTD.,INE018A01030,1,200,0,0,1,1,1433030400,0,0,1464972143,N
2026-06-03,757250,LT,TL,LARSEN & TOUBRO LTD.,INE018A01030,999999999,200,0,0,1,0,1433030400,0,0,1464973791,N
2026-06-03,11139,RELIANCE,AF,RELIANCE INDUSTRIES LTD,INE002A01018,1,1000,0,0,1,0,1248566400,0,0,1464973779,N
2026-06-03,4615,RELIANCE,BE,RELIANCE IND DEPO-SETT,INE002A01018,1,1000,0,0,1,0,502070400,0,0,1464973779,N
2026-06-03,12713,RELIANCE,BL,RELIANCE INDUSTRIES LTD,INE002A01018,999999999,1000,0,0,1,0,816220800,0,0,1464973779,N
2026-06-03,2885,RELIANCE,EQ,RELIANCE INDUSTRIES LTD,INE002A01018,1,1000,0,0,6,1,502070400,0,0,1464976041,N
2026-06-03,28389,RELIANCE,IQ,RELIANCE INDUSTRIES LTD,INE002A01018,1,1000,0,0,1,0,1029369600,0,0,1464972140,N
2026-06-03,16328,RELIANCE,RL,RELIANCE INDUSTRIES LTD,INE002A01018,1,1000,0,0,1,0,893203200,0,0,1464973779,N
2026-06-03,757287,RELIANCE,T0,RELIANCE INDUSTRIES LTD,INE002A01018,1,1000,0,0,1,1,1433030400,0,0,1464972143,N
2026-06-03,757288,RELIANCE,TL,RELIANCE INDUSTRIES LTD,INE002A01018,999999999,1000,0,0,1,0,1433030400,0,0,1464973779,N
2026-06-03,11128,SBIN,AF,STATE BANK OF INDIA,INE062A01020,1,100,0,0,1,0,1248566400,0,0,1464973780,N
2026-06-03,4884,SBIN,BE,SBIN - DEPO SETT,INE062A01020,1,100,0,0,1,0,554688000,0,0,1464973780,N
2026-06-03,12740,SBIN,BL,STATE BANK OF INDIA,INE062A01020,999999999,100,0,0,1,0,816220800,0,0,1464973780,N
2026-06-03,3045,SBIN,EQ,STATE BANK OF INDIA,INE062A01020,1,100,0,0,6,1,478483200,0,0,1464976041,N
2026-06-03,28450,SBIN,IQ,STATE BANK OF INDIA,INE062A01020,1,1000,0,0,1,0,1029369600,0,0,1464975620,N
2026-06-03,20520,SBIN,N2,BOND 9.50% PA SERIES 2,INE062A08025,1,1000000,2,0,3,0,973987200,0,0,1298742279,Y
2026-06-03,22350,SBIN,N3,BOND 9.75% PA RET. S3,INE062A08033,1,1000000,2,0,3,0,985305600,0,0,1340475767,Y
2026-06-03,22352,SBIN,N4,BOND 9.30% PA NON RET. S3,INE062A08041,1,1000000,2,0,3,0,985305600,0,0,1340475767,Y
2026-06-03,22354,SBIN,N5,BOND 9.95% PA RET. S4,INE062A08058,1,1000000,2,0,3,0,985305600,0,0,1301159429,Y
2026-06-03,22356,SBIN,N6,BOND 9.45% PA NON RET. S4,INE062A08066,1,1000000,2,0,3,0,985305600,0,0,1301159429,Y
2026-06-03,16382,SBIN,RL,STATE BANK OF INDIA,INE062A01020,1,100,0,0,1,0,893203200,0,0,1464973780,N
2026-06-03,23256,SBIN,T0,STATE BANK OF INDIA,INE062A01020,1,100,0,0,1,1,1396051200,0,0,1464972139,N
2026-06-03,756131,SBIN,TL,STATE BANK OF INDIA,INE062A01020,999999999,100,0,0,1,0,1430611200,0,0,1464973780,N
2026-06-03,20521,SBIN,U2,BOND 9.50% PA SERIES 2,INE062A08025,1,1000000,2,0,3,0,973987200,0,0,1298742279,Y
2026-06-03,22351,SBIN,U3,BOND 9.75% PA RET. S3,INE062A08033,1,1000000,2,0,1,0,985305600,0,0,1464972139,N
2026-06-03,22353,SBIN,U4,BOND 9.30% PA NON RET. S3,INE062A08041,1,1000000,2,0,1,0,985305600,0,0,1464972139,N
2026-06-03,22355,SBIN,U5,BOND 9.95% PA RET. S4,INE062A08058,1,1000000,2,0,3,0,985305600,0,0,1301159429,Y
2026-06-03,22357,SBIN,U6,BOND 9.45% PA NON RET. S4,INE062A08066,1,1000000,2,0,3,0,985305600,0,0,1301159429,Y
2026-06-04,11107,HDFCBANK,AF,HDFC BANK LTD,INE040A01034,1,100,0,0,1,0,1248566400,0,0,1465062740,N
2026-06-04,4813,HDFCBANK,BE,HDFC BANK-DEPO. SETT.,INE040A01034,1,100,0,0,1,0,551059200,0,0,1465062740,N
2026-06-04,12431,HDFCBANK,BL,HDFC BANK LTD,INE040A01034,999999999,100,0,0,1,0,816220800,0,0,1465062740,N
2026-06-04,1333,HDFCBANK,EQ,HDFC BANK LTD,INE040A01034,1,100,0,0,6,1,500256000,0,0,1465064398,N
2026-06-04,27835,HDFCBANK,IQ,HDFC BANK LTD.,INE040A01034,1,200,0,0,1,0,1029369600,0,0,1465059660,N
2026-06-04,17321,HDFCBANK,K3,HDFC BANK LIMITED,INE040A13013,600,55725,3,0,3,0,1374019200,0,0,1377280986,Y
2026-06-04,15854,HDFCBANK,RL,HDFC BANK LTD,INE040A01034,1,100,0,0,1,0,893203200,0,0,1465062740,N
2026-06-04,757205,HDFCBANK,T0,HDFC BANK LTD,INE040A01034,1,100,0,0,1,1,1433030400,0,0,1465059663,N
2026-06-04,757206,HDFCBANK,TL,HDFC BANK LTD,INE040A01034,999999999,100,0,0,1,0,1433030400,0,0,1465062740,N
2026-06-04,17320,HDFCBANK,W3,HDFC BANK LIMITED,INE040A13013,600,55725,3,0,3,0,1374019200,0,0,1377280986,Y
2026-06-04,11111,ICICIBANK,AF,ICICI BANK LTD.,INE090A01021,1,200,0,0,1,0,1248566400,0,0,1465062798,N
2026-06-04,4967,ICICIBANK,BE,ICICI BANK LTD DEPO SETT,INE090A01021,1,200,0,0,1,0,559526400,0,0,1465062798,N
2026-06-04,12458,ICICIBANK,BL,ICICI BANK LTD.,INE090A01021,999999999,200,0,0,1,0,816220800,0,0,1465062798,N
2026-06-04,4963,ICICIBANK,EQ,ICICI BANK LTD.,INE090A01021,1,200,0,0,6,1,559526400,0,0,1465064398,N
2026-06-04,27885,ICICIBANK,IQ,ICICI BANK LTD.,INE090A01021,1,1000,0,0,1,0,1029369600,0,0,1465064038,N
2026-06-04,15897,ICICIBANK,RL,ICICI BANK LTD.,INE090A01021,1,200,0,0,1,0,893203200,0,0,1465062798,N
2026-06-04,757217,ICICIBANK,T0,ICICI BANK LTD.,INE090A01021,1,200,0,0,1,1,1433030400,0,0,1465059663,N
2026-06-04,757218,ICICIBANK,TL,ICICI BANK LTD.,INE090A01021,999999999,200,0,0,1,0,1433030400,0,0,1465062798,N
2026-06-04,11117,LT,AF,LARSEN & TOUBRO LTD.,INE018A01030,1,200,0,0,1,0,1248566400,0,0,1465062806,N
2026-06-04,11484,LT,BE,LARSEN & TOUBRO LTD.,INE018A01030,1,200,0,0,1,0,772416000,0,0,1465062806,N
2026-06-04,12562,LT,BL,LARSEN & TOUBRO LTD.,INE018A01030,999999999,200,0,0,1,0,816220800,0,0,1465062806,N
2026-06-04,11483,LT,EQ,LARSEN & TOUBRO LTD.,INE018A01030,1,200,0,0,6,1,772416000,0,0,1465064398,N
2026-06-04,28092,LT,IQ,LARSEN & TOUBRO LIMITED,INE018A01030,1,200,0,0,1,0,1029369600,0,0,1465064039,N
2026-06-04,16070,LT,RL,LARSEN & TOUBRO LTD.,INE018A01030,1,200,0,0,1,0,893203200,0,0,1465062806,N
2026-06-04,757249,LT,T0,LARSEN & TOUBRO LTD.,INE018A01030,1,200,0,0,1,1,1433030400,0,0,1465059663,N
2026-06-04,757250,LT,TL,LARSEN & TOUBRO LTD.,INE018A01030,999999999,200,0,0,1,0,1433030400,0,0,1465062806,N
2026-06-04,11139,RELIANCE,AF,RELIANCE INDUSTRIES LTD,INE002A01018,1,1000,0,0,1,0,1248566400,0,0,1465062769,N
2026-06-04,4615,RELIANCE,BE,RELIANCE IND DEPO-SETT,INE002A01018,1,1000,0,0,1,0,502070400,0,0,1465062769,N
2026-06-04,12713,RELIANCE,BL,RELIANCE INDUSTRIES LTD,INE002A01018,999999999,1000,0,0,1,0,816220800,0,0,1465062769,N
2026-06-04,2885,RELIANCE,EQ,RELIANCE INDUSTRIES LTD,INE002A01018,1,1000,0,0,6,1,502070400,0,0,1465064399,N
2026-06-04,28389,RELIANCE,IQ,RELIANCE INDUSTRIES LTD,INE002A01018,1,1000,0,0,1,0,1029369600,0,0,1465059660,N
2026-06-04,16328,RELIANCE,RL,RELIANCE INDUSTRIES LTD,INE002A01018,1,1000,0,0,1,0,893203200,0,0,1465062769,N
2026-06-04,757287,RELIANCE,T0,RELIANCE INDUSTRIES LTD,INE002A01018,1,1000,0,0,1,0,1433030400,0,0,1465062928,N
2026-06-04,757288,RELIANCE,TL,RELIANCE INDUSTRIES LTD,INE002A01018,999999999,1000,0,0,1,0,1433030400,0,0,1465062928,N
2026-06-04,11128,SBIN,AF,STATE BANK OF INDIA,INE062A01020,1,100,0,0,1,0,1248566400,0,0,1465062769,N
2026-06-04,4884,SBIN,BE,SBIN - DEPO SETT,INE062A01020,1,100,0,0,1,0,554688000,0,0,1465062769,N
2026-06-04,12740,SBIN,BL,STATE BANK OF INDIA,INE062A01020,999999999,100,0,0,1,0,816220800,0,0,1465062769,N
2026-06-04,3045,SBIN,EQ,STATE BANK OF INDIA,INE062A01020,1,100,0,0,6,1,478483200,0,0,1465064399,N
2026-06-04,28450,SBIN,IQ,STATE BANK OF INDIA,INE062A01020,1,1000,0,0,1,0,1029369600,0,0,1465064039,N
2026-06-04,20520,SBIN,N2,BOND 9.50% PA SERIES 2,INE062A08025,1,1000000,2,0,3,0,973987200,0,0,1298742279,Y
2026-06-04,22350,SBIN,N3,BOND 9.75% PA RET. S3,INE062A08033,1,1000000,2,0,3,0,985305600,0,0,1340475767,Y
2026-06-04,22352,SBIN,N4,BOND 9.30% PA NON RET. S3,INE062A08041,1,1000000,2,0,3,0,985305600,0,0,1340475767,Y
2026-06-04,22354,SBIN,N5,BOND 9.95% PA RET. S4,INE062A08058,1,1000000,2,0,3,0,985305600,0,0,1301159429,Y
2026-06-04,22356,SBIN,N6,BOND 9.45% PA NON RET. S4,INE062A08066,1,1000000,2,0,3,0,985305600,0,0,1301159429,Y
2026-06-04,16382,SBIN,RL,STATE BANK OF INDIA,INE062A01020,1,100,0,0,1,0,893203200,0,0,1465062769,N
2026-06-04,23256,SBIN,T0,STATE BANK OF INDIA,INE062A01020,1,100,0,0,1,1,1396051200,0,0,1465059659,N
2026-06-04,756131,SBIN,TL,STATE BANK OF INDIA,INE062A01020,999999999,100,0,0,1,0,1430611200,0,0,1465062769,N
2026-06-04,20521,SBIN,U2,BOND 9.50% PA SERIES 2,INE062A08025,1,1000000,2,0,3,0,973987200,0,0,1298742279,Y
2026-06-04,22351,SBIN,U3,BOND 9.75% PA RET. S3,INE062A08033,1,1000000,2,0,1,0,985305600,0,0,1465059659,N
2026-06-04,22353,SBIN,U4,BOND 9.30% PA NON RET. S3,INE062A08041,1,1000000,2,0,1,0,985305600,0,0,1465059659,N
2026-06-04,22355,SBIN,U5,BOND 9.95% PA RET. S4,INE062A08058,1,1000000,2,0,3,0,985305600,0,0,1301159429,Y
2026-06-04,22357,SBIN,U6,BOND 9.45% PA NON RET. S4,INE062A08066,1,1000000,2,0,3,0,985305600,0,0,1301159429,Y
2026-06-05,11107,HDFCBANK,AF,HDFC BANK LTD,INE040A01034,1,100,0,0,1,0,1248566400,0,0,1465147389,N
2026-06-05,4813,HDFCBANK,BE,HDFC BANK-DEPO. SETT.,INE040A01034,1,100,0,0,1,0,551059200,0,0,1465147389,N
2026-06-05,12431,HDFCBANK,BL,HDFC BANK LTD,INE040A01034,999999999,100,0,0,1,0,816220800,0,0,1465147389,N
2026-06-05,1333,HDFCBANK,EQ,HDFC BANK LTD,INE040A01034,1,100,0,0,6,1,500256000,0,0,1465155368,N
2026-06-05,27835,HDFCBANK,IQ,HDFC BANK LTD.,INE040A01034,1,200,0,0,1,0,1029369600,0,0,1465144997,N
2026-06-05,17321,HDFCBANK,K3,HDFC BANK LIMITED,INE040A13013,600,55725,3,0,3,0,1374019200,0,0,1377280986,Y
2026-06-05,15854,HDFCBANK,RL,HDFC BANK LTD,INE040A01034,1,100,0,0,1,0,893203200,0,0,1465147389,N
2026-06-05,757205,HDFCBANK,T0,HDFC BANK LTD,INE040A01034,1,100,0,0,1,1,1433030400,0,0,1465145000,N
2026-06-05,757206,HDFCBANK,TL,HDFC BANK LTD,INE040A01034,999999999,100,0,0,1,0,1433030400,0,0,1465147389,N
2026-06-05,17320,HDFCBANK,W3,HDFC BANK LIMITED,INE040A13013,600,55725,3,0,3,0,1374019200,0,0,1377280986,Y
2026-06-05,11111,ICICIBANK,AF,ICICI BANK LTD.,INE090A01021,1,200,0,0,1,0,1248566400,0,0,1465147446,N
2026-06-05,4967,ICICIBANK,BE,ICICI BANK LTD DEPO SETT,INE090A01021,1,200,0,0,1,0,559526400,0,0,1465147446,N
2026-06-05,12458,ICICIBANK,BL,ICICI BANK LTD.,INE090A01021,999999999,200,0,0,1,0,816220800,0,0,1465147446,N
2026-06-05,4963,ICICIBANK,EQ,ICICI BANK LTD.,INE090A01021,1,200,0,0,6,1,559526400,0,0,1465155368,N
2026-06-05,27885,ICICIBANK,IQ,ICICI BANK LTD.,INE090A01021,1,1000,0,0,1,0,1029369600,0,0,1465144997,N
2026-06-05,15897,ICICIBANK,RL,ICICI BANK LTD.,INE090A01021,1,200,0,0,1,0,893203200,0,0,1465147446,N
2026-06-05,757217,ICICIBANK,T0,ICICI BANK LTD.,INE090A01021,1,200,0,0,1,1,1433030400,0,0,1465145000,N
2026-06-05,757218,ICICIBANK,TL,ICICI BANK LTD.,INE090A01021,999999999,200,0,0,1,0,1433030400,0,0,1465147446,N
2026-06-05,11117,LT,AF,LARSEN & TOUBRO LTD.,INE018A01030,1,200,0,0,1,0,1248566400,0,0,1465147454,N
2026-06-05,11484,LT,BE,LARSEN & TOUBRO LTD.,INE018A01030,1,200,0,0,1,0,772416000,0,0,1465147454,N
2026-06-05,12562,LT,BL,LARSEN & TOUBRO LTD.,INE018A01030,999999999,200,0,0,1,0,816220800,0,0,1465147454,N
2026-06-05,11483,LT,EQ,LARSEN & TOUBRO LTD.,INE018A01030,1,200,0,0,6,1,772416000,0,0,1465155368,N
2026-06-05,28092,LT,IQ,LARSEN & TOUBRO LIMITED,INE018A01030,1,200,0,0,1,0,1029369600,0,0,1465144997,N
2026-06-05,16070,LT,RL,LARSEN & TOUBRO LTD.,INE018A01030,1,200,0,0,1,0,893203200,0,0,1465147454,N
2026-06-05,757249,LT,T0,LARSEN & TOUBRO LTD.,INE018A01030,1,200,0,0,1,1,1433030400,0,0,1465145000,N
2026-06-05,757250,LT,TL,LARSEN & TOUBRO LTD.,INE018A01030,999999999,200,0,0,1,0,1433030400,0,0,1465147454,N
2026-06-05,11139,RELIANCE,AF,RELIANCE INDUSTRIES LTD,INE002A01018,1,1000,0,0,1,0,1248566400,0,0,1465147417,N
2026-06-05,4615,RELIANCE,BE,RELIANCE IND DEPO-SETT,INE002A01018,1,1000,0,0,1,0,502070400,0,0,1465147417,N
2026-06-05,12713,RELIANCE,BL,RELIANCE INDUSTRIES LTD,INE002A01018,999999999,1000,0,0,1,0,816220800,0,0,1465147417,N
2026-06-05,2885,RELIANCE,EQ,RELIANCE INDUSTRIES LTD,INE002A01018,1,1000,0,0,6,1,502070400,0,0,1465155368,N
2026-06-05,28389,RELIANCE,IQ,RELIANCE INDUSTRIES LTD,INE002A01018,1,1000,0,0,1,0,1029369600,0,0,1465144997,N
2026-06-05,16328,RELIANCE,RL,RELIANCE INDUSTRIES LTD,INE002A01018,1,1000,0,0,1,0,893203200,0,0,1465147417,N
2026-06-05,757287,RELIANCE,T0,RELIANCE INDUSTRIES LTD,INE002A01018,1,1000,0,0,1,1,1433030400,0,0,1465147417,N
2026-06-05,757288,RELIANCE,TL,RELIANCE INDUSTRIES LTD,INE002A01018,999999999,1000,0,0,1,0,1433030400,0,0,1465147417,N
2026-06-05,11128,SBIN,AF,STATE BANK OF INDIA,INE062A01020,1,100,0,0,1,0,1248566400,0,0,1465147418,N
2026-06-05,4884,SBIN,BE,SBIN - DEPO SETT,INE062A01020,1,100,0,0,1,0,554688000,0,0,1465147418,N
2026-06-05,12740,SBIN,BL,STATE BANK OF INDIA,INE062A01020,999999999,100,0,0,1,0,816220800,0,0,1465147418,N
2026-06-05,3045,SBIN,EQ,STATE BANK OF INDIA,INE062A01020,1,100,0,0,6,1,478483200,0,0,1465155368,N
2026-06-05,28450,SBIN,IQ,STATE BANK OF INDIA,INE062A01020,1,1000,0,0,1,0,1029369600,0,0,1465148992,N
2026-06-05,20520,SBIN,N2,BOND 9.50% PA SERIES 2,INE062A08025,1,1000000,2,0,3,0,973987200,0,0,1298742279,Y
2026-06-05,22350,SBIN,N3,BOND 9.75% PA RET. S3,INE062A08033,1,1000000,2,0,3,0,985305600,0,0,1340475767,Y
2026-06-05,22352,SBIN,N4,BOND 9.30% PA NON RET. S3,INE062A08041,1,1000000,2,0,3,0,985305600,0,0,1340475767,Y
2026-06-05,22354,SBIN,N5,BOND 9.95% PA RET. S4,INE062A08058,1,1000000,2,0,3,0,985305600,0,0,1301159429,Y
2026-06-05,22356,SBIN,N6,BOND 9.45% PA NON RET. S4,INE062A08066,1,1000000,2,0,3,0,985305600,0,0,1301159429,Y
2026-06-05,16382,SBIN,RL,STATE BANK OF INDIA,INE062A01020,1,100,0,0,1,0,893203200,0,0,1465147418,N
2026-06-05,23256,SBIN,T0,STATE BANK OF INDIA,INE062A01020,1,100,0,0,1,1,1396051200,0,0,1465144996,N
2026-06-05,756131,SBIN,TL,STATE BANK OF INDIA,INE062A01020,999999999,100,0,0,1,0,1430611200,0,0,1465147418,N
2026-06-05,20521,SBIN,U2,BOND 9.50% PA SERIES 2,INE062A08025,1,1000000,2,0,3,0,973987200,0,0,1298742279,Y
2026-06-05,22351,SBIN,U3,BOND 9.75% PA RET. S3,INE062A08033,1,1000000,2,0,1,0,985305600,0,0,1465144996,N
2026-06-05,22353,SBIN,U4,BOND 9.30% PA NON RET. S3,INE062A08041,1,1000000,2,0,1,0,985305600,0,0,1465144996,N
2026-06-05,22355,SBIN,U5,BOND 9.95% PA RET. S4,INE062A08058,1,1000000,2,0,3,0,985305600,0,0,1301159429,Y
2026-06-05,22357,SBIN,U6,BOND 9.45% PA NON RET. S4,INE062A08066,1,1000000,2,0,3,0,985305600,0,0,1301159429,Y
2026-06-08,11107,HDFCBANK,AF,HDFC BANK LTD,INE040A01034,1,100,0,0,1,0,1248566400,0,0,1465407764,N
2026-06-08,4813,HDFCBANK,BE,HDFC BANK-DEPO. SETT.,INE040A01034,1,100,0,0,1,0,551059200,0,0,1465407763,N
2026-06-08,12431,HDFCBANK,BL,HDFC BANK LTD,INE040A01034,999999999,100,0,0,1,0,816220800,0,0,1465407763,N
2026-06-08,1333,HDFCBANK,EQ,HDFC BANK LTD,INE040A01034,1,100,0,0,6,1,500256000,0,0,1465415774,N
2026-06-08,27835,HDFCBANK,IQ,HDFC BANK LTD.,INE040A01034,1,200,0,0,1,0,1029369600,0,0,1465409530,N
2026-06-08,17321,HDFCBANK,K3,HDFC BANK LIMITED,INE040A13013,600,55725,3,0,3,0,1374019200,0,0,1377280986,Y
2026-06-08,15854,HDFCBANK,RL,HDFC BANK LTD,INE040A01034,1,100,0,0,1,0,893203200,0,0,1465407764,N
2026-06-08,757205,HDFCBANK,T0,HDFC BANK LTD,INE040A01034,1,100,0,0,1,1,1433030400,0,0,1465404803,N
2026-06-08,757206,HDFCBANK,TL,HDFC BANK LTD,INE040A01034,999999999,100,0,0,1,0,1433030400,0,0,1465407764,N
2026-06-08,17320,HDFCBANK,W3,HDFC BANK LIMITED,INE040A13013,600,55725,3,0,3,0,1374019200,0,0,1377280986,Y
2026-06-08,11111,ICICIBANK,AF,ICICI BANK LTD.,INE090A01021,1,200,0,0,1,0,1248566400,0,0,1465407796,N
2026-06-08,4967,ICICIBANK,BE,ICICI BANK LTD DEPO SETT,INE090A01021,1,200,0,0,1,0,559526400,0,0,1465407796,N
2026-06-08,12458,ICICIBANK,BL,ICICI BANK LTD.,INE090A01021,999999999,200,0,0,1,0,816220800,0,0,1465407796,N
2026-06-08,4963,ICICIBANK,EQ,ICICI BANK LTD.,INE090A01021,1,200,0,0,6,1,559526400,0,0,1465415774,N
2026-06-08,27885,ICICIBANK,IQ,ICICI BANK LTD.,INE090A01021,1,1000,0,0,1,0,1029369600,0,0,1465409530,N
2026-06-08,15897,ICICIBANK,RL,ICICI BANK LTD.,INE090A01021,1,200,0,0,1,0,893203200,0,0,1465407796,N
2026-06-08,757217,ICICIBANK,T0,ICICI BANK LTD.,INE090A01021,1,200,0,0,1,1,1433030400,0,0,1465404803,N
2026-06-08,757218,ICICIBANK,TL,ICICI BANK LTD.,INE090A01021,999999999,200,0,0,1,0,1433030400,0,0,1465407796,N
2026-06-08,11117,LT,AF,LARSEN & TOUBRO LTD.,INE018A01030,1,200,0,0,1,0,1248566400,0,0,1465407803,N
2026-06-08,11484,LT,BE,LARSEN & TOUBRO LTD.,INE018A01030,1,200,0,0,1,0,772416000,0,0,1465407803,N
2026-06-08,12562,LT,BL,LARSEN & TOUBRO LTD.,INE018A01030,999999999,200,0,0,1,0,816220800,0,0,1465407803,N
2026-06-08,11483,LT,EQ,LARSEN & TOUBRO LTD.,INE018A01030,1,200,0,0,6,1,772416000,0,0,1465415775,N
2026-06-08,28092,LT,IQ,LARSEN & TOUBRO LIMITED,INE018A01030,1,200,0,0,1,0,1029369600,0,0,1465404800,N
2026-06-08,16070,LT,RL,LARSEN & TOUBRO LTD.,INE018A01030,1,200,0,0,1,0,893203200,0,0,1465407803,N
2026-06-08,757249,LT,T0,LARSEN & TOUBRO LTD.,INE018A01030,1,200,0,0,1,1,1433030400,0,0,1465404803,N
2026-06-08,757250,LT,TL,LARSEN & TOUBRO LTD.,INE018A01030,999999999,200,0,0,1,0,1433030400,0,0,1465407803,N
2026-06-08,11139,RELIANCE,AF,RELIANCE INDUSTRIES LTD,INE002A01018,1,1000,0,0,1,0,1248566400,0,0,1465407767,N
2026-06-08,4615,RELIANCE,BE,RELIANCE IND DEPO-SETT,INE002A01018,1,1000,0,0,1,0,502070400,0,0,1465407767,N
2026-06-08,12713,RELIANCE,BL,RELIANCE INDUSTRIES LTD,INE002A01018,999999999,1000,0,0,1,0,816220800,0,0,1465407767,N
2026-06-08,2885,RELIANCE,EQ,RELIANCE INDUSTRIES LTD,INE002A01018,1,1000,0,0,6,1,502070400,0,0,1465415775,N
2026-06-08,28389,RELIANCE,IQ,RELIANCE INDUSTRIES LTD,INE002A01018,1,1000,0,0,1,0,1029369600,0,0,1465404800,N
2026-06-08,16328,RELIANCE,RL,RELIANCE INDUSTRIES LTD,INE002A01018,1,1000,0,0,1,0,893203200,0,0,1465407767,N
2026-06-08,757287,RELIANCE,T0,RELIANCE INDUSTRIES LTD,INE002A01018,1,1000,0,0,1,1,1433030400,0,0,1465404803,N
2026-06-08,757288,RELIANCE,TL,RELIANCE INDUSTRIES LTD,INE002A01018,999999999,1000,0,0,1,0,1433030400,0,0,1465407767,N
2026-06-08,11128,SBIN,AF,STATE BANK OF INDIA,INE062A01020,1,100,0,0,1,0,1248566400,0,0,1465407767,N
2026-06-08,4884,SBIN,BE,SBIN - DEPO SETT,INE062A01020,1,100,0,0,1,0,554688000,0,0,1465407767,N
2026-06-08,12740,SBIN,BL,STATE BANK OF INDIA,INE062A01020,999999999,100,0,0,1,0,816220800,0,0,1465407767,N
2026-06-08,3045,SBIN,EQ,STATE BANK OF INDIA,INE062A01020,1,100,0,0,6,1,478483200,0,0,1465415775,N
2026-06-08,28450,SBIN,IQ,STATE BANK OF INDIA,INE062A01020,1,1000,0,0,1,0,1029369600,0,0,1465404800,N
2026-06-08,20520,SBIN,N2,BOND 9.50% PA SERIES 2,INE062A08025,1,1000000,2,0,3,0,973987200,0,0,1298742279,Y
2026-06-08,22350,SBIN,N3,BOND 9.75% PA RET. S3,INE062A08033,1,1000000,2,0,3,0,985305600,0,0,1340475767,Y
2026-06-08,22352,SBIN,N4,BOND 9.30% PA NON RET. S3,INE062A08041,1,1000000,2,0,3,0,985305600,0,0,1340475767,Y
2026-06-08,22354,SBIN,N5,BOND 9.95% PA RET. S4,INE062A08058,1,1000000,2,0,3,0,985305600,0,0,1301159429,Y
2026-06-08,22356,SBIN,N6,BOND 9.45% PA NON RET. S4,INE062A08066,1,1000000,2,0,3,0,985305600,0,0,1301159429,Y
2026-06-08,16382,SBIN,RL,STATE BANK OF INDIA,INE062A01020,1,100,0,0,1,0,893203200,0,0,1465407767,N
2026-06-08,23256,SBIN,T0,STATE BANK OF INDIA,INE062A01020,1,100,0,0,1,1,1396051200,0,0,1465404799,N
2026-06-08,756131,SBIN,TL,STATE BANK OF INDIA,INE062A01020,999999999,100,0,0,1,0,1430611200,0,0,1465407767,N
2026-06-08,20521,SBIN,U2,BOND 9.50% PA SERIES 2,INE062A08025,1,1000000,2,0,3,0,973987200,0,0,1298742279,Y
2026-06-08,22351,SBIN,U3,BOND 9.75% PA RET. S3,INE062A08033,1,1000000,2,0,1,0,985305600,0,0,1465404799,N
2026-06-08,22353,SBIN,U4,BOND 9.30% PA NON RET. S3,INE062A08041,1,1000000,2,0,1,0,985305600,0,0,1465404799,N
2026-06-08,22355,SBIN,U5,BOND 9.95% PA RET. S4,INE062A08058,1,1000000,2,0,3,0,985305600,0,0,1301159429,Y
2026-06-08,22357,SBIN,U6,BOND 9.45% PA NON RET. S4,INE062A08066,1,1000000,2,0,3,0,985305600,0,0,1301159429,Y
2026-06-09,11107,HDFCBANK,AF,HDFC BANK LTD,INE040A01034,1,100,0,0,1,0,1248566400,0,0,1465494107,N
2026-06-09,4813,HDFCBANK,BE,HDFC BANK-DEPO. SETT.,INE040A01034,1,100,0,0,1,0,551059200,0,0,1465494107,N
2026-06-09,12431,HDFCBANK,BL,HDFC BANK LTD,INE040A01034,999999999,100,0,0,1,0,816220800,0,0,1465494107,N
2026-06-09,1333,HDFCBANK,EQ,HDFC BANK LTD,INE040A01034,1,100,0,0,6,1,500256000,0,0,1465494331,N
2026-06-09,27835,HDFCBANK,IQ,HDFC BANK LTD.,INE040A01034,1,200,0,0,1,0,1029369600,0,0,1465491081,N
2026-06-09,17321,HDFCBANK,K3,HDFC BANK LIMITED,INE040A13013,600,55725,3,0,3,0,1374019200,0,0,1377280986,Y
2026-06-09,15854,HDFCBANK,RL,HDFC BANK LTD,INE040A01034,1,100,0,0,1,0,893203200,0,0,1465494107,N
2026-06-09,757205,HDFCBANK,T0,HDFC BANK LTD,INE040A01034,1,100,0,0,1,1,1433030400,0,0,1465491084,N
2026-06-09,757206,HDFCBANK,TL,HDFC BANK LTD,INE040A01034,999999999,100,0,0,1,0,1433030400,0,0,1465494107,N
2026-06-09,17320,HDFCBANK,W3,HDFC BANK LIMITED,INE040A13013,600,55725,3,0,3,0,1374019200,0,0,1377280986,Y
2026-06-09,11111,ICICIBANK,AF,ICICI BANK LTD.,INE090A01021,1,200,0,0,1,0,1248566400,0,0,1465495383,N
2026-06-09,4967,ICICIBANK,BE,ICICI BANK LTD DEPO SETT,INE090A01021,1,200,0,0,1,0,559526400,0,0,1465495383,N
2026-06-09,12458,ICICIBANK,BL,ICICI BANK LTD.,INE090A01021,999999999,200,0,0,1,0,816220800,0,0,1465494165,N
2026-06-09,4963,ICICIBANK,EQ,ICICI BANK LTD.,INE090A01021,1,200,0,0,6,1,559526400,0,0,1465495383,N
2026-06-09,27885,ICICIBANK,IQ,ICICI BANK LTD.,INE090A01021,1,1000,0,0,1,0,1029369600,0,0,1465495385,N
2026-06-09,15897,ICICIBANK,RL,ICICI BANK LTD.,INE090A01021,1,200,0,0,1,0,893203200,0,0,1465495384,N
2026-06-09,757217,ICICIBANK,T0,ICICI BANK LTD.,INE090A01021,1,200,0,0,1,1,1433030400,0,0,1465495385,N
2026-06-09,757218,ICICIBANK,TL,ICICI BANK LTD.,INE090A01021,999999999,200,0,0,1,0,1433030400,0,0,1465494165,N
2026-06-09,11117,LT,AF,LARSEN & TOUBRO LTD.,INE018A01030,1,200,0,0,1,0,1248566400,0,0,1465494172,N
2026-06-09,11484,LT,BE,LARSEN & TOUBRO LTD.,INE018A01030,1,200,0,0,1,0,772416000,0,0,1465494172,N
2026-06-09,12562,LT,BL,LARSEN & TOUBRO LTD.,INE018A01030,999999999,200,0,0,1,0,816220800,0,0,1465494172,N
2026-06-09,11483,LT,EQ,LARSEN & TOUBRO LTD.,INE018A01030,1,200,0,0,6,1,772416000,0,0,1465494331,N
2026-06-09,28092,LT,IQ,LARSEN & TOUBRO LIMITED,INE018A01030,1,200,0,0,1,0,1029369600,0,0,1465491081,N
2026-06-09,16070,LT,RL,LARSEN & TOUBRO LTD.,INE018A01030,1,200,0,0,1,0,893203200,0,0,1465494172,N
2026-06-09,757249,LT,T0,LARSEN & TOUBRO LTD.,INE018A01030,1,200,0,0,1,1,1433030400,0,0,1465491084,N
2026-06-09,757250,LT,TL,LARSEN & TOUBRO LTD.,INE018A01030,999999999,200,0,0,1,0,1433030400,0,0,1465494172,N
2026-06-09,11139,RELIANCE,AF,RELIANCE INDUSTRIES LTD,INE002A01018,1,1000,0,0,1,0,1248566400,0,0,1465494136,N
2026-06-09,4615,RELIANCE,BE,RELIANCE IND DEPO-SETT,INE002A01018,1,1000,0,0,1,0,502070400,0,0,1465494136,N
2026-06-09,12713,RELIANCE,BL,RELIANCE INDUSTRIES LTD,INE002A01018,999999999,1000,0,0,1,0,816220800,0,0,1465494136,N
2026-06-09,2885,RELIANCE,EQ,RELIANCE INDUSTRIES LTD,INE002A01018,1,1000,0,0,6,1,502070400,0,0,1465494331,N
2026-06-09,28389,RELIANCE,IQ,RELIANCE INDUSTRIES LTD,INE002A01018,1,1000,0,0,1,0,1029369600,0,0,1465495385,N
2026-06-09,16328,RELIANCE,RL,RELIANCE INDUSTRIES LTD,INE002A01018,1,1000,0,0,1,0,893203200,0,0,1465494136,N
2026-06-09,757287,RELIANCE,T0,RELIANCE INDUSTRIES LTD,INE002A01018,1,1000,0,0,1,1,1433030400,0,0,1465491084,N
2026-06-09,757288,RELIANCE,TL,RELIANCE INDUSTRIES LTD,INE002A01018,999999999,1000,0,0,1,0,1433030400,0,0,1465494136,N
2026-06-09,11128,SBIN,AF,STATE BANK OF INDIA,INE062A01020,1,100,0,0,1,0,1248566400,0,0,1465495383,N
2026-06-09,4884,SBIN,BE,SBIN - DEPO SETT,INE062A01020,1,100,0,0,1,0,554688000,0,0,1465495383,N
2026-06-09,12740,SBIN,BL,STATE BANK OF INDIA,INE062A01020,999999999,100,0,0,1,0,816220800,0,0,1465494136,N
2026-06-09,3045,SBIN,EQ,STATE BANK OF INDIA,INE062A01020,1,100,0,0,6,1,478483200,0,0,1465495382,N
2026-06-09,28450,SBIN,IQ,STATE BANK OF INDIA,INE062A01020,1,1000,0,0,1,0,1029369600,0,0,1465495385,N
2026-06-09,20520,SBIN,N2,BOND 9.50% PA SERIES 2,INE062A08025,1,1000000,2,0,3,0,973987200,0,0,1298742279,Y
2026-06-09,22350,SBIN,N3,BOND 9.75% PA RET. S3,INE062A08033,1,1000000,2,0,3,0,985305600,0,0,1340475767,Y
2026-06-09,22352,SBIN,N4,BOND 9.30% PA NON RET. S3,INE062A08041,1,1000000,2,0,3,0,985305600,0,0,1340475767,Y
2026-06-09,22354,SBIN,N5,BOND 9.95% PA RET. S4,INE062A08058,1,1000000,2,0,3,0,985305600,0,0,1301159429,Y
2026-06-09,22356,SBIN,N6,BOND 9.45% PA NON RET. S4,INE062A08066,1,1000000,2,0,3,0,985305600,0,0,1301159429,Y
2026-06-09,16382,SBIN,RL,STATE BANK OF INDIA,INE062A01020,1,100,0,0,1,0,893203200,0,0,1465495384,N
2026-06-09,23256,SBIN,T0,STATE BANK OF INDIA,INE062A01020,1,100,0,0,1,1,1396051200,0,0,1465495384,N
2026-06-09,756131,SBIN,TL,STATE BANK OF INDIA,INE062A01020,999999999,100,0,0,1,0,1430611200,0,0,1465494136,N
2026-06-09,20521,SBIN,U2,BOND 9.50% PA SERIES 2,INE062A08025,1,1000000,2,0,3,0,973987200,0,0,1298742279,Y
2026-06-09,22351,SBIN,U3,BOND 9.75% PA RET. S3,INE062A08033,1,1000000,2,0,1,0,985305600,0,0,1465491079,N
2026-06-09,22353,SBIN,U4,BOND 9.30% PA NON RET. S3,INE062A08041,1,1000000,2,0,1,0,985305600,0,0,1465491079,N
2026-06-09,22355,SBIN,U5,BOND 9.95% PA RET. S4,INE062A08058,1,1000000,2,0,3,0,985305600,0,0,1301159429,Y
2026-06-09,22357,SBIN,U6,BOND 9.45% PA NON RET. S4,INE062A08066,1,1000000,2,0,3,0,985305600,0,0,1301159429,Y
2026-06-10,11107,HDFCBANK,AF,HDFC BANK LTD,INE040A01034,1,100,0,0,1,0,1248566400,0,0,1465579282,N
2026-06-10,4813,HDFCBANK,BE,HDFC BANK-DEPO. SETT.,INE040A01034,1,100,0,0,1,0,551059200,0,0,1465579282,N
2026-06-10,12431,HDFCBANK,BL,HDFC BANK LTD,INE040A01034,999999999,100,0,0,1,0,816220800,0,0,1465579282,N
2026-06-10,1333,HDFCBANK,EQ,HDFC BANK LTD,INE040A01034,1,100,0,0,6,1,500256000,0,0,1465586470,N
2026-06-10,27835,HDFCBANK,IQ,HDFC BANK LTD.,INE040A01034,1,200,0,0,1,0,1029369600,0,0,1465577418,N
2026-06-10,17321,HDFCBANK,K3,HDFC BANK LIMITED,INE040A13013,600,55725,3,0,3,0,1374019200,0,0,1377280986,Y
2026-06-10,15854,HDFCBANK,RL,HDFC BANK LTD,INE040A01034,1,100,0,0,1,0,893203200,0,0,1465579282,N
2026-06-10,757205,HDFCBANK,T0,HDFC BANK LTD,INE040A01034,1,100,0,0,1,1,1433030400,0,0,1465577421,N
2026-06-10,757206,HDFCBANK,TL,HDFC BANK LTD,INE040A01034,999999999,100,0,0,1,0,1433030400,0,0,1465579282,N
2026-06-10,17320,HDFCBANK,W3,HDFC BANK LIMITED,INE040A13013,600,55725,3,0,3,0,1374019200,0,0,1377280986,Y
2026-06-10,11111,ICICIBANK,AF,ICICI BANK LTD.,INE090A01021,1,200,0,0,1,0,1248566400,0,0,1465579288,N
2026-06-10,4967,ICICIBANK,BE,ICICI BANK LTD DEPO SETT,INE090A01021,1,200,0,0,1,0,559526400,0,0,1465579288,N
2026-06-10,12458,ICICIBANK,BL,ICICI BANK LTD.,INE090A01021,999999999,200,0,0,1,0,816220800,0,0,1465579288,N
2026-06-10,4963,ICICIBANK,EQ,ICICI BANK LTD.,INE090A01021,1,200,0,0,6,1,559526400,0,0,1465586470,N
2026-06-10,27885,ICICIBANK,IQ,ICICI BANK LTD.,INE090A01021,1,1000,0,0,1,0,1029369600,0,0,1465579726,N
2026-06-10,15897,ICICIBANK,RL,ICICI BANK LTD.,INE090A01021,1,200,0,0,1,0,893203200,0,0,1465579288,N
2026-06-10,757217,ICICIBANK,T0,ICICI BANK LTD.,INE090A01021,1,200,0,0,1,1,1433030400,0,0,1465577421,N
2026-06-10,757218,ICICIBANK,TL,ICICI BANK LTD.,INE090A01021,999999999,200,0,0,1,0,1433030400,0,0,1465579288,N
2026-06-10,11117,LT,AF,LARSEN & TOUBRO LTD.,INE018A01030,1,200,0,0,1,0,1248566400,0,0,1465579296,N
2026-06-10,11484,LT,BE,LARSEN & TOUBRO LTD.,INE018A01030,1,200,0,0,1,0,772416000,0,0,1465579296,N
2026-06-10,12562,LT,BL,LARSEN & TOUBRO LTD.,INE018A01030,999999999,200,0,0,1,0,816220800,0,0,1465579296,N
2026-06-10,11483,LT,EQ,LARSEN & TOUBRO LTD.,INE018A01030,1,200,0,0,6,1,772416000,0,0,1465586470,N
2026-06-10,28092,LT,IQ,LARSEN & TOUBRO LIMITED,INE018A01030,1,200,0,0,1,0,1029369600,0,0,1465577418,N
2026-06-10,16070,LT,RL,LARSEN & TOUBRO LTD.,INE018A01030,1,200,0,0,1,0,893203200,0,0,1465579296,N
2026-06-10,757249,LT,T0,LARSEN & TOUBRO LTD.,INE018A01030,1,200,0,0,1,1,1433030400,0,0,1465577421,N
2026-06-10,757250,LT,TL,LARSEN & TOUBRO LTD.,INE018A01030,999999999,200,0,0,1,0,1433030400,0,0,1465579296,N
2026-06-10,11139,RELIANCE,AF,RELIANCE INDUSTRIES LTD,INE002A01018,1,1000,0,0,1,0,1248566400,0,0,1465579285,N
2026-06-10,4615,RELIANCE,BE,RELIANCE IND DEPO-SETT,INE002A01018,1,1000,0,0,1,0,502070400,0,0,1465579285,N
2026-06-10,12713,RELIANCE,BL,RELIANCE INDUSTRIES LTD,INE002A01018,999999999,1000,0,0,1,0,816220800,0,0,1465579285,N
2026-06-10,2885,RELIANCE,EQ,RELIANCE INDUSTRIES LTD,INE002A01018,1,1000,0,0,6,1,502070400,0,0,1465586470,N
2026-06-10,28389,RELIANCE,IQ,RELIANCE INDUSTRIES LTD,INE002A01018,1,1000,0,0,1,0,1029369600,0,0,1465577418,N
2026-06-10,16328,RELIANCE,RL,RELIANCE INDUSTRIES LTD,INE002A01018,1,1000,0,0,1,0,893203200,0,0,1465579285,N
2026-06-10,757287,RELIANCE,T0,RELIANCE INDUSTRIES LTD,INE002A01018,1,1000,0,0,1,1,1433030400,0,0,1465577421,N
2026-06-10,757288,RELIANCE,TL,RELIANCE INDUSTRIES LTD,INE002A01018,999999999,1000,0,0,1,0,1433030400,0,0,1465579285,N
2026-06-10,11128,SBIN,AF,STATE BANK OF INDIA,INE062A01020,1,100,0,0,1,0,1248566400,0,0,1465579285,N
2026-06-10,4884,SBIN,BE,SBIN - DEPO SETT,INE062A01020,1,100,0,0,1,0,554688000,0,0,1465579285,N
2026-06-10,12740,SBIN,BL,STATE BANK OF INDIA,INE062A01020,999999999,100,0,0,1,0,816220800,0,0,1465579285,N
2026-06-10,3045,SBIN,EQ,STATE BANK OF INDIA,INE062A01020,1,100,0,0,6,1,478483200,0,0,1465586470,N
2026-06-10,28450,SBIN,IQ,STATE BANK OF INDIA,INE062A01020,1,1000,0,0,1,0,1029369600,0,0,1465579726,N
2026-06-10,20520,SBIN,N2,BOND 9.50% PA SERIES 2,INE062A08025,1,1000000,2,0,3,0,973987200,0,0,1298742279,Y
2026-06-10,22350,SBIN,N3,BOND 9.75% PA RET. S3,INE062A08033,1,1000000,2,0,3,0,985305600,0,0,1340475767,Y
2026-06-10,22352,SBIN,N4,BOND 9.30% PA NON RET. S3,INE062A08041,1,1000000,2,0,3,0,985305600,0,0,1340475767,Y
2026-06-10,22354,SBIN,N5,BOND 9.95% PA RET. S4,INE062A08058,1,1000000,2,0,3,0,985305600,0,0,1301159429,Y
2026-06-10,22356,SBIN,N6,BOND 9.45% PA NON RET. S4,INE062A08066,1,1000000,2,0,3,0,985305600,0,0,1301159429,Y
2026-06-10,16382,SBIN,RL,STATE BANK OF INDIA,INE062A01020,1,100,0,0,1,0,893203200,0,0,1465579285,N
2026-06-10,23256,SBIN,T0,STATE BANK OF INDIA,INE062A01020,1,100,0,0,1,1,1396051200,0,0,1465577417,N
2026-06-10,756131,SBIN,TL,STATE BANK OF INDIA,INE062A01020,999999999,100,0,0,1,0,1430611200,0,0,1465579285,N
2026-06-10,20521,SBIN,U2,BOND 9.50% PA SERIES 2,INE062A08025,1,1000000,2,0,3,0,973987200,0,0,1298742279,Y
2026-06-10,22351,SBIN,U3,BOND 9.75% PA RET. S3,INE062A08033,1,1000000,2,0,1,0,985305600,0,0,1465577417,N
2026-06-10,22353,SBIN,U4,BOND 9.30% PA NON RET. S3,INE062A08041,1,1000000,2,0,1,0,985305600,0,0,1465577417,N
2026-06-10,22355,SBIN,U5,BOND 9.95% PA RET. S4,INE062A08058,1,1000000,2,0,3,0,985305600,0,0,1301159429,Y
2026-06-10,22357,SBIN,U6,BOND 9.45% PA NON RET. S4,INE062A08066,1,1000000,2,0,3,0,985305600,0,0,1301159429,Y
2026-06-11,11107,HDFCBANK,AF,HDFC BANK LTD,INE040A01034,1,100,0,0,1,0,1248566400,0,0,1465675751,N
2026-06-11,4813,HDFCBANK,BE,HDFC BANK-DEPO. SETT.,INE040A01034,1,100,0,0,1,0,551059200,0,0,1465675751,N
2026-06-11,12431,HDFCBANK,BL,HDFC BANK LTD,INE040A01034,999999999,100,0,0,1,0,816220800,0,0,1465675751,N
2026-06-11,1333,HDFCBANK,EQ,HDFC BANK LTD,INE040A01034,1,100,0,0,6,1,500256000,0,0,1465682619,N
2026-06-11,27835,HDFCBANK,IQ,HDFC BANK LTD.,INE040A01034,1,200,0,0,1,0,1029369600,0,0,1465664084,N
2026-06-11,17321,HDFCBANK,K3,HDFC BANK LIMITED,INE040A13013,600,55725,3,0,3,0,1374019200,0,0,1377280986,Y
2026-06-11,15854,HDFCBANK,RL,HDFC BANK LTD,INE040A01034,1,100,0,0,1,0,893203200,0,0,1465675751,N
2026-06-11,757205,HDFCBANK,T0,HDFC BANK LTD,INE040A01034,1,100,0,0,1,1,1433030400,0,0,1465664087,N
2026-06-11,757206,HDFCBANK,TL,HDFC BANK LTD,INE040A01034,999999999,100,0,0,1,0,1433030400,0,0,1465675751,N
2026-06-11,17320,HDFCBANK,W3,HDFC BANK LIMITED,INE040A13013,600,55725,3,0,3,0,1374019200,0,0,1377280986,Y
2026-06-11,11111,ICICIBANK,AF,ICICI BANK LTD.,INE090A01021,1,200,0,0,1,0,1248566400,0,0,1465675809,N
2026-06-11,4967,ICICIBANK,BE,ICICI BANK LTD DEPO SETT,INE090A01021,1,200,0,0,1,0,559526400,0,0,1465675809,N
2026-06-11,12458,ICICIBANK,BL,ICICI BANK LTD.,INE090A01021,999999999,200,0,0,1,0,816220800,0,0,1465675809,N
2026-06-11,4963,ICICIBANK,EQ,ICICI BANK LTD.,INE090A01021,1,200,0,0,6,1,559526400,0,0,1465682619,N
2026-06-11,27885,ICICIBANK,IQ,ICICI BANK LTD.,INE090A01021,1,1000,0,0,1,0,1029369600,0,0,1465676446,N
2026-06-11,15897,ICICIBANK,RL,ICICI BANK LTD.,INE090A01021,1,200,0,0,1,0,893203200,0,0,1465675809,N
2026-06-11,757217,ICICIBANK,T0,ICICI BANK LTD.,INE090A01021,1,200,0,0,1,1,1433030400,0,0,1465664087,N
2026-06-11,757218,ICICIBANK,TL,ICICI BANK LTD.,INE090A01021,999999999,200,0,0,1,0,1433030400,0,0,1465675809,N
2026-06-11,11117,LT,AF,LARSEN & TOUBRO LTD.,INE018A01030,1,200,0,0,1,0,1248566400,0,0,1465675817,N
2026-06-11,11484,LT,BE,LARSEN & TOUBRO LTD.,INE018A01030,1,200,0,0,1,0,772416000,0,0,1465675817,N
2026-06-11,12562,LT,BL,LARSEN & TOUBRO LTD.,INE018A01030,999999999,200,0,0,1,0,816220800,0,0,1465675817,N
2026-06-11,11483,LT,EQ,LARSEN & TOUBRO LTD.,INE018A01030,1,200,0,0,6,1,772416000,0,0,1465682620,N
2026-06-11,28092,LT,IQ,LARSEN & TOUBRO LIMITED,INE018A01030,1,200,0,0,1,0,1029369600,0,0,1465664084,N
2026-06-11,16070,LT,RL,LARSEN & TOUBRO LTD.,INE018A01030,1,200,0,0,1,0,893203200,0,0,1465675817,N
2026-06-11,757249,LT,T0,LARSEN & TOUBRO LTD.,INE018A01030,1,200,0,0,1,1,1433030400,0,0,1465664087,N
2026-06-11,757250,LT,TL,LARSEN & TOUBRO LTD.,INE018A01030,999999999,200,0,0,1,0,1433030400,0,0,1465675817,N
2026-06-11,11139,RELIANCE,AF,RELIANCE INDUSTRIES LTD,INE002A01018,1,1000,0,0,1,0,1248566400,0,0,1465675780,N
2026-06-11,4615,RELIANCE,BE,RELIANCE IND DEPO-SETT,INE002A01018,1,1000,0,0,1,0,502070400,0,0,1465675780,N
2026-06-11,12713,RELIANCE,BL,RELIANCE INDUSTRIES LTD,INE002A01018,999999999,1000,0,0,1,0,816220800,0,0,1465675780,N
2026-06-11,2885,RELIANCE,EQ,RELIANCE INDUSTRIES LTD,INE002A01018,1,1000,0,0,6,1,502070400,0,0,1465682620,N
2026-06-11,28389,RELIANCE,IQ,RELIANCE INDUSTRIES LTD,INE002A01018,1,1000,0,0,1,0,1029369600,0,0,1465664084,N
2026-06-11,16328,RELIANCE,RL,RELIANCE INDUSTRIES LTD,INE002A01018,1,1000,0,0,1,0,893203200,0,0,1465675780,N
2026-06-11,757287,RELIANCE,T0,RELIANCE INDUSTRIES LTD,INE002A01018,1,1000,0,0,1,1,1433030400,0,0,1465664087,N
2026-06-11,757288,RELIANCE,TL,RELIANCE INDUSTRIES LTD,INE002A01018,999999999,1000,0,0,1,0,1433030400,0,0,1465675780,N
2026-06-11,11128,SBIN,AF,STATE BANK OF INDIA,INE062A01020,1,100,0,0,1,0,1248566400,0,0,1465675780,N
2026-06-11,4884,SBIN,BE,SBIN - DEPO SETT,INE062A01020,1,100,0,0,1,0,554688000,0,0,1465675780,N
2026-06-11,12740,SBIN,BL,STATE BANK OF INDIA,INE062A01020,999999999,100,0,0,1,0,816220800,0,0,1465675780,N
2026-06-11,3045,SBIN,EQ,STATE BANK OF INDIA,INE062A01020,1,100,0,0,6,1,478483200,0,0,1465682620,N
2026-06-11,28450,SBIN,IQ,STATE BANK OF INDIA,INE062A01020,1,1000,0,0,1,0,1029369600,0,0,1465664084,N
2026-06-11,20520,SBIN,N2,BOND 9.50% PA SERIES 2,INE062A08025,1,1000000,2,0,3,0,973987200,0,0,1298742279,Y
2026-06-11,22350,SBIN,N3,BOND 9.75% PA RET. S3,INE062A08033,1,1000000,2,0,3,0,985305600,0,0,1340475767,Y
2026-06-11,22352,SBIN,N4,BOND 9.30% PA NON RET. S3,INE062A08041,1,1000000,2,0,3,0,985305600,0,0,1340475767,Y
2026-06-11,22354,SBIN,N5,BOND 9.95% PA RET. S4,INE062A08058,1,1000000,2,0,3,0,985305600,0,0,1301159429,Y
2026-06-11,22356,SBIN,N6,BOND 9.45% PA NON RET. S4,INE062A08066,1,1000000,2,0,3,0,985305600,0,0,1301159429,Y
2026-06-11,16382,SBIN,RL,STATE BANK OF INDIA,INE062A01020,1,100,0,0,1,0,893203200,0,0,1465675780,N
2026-06-11,23256,SBIN,T0,STATE BANK OF INDIA,INE062A01020,1,100,0,0,1,1,1396051200,0,0,1465664083,N
2026-06-11,756131,SBIN,TL,STATE BANK OF INDIA,INE062A01020,999999999,100,0,0,1,0,1430611200,0,0,1465675780,N
2026-06-11,20521,SBIN,U2,BOND 9.50% PA SERIES 2,INE062A08025,1,1000000,2,0,3,0,973987200,0,0,1298742279,Y
2026-06-11,22351,SBIN,U3,BOND 9.75% PA RET. S3,INE062A08033,1,1000000,2,0,1,0,985305600,0,0,1465664083,N
2026-06-11,22353,SBIN,U4,BOND 9.30% PA NON RET. S3,INE062A08041,1,1000000,2,0,1,0,985305600,0,0,1465664083,N
2026-06-11,22355,SBIN,U5,BOND 9.95% PA RET. S4,INE062A08058,1,1000000,2,0,3,0,985305600,0,0,1301159429,Y
2026-06-11,22357,SBIN,U6,BOND 9.45% PA NON RET. S4,INE062A08066,1,1000000,2,0,3,0,985305600,0,0,1301159429,Y
2026-06-12,11107,HDFCBANK,AF,HDFC BANK LTD,INE040A01034,1,100,0,0,1,0,1248566400,0,0,1465754658,N
2026-06-12,4813,HDFCBANK,BE,HDFC BANK-DEPO. SETT.,INE040A01034,1,100,0,0,1,0,551059200,0,0,1465754658,N
2026-06-12,12431,HDFCBANK,BL,HDFC BANK LTD,INE040A01034,999999999,100,0,0,1,0,816220800,0,0,1465754658,N
2026-06-12,1333,HDFCBANK,EQ,HDFC BANK LTD,INE040A01034,1,100,0,0,6,1,500256000,0,0,1465756378,N
2026-06-12,27835,HDFCBANK,IQ,HDFC BANK LTD.,INE040A01034,1,200,0,0,1,0,1029369600,0,0,1465757012,N
2026-06-12,17321,HDFCBANK,K3,HDFC BANK LIMITED,INE040A13013,600,55725,3,0,3,0,1374019200,0,0,1377280986,Y
2026-06-12,15854,HDFCBANK,RL,HDFC BANK LTD,INE040A01034,1,100,0,0,1,0,893203200,0,0,1465754658,N
2026-06-12,757205,HDFCBANK,T0,HDFC BANK LTD,INE040A01034,1,100,0,0,1,1,1433030400,0,0,1465750192,N
2026-06-12,757206,HDFCBANK,TL,HDFC BANK LTD,INE040A01034,999999999,100,0,0,1,0,1433030400,0,0,1465754658,N
2026-06-12,17320,HDFCBANK,W3,HDFC BANK LIMITED,INE040A13013,600,55725,3,0,3,0,1374019200,0,0,1377280986,Y
2026-06-12,11111,ICICIBANK,AF,ICICI BANK LTD.,INE090A01021,1,200,0,0,1,0,1248566400,0,0,1465754716,N
2026-06-12,4967,ICICIBANK,BE,ICICI BANK LTD DEPO SETT,INE090A01021,1,200,0,0,1,0,559526400,0,0,1465754716,N
2026-06-12,12458,ICICIBANK,BL,ICICI BANK LTD.,INE090A01021,999999999,200,0,0,1,0,816220800,0,0,1465754716,N
2026-06-12,4963,ICICIBANK,EQ,ICICI BANK LTD.,INE090A01021,1,200,0,0,6,1,559526400,0,0,1465756378,N
2026-06-12,27885,ICICIBANK,IQ,ICICI BANK LTD.,INE090A01021,1,1000,0,0,1,0,1029369600,0,0,1465757012,N
2026-06-12,15897,ICICIBANK,RL,ICICI BANK LTD.,INE090A01021,1,200,0,0,1,0,893203200,0,0,1465754716,N
2026-06-12,757217,ICICIBANK,T0,ICICI BANK LTD.,INE090A01021,1,200,0,0,1,1,1433030400,0,0,1465750192,N
2026-06-12,757218,ICICIBANK,TL,ICICI BANK LTD.,INE090A01021,999999999,200,0,0,1,0,1433030400,0,0,1465754716,N
2026-06-12,11117,LT,AF,LARSEN & TOUBRO LTD.,INE018A01030,1,200,0,0,1,0,1248566400,0,0,1465757011,N
2026-06-12,11484,LT,BE,LARSEN & TOUBRO LTD.,INE018A01030,1,200,0,0,1,0,772416000,0,0,1465757011,N
2026-06-12,12562,LT,BL,LARSEN & TOUBRO LTD.,INE018A01030,999999999,200,0,0,1,0,816220800,0,0,1465754724,N
2026-06-12,11483,LT,EQ,LARSEN & TOUBRO LTD.,INE018A01030,1,200,0,0,6,1,772416000,0,0,1465757011,N
2026-06-12,28092,LT,IQ,LARSEN & TOUBRO LIMITED,INE018A01030,1,200,0,0,1,0,1029369600,0,0,1465757012,N
2026-06-12,16070,LT,RL,LARSEN & TOUBRO LTD.,INE018A01030,1,200,0,0,1,0,893203200,0,0,1465757011,N
2026-06-12,757249,LT,T0,LARSEN & TOUBRO LTD.,INE018A01030,1,200,0,0,1,1,1433030400,0,0,1465757013,N
2026-06-12,757250,LT,TL,LARSEN & TOUBRO LTD.,INE018A01030,999999999,200,0,0,1,0,1433030400,0,0,1465754724,N
2026-06-12,11139,RELIANCE,AF,RELIANCE INDUSTRIES LTD,INE002A01018,1,1000,0,0,1,0,1248566400,0,0,1465754687,N
2026-06-12,4615,RELIANCE,BE,RELIANCE IND DEPO-SETT,INE002A01018,1,1000,0,0,1,0,502070400,0,0,1465754687,N
2026-06-12,12713,RELIANCE,BL,RELIANCE INDUSTRIES LTD,INE002A01018,999999999,1000,0,0,1,0,816220800,0,0,1465754687,N
2026-06-12,2885,RELIANCE,EQ,RELIANCE INDUSTRIES LTD,INE002A01018,1,1000,0,0,6,1,502070400,0,0,1465756378,N
2026-06-12,28389,RELIANCE,IQ,RELIANCE INDUSTRIES LTD,INE002A01018,1,1000,0,0,1,0,1029369600,0,0,1465750189,N
2026-06-12,16328,RELIANCE,RL,RELIANCE INDUSTRIES LTD,INE002A01018,1,1000,0,0,1,0,893203200,0,0,1465754687,N
2026-06-12,757287,RELIANCE,T0,RELIANCE INDUSTRIES LTD,INE002A01018,1,1000,0,0,1,1,1433030400,0,0,1465750192,N
2026-06-12,757288,RELIANCE,TL,RELIANCE INDUSTRIES LTD,INE002A01018,999999999,1000,0,0,1,0,1433030400,0,0,1465754687,N
2026-06-12,11128,SBIN,AF,STATE BANK OF INDIA,INE062A01020,1,100,0,0,1,0,1248566400,0,0,1465754687,N
2026-06-12,4884,SBIN,BE,SBIN - DEPO SETT,INE062A01020,1,100,0,0,1,0,554688000,0,0,1465754687,N
2026-06-12,12740,SBIN,BL,STATE BANK OF INDIA,INE062A01020,999999999,100,0,0,1,0,816220800,0,0,1465754687,N
2026-06-12,3045,SBIN,EQ,STATE BANK OF INDIA,INE062A01020,1,100,0,0,6,1,478483200,0,0,1465756378,N
2026-06-12,28450,SBIN,IQ,STATE BANK OF INDIA,INE062A01020,1,1000,0,0,1,0,1029369600,0,0,1465750189,N
2026-06-12,20520,SBIN,N2,BOND 9.50% PA SERIES 2,INE062A08025,1,1000000,2,0,3,0,973987200,0,0,1298742279,Y
2026-06-12,22350,SBIN,N3,BOND 9.75% PA RET. S3,INE062A08033,1,1000000,2,0,3,0,985305600,0,0,1340475767,Y
2026-06-12,22352,SBIN,N4,BOND 9.30% PA NON RET. S3,INE062A08041,1,1000000,2,0,3,0,985305600,0,0,1340475767,Y
2026-06-12,22354,SBIN,N5,BOND 9.95% PA RET. S4,INE062A08058,1,1000000,2,0,3,0,985305600,0,0,1301159429,Y
2026-06-12,22356,SBIN,N6,BOND 9.45% PA NON RET. S4,INE062A08066,1,1000000,2,0,3,0,985305600,0,0,1301159429,Y
2026-06-12,16382,SBIN,RL,STATE BANK OF INDIA,INE062A01020,1,100,0,0,1,0,893203200,0,0,1465754687,N
2026-06-12,23256,SBIN,T0,STATE BANK OF INDIA,INE062A01020,1,100,0,0,1,1,1396051200,0,0,1465750188,N
2026-06-12,756131,SBIN,TL,STATE BANK OF INDIA,INE062A01020,999999999,100,0,0,1,0,1430611200,0,0,1465754687,N
2026-06-12,20521,SBIN,U2,BOND 9.50% PA SERIES 2,INE062A08025,1,1000000,2,0,3,0,973987200,0,0,1298742279,Y
2026-06-12,22351,SBIN,U3,BOND 9.75% PA RET. S3,INE062A08033,1,1000000,2,0,1,0,985305600,0,0,1465750188,N
2026-06-12,22353,SBIN,U4,BOND 9.30% PA NON RET. S3,INE062A08041,1,1000000,2,0,1,0,985305600,0,0,1465750188,N
2026-06-12,22355,SBIN,U5,BOND 9.95% PA RET. S4,INE062A08058,1,1000000,2,0,3,0,985305600,0,0,1301159429,Y
2026-06-12,22357,SBIN,U6,BOND 9.45% PA NON RET. S4,INE062A08066,1,1000000,2,0,3,0,985305600,0,0,1301159429,Y
2026-06-15,11107,HDFCBANK,AF,HDFC BANK LTD,INE040A01034,1,100,0,0,1,0,1248566400,0,0,1466014922,N
2026-06-15,4813,HDFCBANK,BE,HDFC BANK-DEPO. SETT.,INE040A01034,1,100,0,0,1,0,551059200,0,0,1466014922,N
2026-06-15,12431,HDFCBANK,BL,HDFC BANK LTD,INE040A01034,999999999,100,0,0,1,0,816220800,0,0,1466014922,N
2026-06-15,1333,HDFCBANK,EQ,HDFC BANK LTD,INE040A01034,1,100,0,0,6,1,500256000,0,0,1466015045,N
2026-06-15,27835,HDFCBANK,IQ,HDFC BANK LTD.,INE040A01034,1,200,0,0,1,0,1029369600,0,0,1466009750,N
2026-06-15,17321,HDFCBANK,K3,HDFC BANK LIMITED,INE040A13013,600,55725,3,0,3,0,1374019200,0,0,1377280986,Y
2026-06-15,15854,HDFCBANK,RL,HDFC BANK LTD,INE040A01034,1,100,0,0,1,0,893203200,0,0,1466014922,N
2026-06-15,757205,HDFCBANK,T0,HDFC BANK LTD,INE040A01034,1,100,0,0,1,1,1433030400,0,0,1466009753,N
2026-06-15,757206,HDFCBANK,TL,HDFC BANK LTD,INE040A01034,999999999,100,0,0,1,0,1433030400,0,0,1466014922,N
2026-06-15,17320,HDFCBANK,W3,HDFC BANK LIMITED,INE040A13013,600,55725,3,0,3,0,1374019200,0,0,1377280986,Y
2026-06-15,11111,ICICIBANK,AF,ICICI BANK LTD.,INE090A01021,1,200,0,0,1,0,1248566400,0,0,1466014955,N
2026-06-15,4967,ICICIBANK,BE,ICICI BANK LTD DEPO SETT,INE090A01021,1,200,0,0,1,0,559526400,0,0,1466014954,N
2026-06-15,12458,ICICIBANK,BL,ICICI BANK LTD.,INE090A01021,999999999,200,0,0,1,0,816220800,0,0,1466014954,N
2026-06-15,4963,ICICIBANK,EQ,ICICI BANK LTD.,INE090A01021,1,200,0,0,6,1,559526400,0,0,1466015046,N
2026-06-15,27885,ICICIBANK,IQ,ICICI BANK LTD.,INE090A01021,1,1000,0,0,1,0,1029369600,0,0,1466016038,N
2026-06-15,15897,ICICIBANK,RL,ICICI BANK LTD.,INE090A01021,1,200,0,0,1,0,893203200,0,0,1466014955,N
2026-06-15,757217,ICICIBANK,T0,ICICI BANK LTD.,INE090A01021,1,200,0,0,1,1,1433030400,0,0,1466009753,N
2026-06-15,757218,ICICIBANK,TL,ICICI BANK LTD.,INE090A01021,999999999,200,0,0,1,0,1433030400,0,0,1466014955,N
2026-06-15,11117,LT,AF,LARSEN & TOUBRO LTD.,INE018A01030,1,200,0,0,1,0,1248566400,0,0,1466014962,N
2026-06-15,11484,LT,BE,LARSEN & TOUBRO LTD.,INE018A01030,1,200,0,0,1,0,772416000,0,0,1466014962,N
2026-06-15,12562,LT,BL,LARSEN & TOUBRO LTD.,INE018A01030,999999999,200,0,0,1,0,816220800,0,0,1466014962,N
2026-06-15,11483,LT,EQ,LARSEN & TOUBRO LTD.,INE018A01030,1,200,0,0,6,1,772416000,0,0,1466015046,N
2026-06-15,28092,LT,IQ,LARSEN & TOUBRO LIMITED,INE018A01030,1,200,0,0,1,0,1029369600,0,0,1466016038,N
2026-06-15,16070,LT,RL,LARSEN & TOUBRO LTD.,INE018A01030,1,200,0,0,1,0,893203200,0,0,1466014962,N
2026-06-15,757249,LT,T0,LARSEN & TOUBRO LTD.,INE018A01030,1,200,0,0,1,1,1433030400,0,0,1466009753,N
2026-06-15,757250,LT,TL,LARSEN & TOUBRO LTD.,INE018A01030,999999999,200,0,0,1,0,1433030400,0,0,1466014962,N
2026-06-15,11139,RELIANCE,AF,RELIANCE INDUSTRIES LTD,INE002A01018,1,1000,0,0,1,0,1248566400,0,0,1466014951,N
2026-06-15,4615,RELIANCE,BE,RELIANCE IND DEPO-SETT,INE002A01018,1,1000,0,0,1,0,502070400,0,0,1466014951,N
2026-06-15,12713,RELIANCE,BL,RELIANCE INDUSTRIES LTD,INE002A01018,999999999,1000,0,0,1,0,816220800,0,0,1466014951,N
2026-06-15,2885,RELIANCE,EQ,RELIANCE INDUSTRIES LTD,INE002A01018,1,1000,0,0,6,1,502070400,0,0,1466015046,N
2026-06-15,28389,RELIANCE,IQ,RELIANCE INDUSTRIES LTD,INE002A01018,1,1000,0,0,1,0,1029369600,0,0,1466016038,N
2026-06-15,16328,RELIANCE,RL,RELIANCE INDUSTRIES LTD,INE002A01018,1,1000,0,0,1,0,893203200,0,0,1466014951,N
2026-06-15,757287,RELIANCE,T0,RELIANCE INDUSTRIES LTD,INE002A01018,1,1000,0,0,1,1,1433030400,0,0,1466009753,N
2026-06-15,757288,RELIANCE,TL,RELIANCE INDUSTRIES LTD,INE002A01018,999999999,1000,0,0,1,0,1433030400,0,0,1466014951,N
2026-06-15,11128,SBIN,AF,STATE BANK OF INDIA,INE062A01020,1,100,0,0,1,0,1248566400,0,0,1466014951,N
2026-06-15,4884,SBIN,BE,SBIN - DEPO SETT,INE062A01020,1,100,0,0,1,0,554688000,0,0,1466014951,N
2026-06-15,12740,SBIN,BL,STATE BANK OF INDIA,INE062A01020,999999999,100,0,0,1,0,816220800,0,0,1466014951,N
2026-06-15,3045,SBIN,EQ,STATE BANK OF INDIA,INE062A01020,1,100,0,0,6,1,478483200,0,0,1466015046,N
2026-06-15,28450,SBIN,IQ,STATE BANK OF INDIA,INE062A01020,1,1000,0,0,1,0,1029369600,0,0,1466016038,N
2026-06-15,20520,SBIN,N2,BOND 9.50% PA SERIES 2,INE062A08025,1,1000000,2,0,3,0,973987200,0,0,1298742279,Y
2026-06-15,22350,SBIN,N3,BOND 9.75% PA RET. S3,INE062A08033,1,1000000,2,0,3,0,985305600,0,0,1340475767,Y
2026-06-15,22352,SBIN,N4,BOND 9.30% PA NON RET. S3,INE062A08041,1,1000000,2,0,3,0,985305600,0,0,1340475767,Y
2026-06-15,22354,SBIN,N5,BOND 9.95% PA RET. S4,INE062A08058,1,1000000,2,0,3,0,985305600,0,0,1301159429,Y
2026-06-15,22356,SBIN,N6,BOND 9.45% PA NON RET. S4,INE062A08066,1,1000000,2,0,3,0,985305600,0,0,1301159429,Y
2026-06-15,16382,SBIN,RL,STATE BANK OF INDIA,INE062A01020,1,100,0,0,1,0,893203200,0,0,1466014951,N
2026-06-15,23256,SBIN,T0,STATE BANK OF INDIA,INE062A01020,1,100,0,0,1,1,1396051200,0,0,1466009750,N
2026-06-15,756131,SBIN,TL,STATE BANK OF INDIA,INE062A01020,999999999,100,0,0,1,0,1430611200,0,0,1466014951,N
2026-06-15,20521,SBIN,U2,BOND 9.50% PA SERIES 2,INE062A08025,1,1000000,2,0,3,0,973987200,0,0,1298742279,Y
2026-06-15,22351,SBIN,U3,BOND 9.75% PA RET. S3,INE062A08033,1,1000000,2,0,1,0,985305600,0,0,1466009749,N
2026-06-15,22353,SBIN,U4,BOND 9.30% PA NON RET. S3,INE062A08041,1,1000000,2,0,1,0,985305600,0,0,1466009749,N
2026-06-15,22355,SBIN,U5,BOND 9.95% PA RET. S4,INE062A08058,1,1000000,2,0,3,0,985305600,0,0,1301159429,Y
2026-06-15,22357,SBIN,U6,BOND 9.45% PA NON RET. S4,INE062A08066,1,1000000,2,0,3,0,985305600,0,0,1301159429,Y
2026-06-16,11107,HDFCBANK,AF,HDFC BANK LTD,INE040A01034,1,100,0,0,1,0,1248566400,0,0,1466099655,N
2026-06-16,4813,HDFCBANK,BE,HDFC BANK-DEPO. SETT.,INE040A01034,1,100,0,0,1,0,551059200,0,0,1466099655,N
2026-06-16,12431,HDFCBANK,BL,HDFC BANK LTD,INE040A01034,999999999,100,0,0,1,0,816220800,0,0,1466099655,N
2026-06-16,1333,HDFCBANK,EQ,HDFC BANK LTD,INE040A01034,1,100,0,0,6,1,500256000,0,0,1466099890,N
2026-06-16,27835,HDFCBANK,IQ,HDFC BANK LTD.,INE040A01034,1,200,0,0,1,0,1029369600,0,0,1466101021,N
2026-06-16,17321,HDFCBANK,K3,HDFC BANK LIMITED,INE040A13013,600,55725,3,0,3,0,1374019200,0,0,1377280986,Y
2026-06-16,15854,HDFCBANK,RL,HDFC BANK LTD,INE040A01034,1,100,0,0,1,0,893203200,0,0,1466099655,N
2026-06-16,757205,HDFCBANK,T0,HDFC BANK LTD,INE040A01034,1,100,0,0,1,1,1433030400,0,0,1466096076,N
2026-06-16,757206,HDFCBANK,TL,HDFC BANK LTD,INE040A01034,999999999,100,0,0,1,0,1433030400,0,0,1466099655,N
2026-06-16,17320,HDFCBANK,W3,HDFC BANK LIMITED,INE040A13013,600,55725,3,0,3,0,1374019200,0,0,1377280986,Y
2026-06-16,11111,ICICIBANK,AF,ICICI BANK LTD.,INE090A01021,1,200,0,0,1,0,1248566400,0,0,1466099687,N
2026-06-16,4967,ICICIBANK,BE,ICICI BANK LTD DEPO SETT,INE090A01021,1,200,0,0,1,0,559526400,0,0,1466099687,N
2026-06-16,12458,ICICIBANK,BL,ICICI BANK LTD.,INE090A01021,999999999,200,0,0,1,0,816220800,0,0,1466099687,N
2026-06-16,4963,ICICIBANK,EQ,ICICI BANK LTD.,INE090A01021,1,200,0,0,6,1,559526400,0,0,1466099890,N
2026-06-16,27885,ICICIBANK,IQ,ICICI BANK LTD.,INE090A01021,1,1000,0,0,1,0,1029369600,0,0,1466101021,N
2026-06-16,15897,ICICIBANK,RL,ICICI BANK LTD.,INE090A01021,1,200,0,0,1,0,893203200,0,0,1466099687,N
2026-06-16,757217,ICICIBANK,T0,ICICI BANK LTD.,INE090A01021,1,200,0,0,1,1,1433030400,0,0,1466096076,N
2026-06-16,757218,ICICIBANK,TL,ICICI BANK LTD.,INE090A01021,999999999,200,0,0,1,0,1433030400,0,0,1466099687,N
2026-06-16,11117,LT,AF,LARSEN & TOUBRO LTD.,INE018A01030,1,200,0,0,1,0,1248566400,0,0,1466099694,N
2026-06-16,11484,LT,BE,LARSEN & TOUBRO LTD.,INE018A01030,1,200,0,0,1,0,772416000,0,0,1466099694,N
2026-06-16,12562,LT,BL,LARSEN & TOUBRO LTD.,INE018A01030,999999999,200,0,0,1,0,816220800,0,0,1466099694,N
2026-06-16,11483,LT,EQ,LARSEN & TOUBRO LTD.,INE018A01030,1,200,0,0,6,1,772416000,0,0,1466099890,N
2026-06-16,28092,LT,IQ,LARSEN & TOUBRO LIMITED,INE018A01030,1,200,0,0,1,0,1029369600,0,0,1466101021,N
2026-06-16,16070,LT,RL,LARSEN & TOUBRO LTD.,INE018A01030,1,200,0,0,1,0,893203200,0,0,1466099694,N
2026-06-16,757249,LT,T0,LARSEN & TOUBRO LTD.,INE018A01030,1,200,0,0,1,1,1433030400,0,0,1466096076,N
2026-06-16,757250,LT,TL,LARSEN & TOUBRO LTD.,INE018A01030,999999999,200,0,0,1,0,1433030400,0,0,1466099694,N
2026-06-16,11139,RELIANCE,AF,RELIANCE INDUSTRIES LTD,INE002A01018,1,1000,0,0,1,0,1248566400,0,0,1466099683,N
2026-06-16,4615,RELIANCE,BE,RELIANCE IND DEPO-SETT,INE002A01018,1,1000,0,0,1,0,502070400,0,0,1466099683,N
2026-06-16,12713,RELIANCE,BL,RELIANCE INDUSTRIES LTD,INE002A01018,999999999,1000,0,0,1,0,816220800,0,0,1466099683,N
2026-06-16,2885,RELIANCE,EQ,RELIANCE INDUSTRIES LTD,INE002A01018,1,1000,0,0,6,1,502070400,0,0,1466099890,N
2026-06-16,28389,RELIANCE,IQ,RELIANCE INDUSTRIES LTD,INE002A01018,1,1000,0,0,1,0,1029369600,0,0,1466096073,N
2026-06-16,16328,RELIANCE,RL,RELIANCE INDUSTRIES LTD,INE002A01018,1,1000,0,0,1,0,893203200,0,0,1466099683,N
2026-06-16,757287,RELIANCE,T0,RELIANCE INDUSTRIES LTD,INE002A01018,1,1000,0,0,1,1,1433030400,0,0,1466096076,N
2026-06-16,757288,RELIANCE,TL,RELIANCE INDUSTRIES LTD,INE002A01018,999999999,1000,0,0,1,0,1433030400,0,0,1466099683,N
2026-06-16,11128,SBIN,AF,STATE BANK OF INDIA,INE062A01020,1,100,0,0,1,0,1248566400,0,0,1466099684,N
2026-06-16,4884,SBIN,BE,SBIN - DEPO SETT,INE062A01020,1,100,0,0,1,0,554688000,0,0,1466099684,N
2026-06-16,12740,SBIN,BL,STATE BANK OF INDIA,INE062A01020,999999999,100,0,0,1,0,816220800,0,0,1466099684,N
2026-06-16,3045,SBIN,EQ,STATE BANK OF INDIA,INE062A01020,1,100,0,0,6,1,478483200,0,0,1466099890,N
2026-06-16,28450,SBIN,IQ,STATE BANK OF INDIA,INE062A01020,1,1000,0,0,1,0,1029369600,0,0,1466101021,N
2026-06-16,20520,SBIN,N2,BOND 9.50% PA SERIES 2,INE062A08025,1,1000000,2,0,3,0,973987200,0,0,1298742279,Y
2026-06-16,22350,SBIN,N3,BOND 9.75% PA RET. S3,INE062A08033,1,1000000,2,0,3,0,985305600,0,0,1340475767,Y
2026-06-16,22352,SBIN,N4,BOND 9.30% PA NON RET. S3,INE062A08041,1,1000000,2,0,3,0,985305600,0,0,1340475767,Y
2026-06-16,22354,SBIN,N5,BOND 9.95% PA RET. S4,INE062A08058,1,1000000,2,0,3,0,985305600,0,0,1301159429,Y
2026-06-16,22356,SBIN,N6,BOND 9.45% PA NON RET. S4,INE062A08066,1,1000000,2,0,3,0,985305600,0,0,1301159429,Y
2026-06-16,16382,SBIN,RL,STATE BANK OF INDIA,INE062A01020,1,100,0,0,1,0,893203200,0,0,1466099684,N
2026-06-16,23256,SBIN,T0,STATE BANK OF INDIA,INE062A01020,1,100,0,0,1,1,1396051200,0,0,1466096072,N
2026-06-16,756131,SBIN,TL,STATE BANK OF INDIA,INE062A01020,999999999,100,0,0,1,0,1430611200,0,0,1466099684,N
2026-06-16,20521,SBIN,U2,BOND 9.50% PA SERIES 2,INE062A08025,1,1000000,2,0,3,0,973987200,0,0,1298742279,Y
2026-06-16,22351,SBIN,U3,BOND 9.75% PA RET. S3,INE062A08033,1,1000000,2,0,1,0,985305600,0,0,1466096072,N
2026-06-16,22353,SBIN,U4,BOND 9.30% PA NON RET. S3,INE062A08041,1,1000000,2,0,1,0,985305600,0,0,1466096072,N
2026-06-16,22355,SBIN,U5,BOND 9.95% PA RET. S4,INE062A08058,1,1000000,2,0,3,0,985305600,0,0,1301159429,Y
2026-06-16,22357,SBIN,U6,BOND 9.45% PA NON RET. S4,INE062A08066,1,1000000,2,0,3,0,985305600,0,0,1301159429,Y
2026-06-17,11107,HDFCBANK,AF,HDFC BANK LTD,INE040A01034,1,100,0,0,1,0,1248566400,0,0,1466186321,N
2026-06-17,4813,HDFCBANK,BE,HDFC BANK-DEPO. SETT.,INE040A01034,1,100,0,0,1,0,551059200,0,0,1466186321,N
2026-06-17,12431,HDFCBANK,BL,HDFC BANK LTD,INE040A01034,999999999,100,0,0,1,0,816220800,0,0,1466186321,N
2026-06-17,1333,HDFCBANK,EQ,HDFC BANK LTD,INE040A01034,1,100,0,0,6,1,500256000,0,0,1466186528,N
2026-06-17,27835,HDFCBANK,IQ,HDFC BANK LTD.,INE040A01034,1,200,0,0,1,0,1029369600,0,0,1466183214,N
2026-06-17,17321,HDFCBANK,K3,HDFC BANK LIMITED,INE040A13013,600,55725,3,0,3,0,1374019200,0,0,1377280986,Y
2026-06-17,15854,HDFCBANK,RL,HDFC BANK LTD,INE040A01034,1,100,0,0,1,0,893203200,0,0,1466186321,N
2026-06-17,757205,HDFCBANK,T0,HDFC BANK LTD,INE040A01034,1,100,0,0,1,1,1433030400,0,0,1466183217,N
2026-06-17,757206,HDFCBANK,TL,HDFC BANK LTD,INE040A01034,999999999,100,0,0,1,0,1433030400,0,0,1466186321,N
2026-06-17,17320,HDFCBANK,W3,HDFC BANK LIMITED,INE040A13013,600,55725,3,0,3,0,1374019200,0,0,1377280986,Y
2026-06-17,11111,ICICIBANK,AF,ICICI BANK LTD.,INE090A01021,1,200,0,0,1,0,1248566400,0,0,1466186379,N
2026-06-17,4967,ICICIBANK,BE,ICICI BANK LTD DEPO SETT,INE090A01021,1,200,0,0,1,0,559526400,0,0,1466186379,N
2026-06-17,12458,ICICIBANK,BL,ICICI BANK LTD.,INE090A01021,999999999,200,0,0,1,0,816220800,0,0,1466186379,N
2026-06-17,4963,ICICIBANK,EQ,ICICI BANK LTD.,INE090A01021,1,200,0,0,6,1,559526400,0,0,1466186528,N
2026-06-17,27885,ICICIBANK,IQ,ICICI BANK LTD.,INE090A01021,1,1000,0,0,1,0,1029369600,0,0,1466187828,N
2026-06-17,15897,ICICIBANK,RL,ICICI BANK LTD.,INE090A01021,1,200,0,0,1,0,893203200,0,0,1466186379,N
2026-06-17,757217,ICICIBANK,T0,ICICI BANK LTD.,INE090A01021,1,200,0,0,1,1,1433030400,0,0,1466183217,N
2026-06-17,757218,ICICIBANK,TL,ICICI BANK LTD.,INE090A01021,999999999,200,0,0,1,0,1433030400,0,0,1466186379,N
2026-06-17,11117,LT,AF,LARSEN & TOUBRO LTD.,INE018A01030,1,200,0,0,1,0,1248566400,0,0,1466186386,N
2026-06-17,11484,LT,BE,LARSEN & TOUBRO LTD.,INE018A01030,1,200,0,0,1,0,772416000,0,0,1466186386,N
2026-06-17,12562,LT,BL,LARSEN & TOUBRO LTD.,INE018A01030,999999999,200,0,0,1,0,816220800,0,0,1466186386,N
2026-06-17,11483,LT,EQ,LARSEN & TOUBRO LTD.,INE018A01030,1,200,0,0,6,1,772416000,0,0,1466186528,N
2026-06-17,28092,LT,IQ,LARSEN & TOUBRO LIMITED,INE018A01030,1,200,0,0,1,0,1029369600,0,0,1466183214,N
2026-06-17,16070,LT,RL,LARSEN & TOUBRO LTD.,INE018A01030,1,200,0,0,1,0,893203200,0,0,1466186386,N
2026-06-17,757249,LT,T0,LARSEN & TOUBRO LTD.,INE018A01030,1,200,0,0,1,1,1433030400,0,0,1466183217,N
2026-06-17,757250,LT,TL,LARSEN & TOUBRO LTD.,INE018A01030,999999999,200,0,0,1,0,1433030400,0,0,1466186386,N
2026-06-17,11139,RELIANCE,AF,RELIANCE INDUSTRIES LTD,INE002A01018,1,1000,0,0,1,0,1248566400,0,0,1466186350,N
2026-06-17,4615,RELIANCE,BE,RELIANCE IND DEPO-SETT,INE002A01018,1,1000,0,0,1,0,502070400,0,0,1466186350,N
2026-06-17,12713,RELIANCE,BL,RELIANCE INDUSTRIES LTD,INE002A01018,999999999,1000,0,0,1,0,816220800,0,0,1466186350,N
2026-06-17,2885,RELIANCE,EQ,RELIANCE INDUSTRIES LTD,INE002A01018,1,1000,0,0,6,1,502070400,0,0,1466186529,N
2026-06-17,28389,RELIANCE,IQ,RELIANCE INDUSTRIES LTD,INE002A01018,1,1000,0,0,1,0,1029369600,0,0,1466183214,N
2026-06-17,16328,RELIANCE,RL,RELIANCE INDUSTRIES LTD,INE002A01018,1,1000,0,0,1,0,893203200,0,0,1466186350,N
2026-06-17,757287,RELIANCE,T0,RELIANCE INDUSTRIES LTD,INE002A01018,1,1000,0,0,1,1,1433030400,0,0,1466183217,N
2026-06-17,757288,RELIANCE,TL,RELIANCE INDUSTRIES LTD,INE002A01018,999999999,1000,0,0,1,0,1433030400,0,0,1466186350,N
2026-06-17,11128,SBIN,AF,STATE BANK OF INDIA,INE062A01020,1,100,0,0,1,0,1248566400,0,0,1466186350,N
2026-06-17,4884,SBIN,BE,SBIN - DEPO SETT,INE062A01020,1,100,0,0,1,0,554688000,0,0,1466186350,N
2026-06-17,12740,SBIN,BL,STATE BANK OF INDIA,INE062A01020,999999999,100,0,0,1,0,816220800,0,0,1466186350,N
2026-06-17,3045,SBIN,EQ,STATE BANK OF INDIA,INE062A01020,1,100,0,0,6,1,478483200,0,0,1466186529,N
2026-06-17,28450,SBIN,IQ,STATE BANK OF INDIA,INE062A01020,1,1000,0,0,1,0,1029369600,0,0,1466187828,N
2026-06-17,20520,SBIN,N2,BOND 9.50% PA SERIES 2,INE062A08025,1,1000000,2,0,3,0,973987200,0,0,1298742279,Y
2026-06-17,22350,SBIN,N3,BOND 9.75% PA RET. S3,INE062A08033,1,1000000,2,0,3,0,985305600,0,0,1340475767,Y
2026-06-17,22352,SBIN,N4,BOND 9.30% PA NON RET. S3,INE062A08041,1,1000000,2,0,3,0,985305600,0,0,1340475767,Y
2026-06-17,22354,SBIN,N5,BOND 9.95% PA RET. S4,INE062A08058,1,1000000,2,0,3,0,985305600,0,0,1301159429,Y
2026-06-17,22356,SBIN,N6,BOND 9.45% PA NON RET. S4,INE062A08066,1,1000000,2,0,3,0,985305600,0,0,1301159429,Y
2026-06-17,16382,SBIN,RL,STATE BANK OF INDIA,INE062A01020,1,100,0,0,1,0,893203200,0,0,1466186350,N
2026-06-17,23256,SBIN,T0,STATE BANK OF INDIA,INE062A01020,1,100,0,0,1,1,1396051200,0,0,1466183213,N
2026-06-17,756131,SBIN,TL,STATE BANK OF INDIA,INE062A01020,999999999,100,0,0,1,0,1430611200,0,0,1466186350,N
2026-06-17,20521,SBIN,U2,BOND 9.50% PA SERIES 2,INE062A08025,1,1000000,2,0,3,0,973987200,0,0,1298742279,Y
2026-06-17,22351,SBIN,U3,BOND 9.75% PA RET. S3,INE062A08033,1,1000000,2,0,1,0,985305600,0,0,1466183213,N
2026-06-17,22353,SBIN,U4,BOND 9.30% PA NON RET. S3,INE062A08041,1,1000000,2,0,1,0,985305600,0,0,1466183213,N
2026-06-17,22355,SBIN,U5,BOND 9.95% PA RET. S4,INE062A08058,1,1000000,2,0,3,0,985305600,0,0,1301159429,Y
2026-06-17,22357,SBIN,U6,BOND 9.45% PA NON RET. S4,INE062A08066,1,1000000,2,0,3,0,985305600,0,0,1301159429,Y
2026-06-18,11107,HDFCBANK,AF,HDFC BANK LTD,INE040A01034,1,100,0,0,1,0,1248566400,0,0,1466272679,N
2026-06-18,4813,HDFCBANK,BE,HDFC BANK-DEPO. SETT.,INE040A01034,1,100,0,0,1,0,551059200,0,0,1466272679,N
2026-06-18,12431,HDFCBANK,BL,HDFC BANK LTD,INE040A01034,999999999,100,0,0,1,0,816220800,0,0,1466272679,N
2026-06-18,1333,HDFCBANK,EQ,HDFC BANK LTD,INE040A01034,1,100,0,0,6,1,500256000,0,0,1466272888,N
2026-06-18,27835,HDFCBANK,IQ,HDFC BANK LTD.,INE040A01034,1,200,0,0,1,0,1029369600,0,0,1466273782,N
2026-06-18,17321,HDFCBANK,K3,HDFC BANK LIMITED,INE040A13013,600,55725,3,0,3,0,1374019200,0,0,1377280986,Y
2026-06-18,15854,HDFCBANK,RL,HDFC BANK LTD,INE040A01034,1,100,0,0,1,0,893203200,0,0,1466272679,N
2026-06-18,757205,HDFCBANK,T0,HDFC BANK LTD,INE040A01034,1,100,0,0,1,0,1433030400,0,0,1466272929,N
2026-06-18,757206,HDFCBANK,TL,HDFC BANK LTD,INE040A01034,999999999,100,0,0,1,0,1433030400,0,0,1466272929,N
2026-06-18,17320,HDFCBANK,W3,HDFC BANK LIMITED,INE040A13013,600,55725,3,0,3,0,1374019200,0,0,1377280986,Y
2026-06-18,11111,ICICIBANK,AF,ICICI BANK LTD.,INE090A01021,1,200,0,0,1,0,1248566400,0,0,1466272737,N
2026-06-18,4967,ICICIBANK,BE,ICICI BANK LTD DEPO SETT,INE090A01021,1,200,0,0,1,0,559526400,0,0,1466272737,N
2026-06-18,12458,ICICIBANK,BL,ICICI BANK LTD.,INE090A01021,999999999,200,0,0,1,0,816220800,0,0,1466272737,N
2026-06-18,4963,ICICIBANK,EQ,ICICI BANK LTD.,INE090A01021,1,200,0,0,6,1,559526400,0,0,1466272888,N
2026-06-18,27885,ICICIBANK,IQ,ICICI BANK LTD.,INE090A01021,1,1000,0,0,1,0,1029369600,0,0,1466269040,N
2026-06-18,15897,ICICIBANK,RL,ICICI BANK LTD.,INE090A01021,1,200,0,0,1,0,893203200,0,0,1466272737,N
2026-06-18,757217,ICICIBANK,T0,ICICI BANK LTD.,INE090A01021,1,200,0,0,1,1,1433030400,0,0,1466269043,N
2026-06-18,757218,ICICIBANK,TL,ICICI BANK LTD.,INE090A01021,999999999,200,0,0,1,0,1433030400,0,0,1466272737,N
2026-06-18,11117,LT,AF,LARSEN & TOUBRO LTD.,INE018A01030,1,200,0,0,1,0,1248566400,0,0,1466272744,N
2026-06-18,11484,LT,BE,LARSEN & TOUBRO LTD.,INE018A01030,1,200,0,0,1,0,772416000,0,0,1466272744,N
2026-06-18,12562,LT,BL,LARSEN & TOUBRO LTD.,INE018A01030,999999999,200,0,0,1,0,816220800,0,0,1466272744,N
2026-06-18,11483,LT,EQ,LARSEN & TOUBRO LTD.,INE018A01030,1,200,0,0,6,1,772416000,0,0,1466272888,N
2026-06-18,28092,LT,IQ,LARSEN & TOUBRO LIMITED,INE018A01030,1,200,0,0,1,0,1029369600,0,0,1466269040,N
2026-06-18,16070,LT,RL,LARSEN & TOUBRO LTD.,INE018A01030,1,200,0,0,1,0,893203200,0,0,1466272744,N
2026-06-18,757249,LT,T0,LARSEN & TOUBRO LTD.,INE018A01030,1,200,0,0,1,1,1433030400,0,0,1466269043,N
2026-06-18,757250,LT,TL,LARSEN & TOUBRO LTD.,INE018A01030,999999999,200,0,0,1,0,1433030400,0,0,1466272744,N
2026-06-18,11139,RELIANCE,AF,RELIANCE INDUSTRIES LTD,INE002A01018,1,1000,0,0,1,0,1248566400,0,0,1466272708,N
2026-06-18,4615,RELIANCE,BE,RELIANCE IND DEPO-SETT,INE002A01018,1,1000,0,0,1,0,502070400,0,0,1466272708,N
2026-06-18,12713,RELIANCE,BL,RELIANCE INDUSTRIES LTD,INE002A01018,999999999,1000,0,0,1,0,816220800,0,0,1466272708,N
2026-06-18,2885,RELIANCE,EQ,RELIANCE INDUSTRIES LTD,INE002A01018,1,1000,0,0,6,1,502070400,0,0,1466272888,N
2026-06-18,28389,RELIANCE,IQ,RELIANCE INDUSTRIES LTD,INE002A01018,1,1000,0,0,1,0,1029369600,0,0,1466269040,N
2026-06-18,16328,RELIANCE,RL,RELIANCE INDUSTRIES LTD,INE002A01018,1,1000,0,0,1,0,893203200,0,0,1466272708,N
2026-06-18,757287,RELIANCE,T0,RELIANCE INDUSTRIES LTD,INE002A01018,1,1000,0,0,1,1,1433030400,0,0,1466269043,N
2026-06-18,757288,RELIANCE,TL,RELIANCE INDUSTRIES LTD,INE002A01018,999999999,1000,0,0,1,0,1433030400,0,0,1466272708,N
2026-06-18,11128,SBIN,AF,STATE BANK OF INDIA,INE062A01020,1,100,0,0,1,0,1248566400,0,0,1466272708,N
2026-06-18,4884,SBIN,BE,SBIN - DEPO SETT,INE062A01020,1,100,0,0,1,0,554688000,0,0,1466272708,N
2026-06-18,12740,SBIN,BL,STATE BANK OF INDIA,INE062A01020,999999999,100,0,0,1,0,816220800,0,0,1466272708,N
2026-06-18,3045,SBIN,EQ,STATE BANK OF INDIA,INE062A01020,1,100,0,0,6,1,478483200,0,0,1466272888,N
2026-06-18,28450,SBIN,IQ,STATE BANK OF INDIA,INE062A01020,1,1000,0,0,1,0,1029369600,0,0,1466273782,N
2026-06-18,20520,SBIN,N2,BOND 9.50% PA SERIES 2,INE062A08025,1,1000000,2,0,3,0,973987200,0,0,1298742279,Y
2026-06-18,22350,SBIN,N3,BOND 9.75% PA RET. S3,INE062A08033,1,1000000,2,0,3,0,985305600,0,0,1340475767,Y
2026-06-18,22352,SBIN,N4,BOND 9.30% PA NON RET. S3,INE062A08041,1,1000000,2,0,3,0,985305600,0,0,1340475767,Y
2026-06-18,22354,SBIN,N5,BOND 9.95% PA RET. S4,INE062A08058,1,1000000,2,0,3,0,985305600,0,0,1301159429,Y
2026-06-18,22356,SBIN,N6,BOND 9.45% PA NON RET. S4,INE062A08066,1,1000000,2,0,3,0,985305600,0,0,1301159429,Y
2026-06-18,16382,SBIN,RL,STATE BANK OF INDIA,INE062A01020,1,100,0,0,1,0,893203200,0,0,1466272708,N
2026-06-18,23256,SBIN,T0,STATE BANK OF INDIA,INE062A01020,1,100,0,0,1,1,1396051200,0,0,1466269039,N
2026-06-18,756131,SBIN,TL,STATE BANK OF INDIA,INE062A01020,999999999,100,0,0,1,0,1430611200,0,0,1466272708,N
2026-06-18,20521,SBIN,U2,BOND 9.50% PA SERIES 2,INE062A08025,1,1000000,2,0,3,0,973987200,0,0,1298742279,Y
2026-06-18,22351,SBIN,U3,BOND 9.75% PA RET. S3,INE062A08033,1,1000000,2,0,1,0,985305600,0,0,1466269039,N
2026-06-18,22353,SBIN,U4,BOND 9.30% PA NON RET. S3,INE062A08041,1,1000000,2,0,1,0,985305600,0,0,1466269039,N
2026-06-18,22355,SBIN,U5,BOND 9.95% PA RET. S4,INE062A08058,1,1000000,2,0,3,0,985305600,0,0,1301159429,Y
2026-06-18,22357,SBIN,U6,BOND 9.45% PA NON RET. S4,INE062A08066,1,1000000,2,0,3,0,985305600,0,0,1301159429,Y
2026-06-19,11107,HDFCBANK,AF,HDFC BANK LTD,INE040A01034,1,100,0,0,1,0,1248566400,0,0,1466356272,N
2026-06-19,4813,HDFCBANK,BE,HDFC BANK-DEPO. SETT.,INE040A01034,1,100,0,0,1,0,551059200,0,0,1466356272,N
2026-06-19,12431,HDFCBANK,BL,HDFC BANK LTD,INE040A01034,999999999,100,0,0,1,0,816220800,0,0,1466356272,N
2026-06-19,1333,HDFCBANK,EQ,HDFC BANK LTD,INE040A01034,1,100,0,0,6,1,500256000,0,0,1466364337,N
2026-06-19,27835,HDFCBANK,IQ,HDFC BANK LTD.,INE040A01034,1,200,0,0,1,0,1029369600,0,0,1466357799,N
2026-06-19,17321,HDFCBANK,K3,HDFC BANK LIMITED,INE040A13013,600,55725,3,0,3,0,1374019200,0,0,1377280986,Y
2026-06-19,15854,HDFCBANK,RL,HDFC BANK LTD,INE040A01034,1,100,0,0,1,0,893203200,0,0,1466356272,N
2026-06-19,757205,HDFCBANK,T0,HDFC BANK LTD,INE040A01034,1,100,0,0,1,1,1433030400,0,0,1466356272,N
2026-06-19,757206,HDFCBANK,TL,HDFC BANK LTD,INE040A01034,999999999,100,0,0,1,0,1433030400,0,0,1466356272,N
2026-06-19,17320,HDFCBANK,W3,HDFC BANK LIMITED,INE040A13013,600,55725,3,0,3,0,1374019200,0,0,1377280986,Y
2026-06-19,11111,ICICIBANK,AF,ICICI BANK LTD.,INE090A01021,1,200,0,0,1,0,1248566400,0,0,1466356329,N
2026-06-19,4967,ICICIBANK,BE,ICICI BANK LTD DEPO SETT,INE090A01021,1,200,0,0,1,0,559526400,0,0,1466356329,N
2026-06-19,12458,ICICIBANK,BL,ICICI BANK LTD.,INE090A01021,999999999,200,0,0,1,0,816220800,0,0,1466356329,N
2026-06-19,4963,ICICIBANK,EQ,ICICI BANK LTD.,INE090A01021,1,200,0,0,6,1,559526400,0,0,1466364337,N
2026-06-19,27885,ICICIBANK,IQ,ICICI BANK LTD.,INE090A01021,1,1000,0,0,1,0,1029369600,0,0,1466354639,N
2026-06-19,15897,ICICIBANK,RL,ICICI BANK LTD.,INE090A01021,1,200,0,0,1,0,893203200,0,0,1466356329,N
2026-06-19,757217,ICICIBANK,T0,ICICI BANK LTD.,INE090A01021,1,200,0,0,1,1,1433030400,0,0,1466354642,N
2026-06-19,757218,ICICIBANK,TL,ICICI BANK LTD.,INE090A01021,999999999,200,0,0,1,0,1433030400,0,0,1466356329,N
2026-06-19,11117,LT,AF,LARSEN & TOUBRO LTD.,INE018A01030,1,200,0,0,1,0,1248566400,0,0,1466356337,N
2026-06-19,11484,LT,BE,LARSEN & TOUBRO LTD.,INE018A01030,1,200,0,0,1,0,772416000,0,0,1466356337,N
2026-06-19,12562,LT,BL,LARSEN & TOUBRO LTD.,INE018A01030,999999999,200,0,0,1,0,816220800,0,0,1466356337,N
2026-06-19,11483,LT,EQ,LARSEN & TOUBRO LTD.,INE018A01030,1,200,0,0,6,1,772416000,0,0,1466364338,N
2026-06-19,28092,LT,IQ,LARSEN & TOUBRO LIMITED,INE018A01030,1,200,0,0,1,0,1029369600,0,0,1466354639,N
2026-06-19,16070,LT,RL,LARSEN & TOUBRO LTD.,INE018A01030,1,200,0,0,1,0,893203200,0,0,1466356337,N
2026-06-19,757249,LT,T0,LARSEN & TOUBRO LTD.,INE018A01030,1,200,0,0,1,1,1433030400,0,0,1466354642,N
2026-06-19,757250,LT,TL,LARSEN & TOUBRO LTD.,INE018A01030,999999999,200,0,0,1,0,1433030400,0,0,1466356337,N
2026-06-19,11139,RELIANCE,AF,RELIANCE INDUSTRIES LTD,INE002A01018,1,1000,0,0,1,0,1248566400,0,0,1466356300,N
2026-06-19,4615,RELIANCE,BE,RELIANCE IND DEPO-SETT,INE002A01018,1,1000,0,0,1,0,502070400,0,0,1466356300,N
2026-06-19,12713,RELIANCE,BL,RELIANCE INDUSTRIES LTD,INE002A01018,999999999,1000,0,0,1,0,816220800,0,0,1466356300,N
2026-06-19,2885,RELIANCE,EQ,RELIANCE INDUSTRIES LTD,INE002A01018,1,1000,0,0,6,1,502070400,0,0,1466364338,N
2026-06-19,28389,RELIANCE,IQ,RELIANCE INDUSTRIES LTD,INE002A01018,1,1000,0,0,1,0,1029369600,0,0,1466354640,N
2026-06-19,16328,RELIANCE,RL,RELIANCE INDUSTRIES LTD,INE002A01018,1,1000,0,0,1,0,893203200,0,0,1466356300,N
2026-06-19,757287,RELIANCE,T0,RELIANCE INDUSTRIES LTD,INE002A01018,1,1000,0,0,1,1,1433030400,0,0,1466354642,N
2026-06-19,757288,RELIANCE,TL,RELIANCE INDUSTRIES LTD,INE002A01018,999999999,1000,0,0,1,0,1433030400,0,0,1466356300,N
2026-06-19,11128,SBIN,AF,STATE BANK OF INDIA,INE062A01020,1,100,0,0,1,0,1248566400,0,0,1466356300,N
2026-06-19,4884,SBIN,BE,SBIN - DEPO SETT,INE062A01020,1,100,0,0,1,0,554688000,0,0,1466356300,N
2026-06-19,12740,SBIN,BL,STATE BANK OF INDIA,INE062A01020,999999999,100,0,0,1,0,816220800,0,0,1466356300,N
2026-06-19,3045,SBIN,EQ,STATE BANK OF INDIA,INE062A01020,1,100,0,0,6,1,478483200,0,0,1466364338,N
2026-06-19,28450,SBIN,IQ,STATE BANK OF INDIA,INE062A01020,1,1000,0,0,1,0,1029369600,0,0,1466357800,N
2026-06-19,20520,SBIN,N2,BOND 9.50% PA SERIES 2,INE062A08025,1,1000000,2,0,3,0,973987200,0,0,1298742279,Y
2026-06-19,22350,SBIN,N3,BOND 9.75% PA RET. S3,INE062A08033,1,1000000,2,0,3,0,985305600,0,0,1340475767,Y
2026-06-19,22352,SBIN,N4,BOND 9.30% PA NON RET. S3,INE062A08041,1,1000000,2,0,3,0,985305600,0,0,1340475767,Y
2026-06-19,22354,SBIN,N5,BOND 9.95% PA RET. S4,INE062A08058,1,1000000,2,0,3,0,985305600,0,0,1301159429,Y
2026-06-19,22356,SBIN,N6,BOND 9.45% PA NON RET. S4,INE062A08066,1,1000000,2,0,3,0,985305600,0,0,1301159429,Y
2026-06-19,16382,SBIN,RL,STATE BANK OF INDIA,INE062A01020,1,100,0,0,1,0,893203200,0,0,1466356300,N
2026-06-19,23256,SBIN,T0,STATE BANK OF INDIA,INE062A01020,1,100,0,0,1,1,1396051200,0,0,1466354639,N
2026-06-19,756131,SBIN,TL,STATE BANK OF INDIA,INE062A01020,999999999,100,0,0,1,0,1430611200,0,0,1466356300,N
2026-06-19,20521,SBIN,U2,BOND 9.50% PA SERIES 2,INE062A08025,1,1000000,2,0,3,0,973987200,0,0,1298742279,Y
2026-06-19,22351,SBIN,U3,BOND 9.75% PA RET. S3,INE062A08033,1,1000000,2,0,1,0,985305600,0,0,1466354638,N
2026-06-19,22353,SBIN,U4,BOND 9.30% PA NON RET. S3,INE062A08041,1,1000000,2,0,1,0,985305600,0,0,1466354638,N
2026-06-19,22355,SBIN,U5,BOND 9.95% PA RET. S4,INE062A08058,1,1000000,2,0,3,0,985305600,0,0,1301159429,Y
2026-06-19,22357,SBIN,U6,BOND 9.45% PA NON RET. S4,INE062A08066,1,1000000,2,0,3,0,985305600,0,0,1301159429,Y
2026-06-22,11107,HDFCBANK,AF,HDFC BANK LTD,INE040A01034,1,100,0,0,1,0,1248566400,0,0,1466617942,N
2026-06-22,4813,HDFCBANK,BE,HDFC BANK-DEPO. SETT.,INE040A01034,1,100,0,0,1,0,551059200,0,0,1466617942,N
2026-06-22,12431,HDFCBANK,BL,HDFC BANK LTD,INE040A01034,999999999,100,0,0,1,0,816220800,0,0,1466617942,N
2026-06-22,1333,HDFCBANK,EQ,HDFC BANK LTD,INE040A01034,1,100,0,0,6,1,500256000,0,0,1466625460,N
2026-06-22,27835,HDFCBANK,IQ,HDFC BANK LTD.,INE040A01034,1,200,0,0,1,0,1029369600,0,0,1466615089,N
2026-06-22,17321,HDFCBANK,K3,HDFC BANK LIMITED,INE040A13013,600,55725,3,0,3,0,1374019200,0,0,1377280986,Y
2026-06-22,15854,HDFCBANK,RL,HDFC BANK LTD,INE040A01034,1,100,0,0,1,0,893203200,0,0,1466617942,N
2026-06-22,757205,HDFCBANK,T0,HDFC BANK LTD,INE040A01034,1,100,0,0,1,1,1433030400,0,0,1466615092,N
2026-06-22,757206,HDFCBANK,TL,HDFC BANK LTD,INE040A01034,999999999,100,0,0,1,0,1433030400,0,0,1466617942,N
2026-06-22,17320,HDFCBANK,W3,HDFC BANK LIMITED,INE040A13013,600,55725,3,0,3,0,1374019200,0,0,1377280986,Y
2026-06-22,11111,ICICIBANK,AF,ICICI BANK LTD.,INE090A01021,1,200,0,0,1,0,1248566400,0,0,1466617948,N
2026-06-22,4967,ICICIBANK,BE,ICICI BANK LTD DEPO SETT,INE090A01021,1,200,0,0,1,0,559526400,0,0,1466617948,N
2026-06-22,12458,ICICIBANK,BL,ICICI BANK LTD.,INE090A01021,999999999,200,0,0,1,0,816220800,0,0,1466617948,N
2026-06-22,4963,ICICIBANK,EQ,ICICI BANK LTD.,INE090A01021,1,200,0,0,6,1,559526400,0,0,1466625460,N
2026-06-22,27885,ICICIBANK,IQ,ICICI BANK LTD.,INE090A01021,1,1000,0,0,1,0,1029369600,0,0,1466615089,N
2026-06-22,15897,ICICIBANK,RL,ICICI BANK LTD.,INE090A01021,1,200,0,0,1,0,893203200,0,0,1466617948,N
2026-06-22,757217,ICICIBANK,T0,ICICI BANK LTD.,INE090A01021,1,200,0,0,1,1,1433030400,0,0,1466615092,N
2026-06-22,757218,ICICIBANK,TL,ICICI BANK LTD.,INE090A01021,999999999,200,0,0,1,0,1433030400,0,0,1466617948,N
2026-06-22,11117,LT,AF,LARSEN & TOUBRO LTD.,INE018A01030,1,200,0,0,1,0,1248566400,0,0,1466617956,N
2026-06-22,11484,LT,BE,LARSEN & TOUBRO LTD.,INE018A01030,1,200,0,0,1,0,772416000,0,0,1466617956,N
2026-06-22,12562,LT,BL,LARSEN & TOUBRO LTD.,INE018A01030,999999999,200,0,0,1,0,816220800,0,0,1466617956,N
2026-06-22,11483,LT,EQ,LARSEN & TOUBRO LTD.,INE018A01030,1,200,0,0,6,1,772416000,0,0,1466625460,N
2026-06-22,28092,LT,IQ,LARSEN & TOUBRO LIMITED,INE018A01030,1,200,0,0,1,0,1029369600,0,0,1466615089,N
2026-06-22,16070,LT,RL,LARSEN & TOUBRO LTD.,INE018A01030,1,200,0,0,1,0,893203200,0,0,1466617956,N
2026-06-22,757249,LT,T0,LARSEN & TOUBRO LTD.,INE018A01030,1,200,0,0,1,1,1433030400,0,0,1466615092,N
2026-06-22,757250,LT,TL,LARSEN & TOUBRO LTD.,INE018A01030,999999999,200,0,0,1,0,1433030400,0,0,1466617956,N
2026-06-22,11139,RELIANCE,AF,RELIANCE INDUSTRIES LTD,INE002A01018,1,1000,0,0,1,0,1248566400,0,0,1466617945,N
2026-06-22,4615,RELIANCE,BE,RELIANCE IND DEPO-SETT,INE002A01018,1,1000,0,0,1,0,502070400,0,0,1466617945,N
2026-06-22,12713,RELIANCE,BL,RELIANCE INDUSTRIES LTD,INE002A01018,999999999,1000,0,0,1,0,816220800,0,0,1466617945,N
2026-06-22,2885,RELIANCE,EQ,RELIANCE INDUSTRIES LTD,INE002A01018,1,1000,0,0,6,1,502070400,0,0,1466625461,N
2026-06-22,28389,RELIANCE,IQ,RELIANCE INDUSTRIES LTD,INE002A01018,1,1000,0,0,1,0,1029369600,0,0,1466615089,N
2026-06-22,16328,RELIANCE,RL,RELIANCE INDUSTRIES LTD,INE002A01018,1,1000,0,0,1,0,893203200,0,0,1466617945,N
2026-06-22,757287,RELIANCE,T0,RELIANCE INDUSTRIES LTD,INE002A01018,1,1000,0,0,1,1,1433030400,0,0,1466615092,N
2026-06-22,757288,RELIANCE,TL,RELIANCE INDUSTRIES LTD,INE002A01018,999999999,1000,0,0,1,0,1433030400,0,0,1466617945,N
2026-06-22,11128,SBIN,AF,STATE BANK OF INDIA,INE062A01020,1,100,0,0,1,0,1248566400,0,0,1466617945,N
2026-06-22,4884,SBIN,BE,SBIN - DEPO SETT,INE062A01020,1,100,0,0,1,0,554688000,0,0,1466617945,N
2026-06-22,12740,SBIN,BL,STATE BANK OF INDIA,INE062A01020,999999999,100,0,0,1,0,816220800,0,0,1466617945,N
2026-06-22,3045,SBIN,EQ,STATE BANK OF INDIA,INE062A01020,1,100,0,0,6,1,478483200,0,0,1466625461,N
2026-06-22,28450,SBIN,IQ,STATE BANK OF INDIA,INE062A01020,1,1000,0,0,1,0,1029369600,0,0,1466618409,N
2026-06-22,20520,SBIN,N2,BOND 9.50% PA SERIES 2,INE062A08025,1,1000000,2,0,3,0,973987200,0,0,1298742279,Y
2026-06-22,22350,SBIN,N3,BOND 9.75% PA RET. S3,INE062A08033,1,1000000,2,0,3,0,985305600,0,0,1340475767,Y
2026-06-22,22352,SBIN,N4,BOND 9.30% PA NON RET. S3,INE062A08041,1,1000000,2,0,3,0,985305600,0,0,1340475767,Y
2026-06-22,22354,SBIN,N5,BOND 9.95% PA RET. S4,INE062A08058,1,1000000,2,0,3,0,985305600,0,0,1301159429,Y
2026-06-22,22356,SBIN,N6,BOND 9.45% PA NON RET. S4,INE062A08066,1,1000000,2,0,3,0,985305600,0,0,1301159429,Y
2026-06-22,16382,SBIN,RL,STATE BANK OF INDIA,INE062A01020,1,100,0,0,1,0,893203200,0,0,1466617945,N
2026-06-22,23256,SBIN,T0,STATE BANK OF INDIA,INE062A01020,1,100,0,0,1,1,1396051200,0,0,1466615088,N
2026-06-22,756131,SBIN,TL,STATE BANK OF INDIA,INE062A01020,999999999,100,0,0,1,0,1430611200,0,0,1466617945,N
2026-06-22,20521,SBIN,U2,BOND 9.50% PA SERIES 2,INE062A08025,1,1000000,2,0,3,0,973987200,0,0,1298742279,Y
2026-06-22,22351,SBIN,U3,BOND 9.75% PA RET. S3,INE062A08033,1,1000000,2,0,1,0,985305600,0,0,1466615088,N
2026-06-22,22353,SBIN,U4,BOND 9.30% PA NON RET. S3,INE062A08041,1,1000000,2,0,1,0,985305600,0,0,1466615088,N
2026-06-22,22355,SBIN,U5,BOND 9.95% PA RET. S4,INE062A08058,1,1000000,2,0,3,0,985305600,0,0,1301159429,Y
2026-06-22,22357,SBIN,U6,BOND 9.45% PA NON RET. S4,INE062A08066,1,1000000,2,0,3,0,985305600,0,0,1301159429,Y
2026-06-23,11107,HDFCBANK,AF,HDFC BANK LTD,INE040A01034,1,100,0,0,1,0,1248566400,0,0,1466704733,N
2026-06-23,4813,HDFCBANK,BE,HDFC BANK-DEPO. SETT.,INE040A01034,1,100,0,0,1,0,551059200,0,0,1466704733,N
2026-06-23,12431,HDFCBANK,BL,HDFC BANK LTD,INE040A01034,999999999,100,0,0,1,0,816220800,0,0,1466704733,N
2026-06-23,1333,HDFCBANK,EQ,HDFC BANK LTD,INE040A01034,1,100,0,0,6,1,500256000,0,0,1466705728,N
2026-06-23,27835,HDFCBANK,IQ,HDFC BANK LTD.,INE040A01034,1,200,0,0,1,0,1029369600,0,0,1466705449,N
2026-06-23,17321,HDFCBANK,K3,HDFC BANK LIMITED,INE040A13013,600,55725,3,0,3,0,1374019200,0,0,1377280986,Y
2026-06-23,15854,HDFCBANK,RL,HDFC BANK LTD,INE040A01034,1,100,0,0,1,0,893203200,0,0,1466704733,N
2026-06-23,757205,HDFCBANK,T0,HDFC BANK LTD,INE040A01034,1,100,0,0,1,1,1433030400,0,0,1466701394,N
2026-06-23,757206,HDFCBANK,TL,HDFC BANK LTD,INE040A01034,999999999,100,0,0,1,0,1433030400,0,0,1466704733,N
2026-06-23,17320,HDFCBANK,W3,HDFC BANK LIMITED,INE040A13013,600,55725,3,0,3,0,1374019200,0,0,1377280986,Y
2026-06-23,11111,ICICIBANK,AF,ICICI BANK LTD.,INE090A01021,1,200,0,0,1,0,1248566400,0,0,1466704791,N
2026-06-23,4967,ICICIBANK,BE,ICICI BANK LTD DEPO SETT,INE090A01021,1,200,0,0,1,0,559526400,0,0,1466704791,N
2026-06-23,12458,ICICIBANK,BL,ICICI BANK LTD.,INE090A01021,999999999,200,0,0,1,0,816220800,0,0,1466704791,N
2026-06-23,4963,ICICIBANK,EQ,ICICI BANK LTD.,INE090A01021,1,200,0,0,6,1,559526400,0,0,1466705728,N
2026-06-23,27885,ICICIBANK,IQ,ICICI BANK LTD.,INE090A01021,1,1000,0,0,1,0,1029369600,0,0,1466701391,N
2026-06-23,15897,ICICIBANK,RL,ICICI BANK LTD.,INE090A01021,1,200,0,0,1,0,893203200,0,0,1466704791,N
2026-06-23,757217,ICICIBANK,T0,ICICI BANK LTD.,INE090A01021,1,200,0,0,1,1,1433030400,0,0,1466701394,N
2026-06-23,757218,ICICIBANK,TL,ICICI BANK LTD.,INE090A01021,999999999,200,0,0,1,0,1433030400,0,0,1466704791,N
2026-06-23,11117,LT,AF,LARSEN & TOUBRO LTD.,INE018A01030,1,200,0,0,1,0,1248566400,0,0,1466704799,N
2026-06-23,11484,LT,BE,LARSEN & TOUBRO LTD.,INE018A01030,1,200,0,0,1,0,772416000,0,0,1466704799,N
2026-06-23,12562,LT,BL,LARSEN & TOUBRO LTD.,INE018A01030,999999999,200,0,0,1,0,816220800,0,0,1466704799,N
2026-06-23,11483,LT,EQ,LARSEN & TOUBRO LTD.,INE018A01030,1,200,0,0,6,1,772416000,0,0,1466705728,N
2026-06-23,28092,LT,IQ,LARSEN & TOUBRO LIMITED,INE018A01030,1,200,0,0,1,0,1029369600,0,0,1466701391,N
2026-06-23,16070,LT,RL,LARSEN & TOUBRO LTD.,INE018A01030,1,200,0,0,1,0,893203200,0,0,1466704799,N
2026-06-23,757249,LT,T0,LARSEN & TOUBRO LTD.,INE018A01030,1,200,0,0,1,1,1433030400,0,0,1466701394,N
2026-06-23,757250,LT,TL,LARSEN & TOUBRO LTD.,INE018A01030,999999999,200,0,0,1,0,1433030400,0,0,1466704799,N
2026-06-23,11139,RELIANCE,AF,RELIANCE INDUSTRIES LTD,INE002A01018,1,1000,0,0,1,0,1248566400,0,0,1466704762,N
2026-06-23,4615,RELIANCE,BE,RELIANCE IND DEPO-SETT,INE002A01018,1,1000,0,0,1,0,502070400,0,0,1466704762,N
2026-06-23,12713,RELIANCE,BL,RELIANCE INDUSTRIES LTD,INE002A01018,999999999,1000,0,0,1,0,816220800,0,0,1466704762,N
2026-06-23,2885,RELIANCE,EQ,RELIANCE INDUSTRIES LTD,INE002A01018,1,1000,0,0,6,1,502070400,0,0,1466705728,N
2026-06-23,28389,RELIANCE,IQ,RELIANCE INDUSTRIES LTD,INE002A01018,1,1000,0,0,1,0,1029369600,0,0,1466701391,N
2026-06-23,16328,RELIANCE,RL,RELIANCE INDUSTRIES LTD,INE002A01018,1,1000,0,0,1,0,893203200,0,0,1466704762,N
2026-06-23,757287,RELIANCE,T0,RELIANCE INDUSTRIES LTD,INE002A01018,1,1000,0,0,1,1,1433030400,0,0,1466701394,N
2026-06-23,757288,RELIANCE,TL,RELIANCE INDUSTRIES LTD,INE002A01018,999999999,1000,0,0,1,0,1433030400,0,0,1466704762,N
2026-06-23,11128,SBIN,AF,STATE BANK OF INDIA,INE062A01020,1,100,0,0,1,0,1248566400,0,0,1466704762,N
2026-06-23,4884,SBIN,BE,SBIN - DEPO SETT,INE062A01020,1,100,0,0,1,0,554688000,0,0,1466704762,N
2026-06-23,12740,SBIN,BL,STATE BANK OF INDIA,INE062A01020,999999999,100,0,0,1,0,816220800,0,0,1466704762,N
2026-06-23,3045,SBIN,EQ,STATE BANK OF INDIA,INE062A01020,1,100,0,0,6,1,478483200,0,0,1466705728,N
2026-06-23,28450,SBIN,IQ,STATE BANK OF INDIA,INE062A01020,1,1000,0,0,1,0,1029369600,0,0,1466701391,N
2026-06-23,20520,SBIN,N2,BOND 9.50% PA SERIES 2,INE062A08025,1,1000000,2,0,3,0,973987200,0,0,1298742279,Y
2026-06-23,22350,SBIN,N3,BOND 9.75% PA RET. S3,INE062A08033,1,1000000,2,0,3,0,985305600,0,0,1340475767,Y
2026-06-23,22352,SBIN,N4,BOND 9.30% PA NON RET. S3,INE062A08041,1,1000000,2,0,3,0,985305600,0,0,1340475767,Y
2026-06-23,22354,SBIN,N5,BOND 9.95% PA RET. S4,INE062A08058,1,1000000,2,0,3,0,985305600,0,0,1301159429,Y
2026-06-23,22356,SBIN,N6,BOND 9.45% PA NON RET. S4,INE062A08066,1,1000000,2,0,3,0,985305600,0,0,1301159429,Y
2026-06-23,16382,SBIN,RL,STATE BANK OF INDIA,INE062A01020,1,100,0,0,1,0,893203200,0,0,1466704762,N
2026-06-23,23256,SBIN,T0,STATE BANK OF INDIA,INE062A01020,1,100,0,0,1,1,1396051200,0,0,1466701390,N
2026-06-23,756131,SBIN,TL,STATE BANK OF INDIA,INE062A01020,999999999,100,0,0,1,0,1430611200,0,0,1466704762,N
2026-06-23,20521,SBIN,U2,BOND 9.50% PA SERIES 2,INE062A08025,1,1000000,2,0,3,0,973987200,0,0,1298742279,Y
2026-06-23,22351,SBIN,U3,BOND 9.75% PA RET. S3,INE062A08033,1,1000000,2,0,1,0,985305600,0,0,1466701389,N
2026-06-23,22353,SBIN,U4,BOND 9.30% PA NON RET. S3,INE062A08041,1,1000000,2,0,1,0,985305600,0,0,1466701389,N
2026-06-23,22355,SBIN,U5,BOND 9.95% PA RET. S4,INE062A08058,1,1000000,2,0,3,0,985305600,0,0,1301159429,Y
2026-06-23,22357,SBIN,U6,BOND 9.45% PA NON RET. S4,INE062A08066,1,1000000,2,0,3,0,985305600,0,0,1301159429,Y
2026-06-24,11107,HDFCBANK,AF,HDFC BANK LTD,INE040A01034,1,100,0,0,1,0,1248566400,0,0,1466795611,N
2026-06-24,4813,HDFCBANK,BE,HDFC BANK-DEPO. SETT.,INE040A01034,1,100,0,0,1,0,551059200,0,0,1466795611,N
2026-06-24,12431,HDFCBANK,BL,HDFC BANK LTD,INE040A01034,999999999,100,0,0,1,0,816220800,0,0,1466795611,N
2026-06-24,1333,HDFCBANK,EQ,HDFC BANK LTD,INE040A01034,1,100,0,0,6,1,500256000,0,0,1466795780,N
2026-06-24,27835,HDFCBANK,IQ,HDFC BANK LTD.,INE040A01034,1,200,0,0,1,0,1029369600,0,0,1466796113,N
2026-06-24,17321,HDFCBANK,K3,HDFC BANK LIMITED,INE040A13013,600,55725,3,0,3,0,1374019200,0,0,1377280986,Y
2026-06-24,15854,HDFCBANK,RL,HDFC BANK LTD,INE040A01034,1,100,0,0,1,0,893203200,0,0,1466795611,N
2026-06-24,757205,HDFCBANK,T0,HDFC BANK LTD,INE040A01034,1,100,0,0,1,1,1433030400,0,0,1466787324,N
2026-06-24,757206,HDFCBANK,TL,HDFC BANK LTD,INE040A01034,999999999,100,0,0,1,0,1433030400,0,0,1466795611,N
2026-06-24,17320,HDFCBANK,W3,HDFC BANK LIMITED,INE040A13013,600,55725,3,0,3,0,1374019200,0,0,1377280986,Y
2026-06-24,11111,ICICIBANK,AF,ICICI BANK LTD.,INE090A01021,1,200,0,0,1,0,1248566400,0,0,1466795618,N
2026-06-24,4967,ICICIBANK,BE,ICICI BANK LTD DEPO SETT,INE090A01021,1,200,0,0,1,0,559526400,0,0,1466795618,N
2026-06-24,12458,ICICIBANK,BL,ICICI BANK LTD.,INE090A01021,999999999,200,0,0,1,0,816220800,0,0,1466795618,N
2026-06-24,4963,ICICIBANK,EQ,ICICI BANK LTD.,INE090A01021,1,200,0,0,6,1,559526400,0,0,1466795780,N
2026-06-24,27885,ICICIBANK,IQ,ICICI BANK LTD.,INE090A01021,1,1000,0,0,1,0,1029369600,0,0,1466787321,N
2026-06-24,15897,ICICIBANK,RL,ICICI BANK LTD.,INE090A01021,1,200,0,0,1,0,893203200,0,0,1466795618,N
2026-06-24,757217,ICICIBANK,T0,ICICI BANK LTD.,INE090A01021,1,200,0,0,1,1,1433030400,0,0,1466787324,N
2026-06-24,757218,ICICIBANK,TL,ICICI BANK LTD.,INE090A01021,999999999,200,0,0,1,0,1433030400,0,0,1466795618,N
2026-06-24,11117,LT,AF,LARSEN & TOUBRO LTD.,INE018A01030,1,200,0,0,1,0,1248566400,0,0,1466795626,N
2026-06-24,11484,LT,BE,LARSEN & TOUBRO LTD.,INE018A01030,1,200,0,0,1,0,772416000,0,0,1466795626,N
2026-06-24,12562,LT,BL,LARSEN & TOUBRO LTD.,INE018A01030,999999999,200,0,0,1,0,816220800,0,0,1466795626,N
2026-06-24,11483,LT,EQ,LARSEN & TOUBRO LTD.,INE018A01030,1,200,0,0,6,1,772416000,0,0,1466795780,N
2026-06-24,28092,LT,IQ,LARSEN & TOUBRO LIMITED,INE018A01030,1,200,0,0,1,0,1029369600,0,0,1466787321,N
2026-06-24,16070,LT,RL,LARSEN & TOUBRO LTD.,INE018A01030,1,200,0,0,1,0,893203200,0,0,1466795626,N
2026-06-24,757249,LT,T0,LARSEN & TOUBRO LTD.,INE018A01030,1,200,0,0,1,1,1433030400,0,0,1466787324,N
2026-06-24,757250,LT,TL,LARSEN & TOUBRO LTD.,INE018A01030,999999999,200,0,0,1,0,1433030400,0,0,1466795626,N
2026-06-24,11139,RELIANCE,AF,RELIANCE INDUSTRIES LTD,INE002A01018,1,1000,0,0,1,0,1248566400,0,0,1466795614,N
2026-06-24,4615,RELIANCE,BE,RELIANCE IND DEPO-SETT,INE002A01018,1,1000,0,0,1,0,502070400,0,0,1466795614,N
2026-06-24,12713,RELIANCE,BL,RELIANCE INDUSTRIES LTD,INE002A01018,999999999,1000,0,0,1,0,816220800,0,0,1466795614,N
2026-06-24,2885,RELIANCE,EQ,RELIANCE INDUSTRIES LTD,INE002A01018,1,1000,0,0,6,1,502070400,0,0,1466795780,N
2026-06-24,28389,RELIANCE,IQ,RELIANCE INDUSTRIES LTD,INE002A01018,1,1000,0,0,1,0,1029369600,0,0,1466787321,N
2026-06-24,16328,RELIANCE,RL,RELIANCE INDUSTRIES LTD,INE002A01018,1,1000,0,0,1,0,893203200,0,0,1466795614,N
2026-06-24,757287,RELIANCE,T0,RELIANCE INDUSTRIES LTD,INE002A01018,1,1000,0,0,1,1,1433030400,0,0,1466787324,N
2026-06-24,757288,RELIANCE,TL,RELIANCE INDUSTRIES LTD,INE002A01018,999999999,1000,0,0,1,0,1433030400,0,0,1466795614,N
2026-06-24,11128,SBIN,AF,STATE BANK OF INDIA,INE062A01020,1,100,0,0,1,0,1248566400,0,0,1466795615,N
2026-06-24,4884,SBIN,BE,SBIN - DEPO SETT,INE062A01020,1,100,0,0,1,0,554688000,0,0,1466795615,N
2026-06-24,12740,SBIN,BL,STATE BANK OF INDIA,INE062A01020,999999999,100,0,0,1,0,816220800,0,0,1466795615,N
2026-06-24,3045,SBIN,EQ,STATE BANK OF INDIA,INE062A01020,1,100,0,0,6,1,478483200,0,0,1466795780,N
2026-06-24,28450,SBIN,IQ,STATE BANK OF INDIA,INE062A01020,1,1000,0,0,1,0,1029369600,0,0,1466796113,N
2026-06-24,20520,SBIN,N2,BOND 9.50% PA SERIES 2,INE062A08025,1,1000000,2,0,3,0,973987200,0,0,1298742279,Y
2026-06-24,22350,SBIN,N3,BOND 9.75% PA RET. S3,INE062A08033,1,1000000,2,0,3,0,985305600,0,0,1340475767,Y
2026-06-24,22352,SBIN,N4,BOND 9.30% PA NON RET. S3,INE062A08041,1,1000000,2,0,3,0,985305600,0,0,1340475767,Y
2026-06-24,22354,SBIN,N5,BOND 9.95% PA RET. S4,INE062A08058,1,1000000,2,0,3,0,985305600,0,0,1301159429,Y
2026-06-24,22356,SBIN,N6,BOND 9.45% PA NON RET. S4,INE062A08066,1,1000000,2,0,3,0,985305600,0,0,1301159429,Y
2026-06-24,16382,SBIN,RL,STATE BANK OF INDIA,INE062A01020,1,100,0,0,1,0,893203200,0,0,1466795615,N
2026-06-24,23256,SBIN,T0,STATE BANK OF INDIA,INE062A01020,1,100,0,0,1,1,1396051200,0,0,1466787320,N
2026-06-24,756131,SBIN,TL,STATE BANK OF INDIA,INE062A01020,999999999,100,0,0,1,0,1430611200,0,0,1466795615,N
2026-06-24,20521,SBIN,U2,BOND 9.50% PA SERIES 2,INE062A08025,1,1000000,2,0,3,0,973987200,0,0,1298742279,Y
2026-06-24,22351,SBIN,U3,BOND 9.75% PA RET. S3,INE062A08033,1,1000000,2,0,1,0,985305600,0,0,1466787320,N
2026-06-24,22353,SBIN,U4,BOND 9.30% PA NON RET. S3,INE062A08041,1,1000000,2,0,1,0,985305600,0,0,1466787320,N
2026-06-24,22355,SBIN,U5,BOND 9.95% PA RET. S4,INE062A08058,1,1000000,2,0,3,0,985305600,0,0,1301159429,Y
2026-06-24,22357,SBIN,U6,BOND 9.45% PA NON RET. S4,INE062A08066,1,1000000,2,0,3,0,985305600,0,0,1301159429,Y
2026-06-25,11107,HDFCBANK,AF,HDFC BANK LTD,INE040A01034,1,100,0,0,1,0,1248566400,0,0,1466875806,N
2026-06-25,4813,HDFCBANK,BE,HDFC BANK-DEPO. SETT.,INE040A01034,1,100,0,0,1,0,551059200,0,0,1466875806,N
2026-06-25,12431,HDFCBANK,BL,HDFC BANK LTD,INE040A01034,999999999,100,0,0,1,0,816220800,0,0,1466875806,N
2026-06-25,1333,HDFCBANK,EQ,HDFC BANK LTD,INE040A01034,1,100,0,0,6,1,500256000,0,0,1466879995,N
2026-06-25,27835,HDFCBANK,IQ,HDFC BANK LTD.,INE040A01034,1,200,0,0,1,0,1029369600,0,0,1466876203,N
2026-06-25,17321,HDFCBANK,K3,HDFC BANK LIMITED,INE040A13013,600,55725,3,0,3,0,1374019200,0,0,1377280986,Y
2026-06-25,15854,HDFCBANK,RL,HDFC BANK LTD,INE040A01034,1,100,0,0,1,0,893203200,0,0,1466875806,N
2026-06-25,757205,HDFCBANK,T0,HDFC BANK LTD,INE040A01034,1,100,0,0,1,1,1433030400,0,0,1466874215,N
2026-06-25,757206,HDFCBANK,TL,HDFC BANK LTD,INE040A01034,999999999,100,0,0,1,0,1433030400,0,0,1466875806,N
2026-06-25,17320,HDFCBANK,W3,HDFC BANK LIMITED,INE040A13013,600,55725,3,0,3,0,1374019200,0,0,1377280986,Y
2026-06-25,11111,ICICIBANK,AF,ICICI BANK LTD.,INE090A01021,1,200,0,0,1,0,1248566400,0,0,1466875864,N
2026-06-25,4967,ICICIBANK,BE,ICICI BANK LTD DEPO SETT,INE090A01021,1,200,0,0,1,0,559526400,0,0,1466875864,N
2026-06-25,12458,ICICIBANK,BL,ICICI BANK LTD.,INE090A01021,999999999,200,0,0,1,0,816220800,0,0,1466875864,N
2026-06-25,4963,ICICIBANK,EQ,ICICI BANK LTD.,INE090A01021,1,200,0,0,6,1,559526400,0,0,1466879995,N
2026-06-25,27885,ICICIBANK,IQ,ICICI BANK LTD.,INE090A01021,1,1000,0,0,1,0,1029369600,0,0,1466876203,N
2026-06-25,15897,ICICIBANK,RL,ICICI BANK LTD.,INE090A01021,1,200,0,0,1,0,893203200,0,0,1466875864,N
2026-06-25,757217,ICICIBANK,T0,ICICI BANK LTD.,INE090A01021,1,200,0,0,1,1,1433030400,0,0,1466874215,N
2026-06-25,757218,ICICIBANK,TL,ICICI BANK LTD.,INE090A01021,999999999,200,0,0,1,0,1433030400,0,0,1466875864,N
2026-06-25,11117,LT,AF,LARSEN & TOUBRO LTD.,INE018A01030,1,200,0,0,1,0,1248566400,0,0,1466875872,N
2026-06-25,11484,LT,BE,LARSEN & TOUBRO LTD.,INE018A01030,1,200,0,0,1,0,772416000,0,0,1466875872,N
2026-06-25,12562,LT,BL,LARSEN & TOUBRO LTD.,INE018A01030,999999999,200,0,0,1,0,816220800,0,0,1466875872,N
2026-06-25,11483,LT,EQ,LARSEN & TOUBRO LTD.,INE018A01030,1,200,0,0,6,1,772416000,0,0,1466879995,N
2026-06-25,28092,LT,IQ,LARSEN & TOUBRO LIMITED,INE018A01030,1,200,0,0,1,0,1029369600,0,0,1466874212,N
2026-06-25,16070,LT,RL,LARSEN & TOUBRO LTD.,INE018A01030,1,200,0,0,1,0,893203200,0,0,1466875872,N
2026-06-25,757249,LT,T0,LARSEN & TOUBRO LTD.,INE018A01030,1,200,0,0,1,1,1433030400,0,0,1466874215,N
2026-06-25,757250,LT,TL,LARSEN & TOUBRO LTD.,INE018A01030,999999999,200,0,0,1,0,1433030400,0,0,1466875872,N
2026-06-25,11139,RELIANCE,AF,RELIANCE INDUSTRIES LTD,INE002A01018,1,1000,0,0,1,0,1248566400,0,0,1466875835,N
2026-06-25,4615,RELIANCE,BE,RELIANCE IND DEPO-SETT,INE002A01018,1,1000,0,0,1,0,502070400,0,0,1466875835,N
2026-06-25,12713,RELIANCE,BL,RELIANCE INDUSTRIES LTD,INE002A01018,999999999,1000,0,0,1,0,816220800,0,0,1466875835,N
2026-06-25,2885,RELIANCE,EQ,RELIANCE INDUSTRIES LTD,INE002A01018,1,1000,0,0,6,1,502070400,0,0,1466879995,N
2026-06-25,28389,RELIANCE,IQ,RELIANCE INDUSTRIES LTD,INE002A01018,1,1000,0,0,1,0,1029369600,0,0,1466874212,N
2026-06-25,16328,RELIANCE,RL,RELIANCE INDUSTRIES LTD,INE002A01018,1,1000,0,0,1,0,893203200,0,0,1466875835,N
2026-06-25,757287,RELIANCE,T0,RELIANCE INDUSTRIES LTD,INE002A01018,1,1000,0,0,1,1,1433030400,0,0,1466874215,N
2026-06-25,757288,RELIANCE,TL,RELIANCE INDUSTRIES LTD,INE002A01018,999999999,1000,0,0,1,0,1433030400,0,0,1466875835,N
2026-06-25,11128,SBIN,AF,STATE BANK OF INDIA,INE062A01020,1,100,0,0,1,0,1248566400,0,0,1466875835,N
2026-06-25,4884,SBIN,BE,SBIN - DEPO SETT,INE062A01020,1,100,0,0,1,0,554688000,0,0,1466875835,N
2026-06-25,12740,SBIN,BL,STATE BANK OF INDIA,INE062A01020,999999999,100,0,0,1,0,816220800,0,0,1466875835,N
2026-06-25,3045,SBIN,EQ,STATE BANK OF INDIA,INE062A01020,1,100,0,0,6,1,478483200,0,0,1466879995,N
2026-06-25,28450,SBIN,IQ,STATE BANK OF INDIA,INE062A01020,1,1000,0,0,1,0,1029369600,0,0,1466876203,N
2026-06-25,20520,SBIN,N2,BOND 9.50% PA SERIES 2,INE062A08025,1,1000000,2,0,3,0,973987200,0,0,1298742279,Y
2026-06-25,22350,SBIN,N3,BOND 9.75% PA RET. S3,INE062A08033,1,1000000,2,0,3,0,985305600,0,0,1340475767,Y
2026-06-25,22352,SBIN,N4,BOND 9.30% PA NON RET. S3,INE062A08041,1,1000000,2,0,3,0,985305600,0,0,1340475767,Y
2026-06-25,22354,SBIN,N5,BOND 9.95% PA RET. S4,INE062A08058,1,1000000,2,0,3,0,985305600,0,0,1301159429,Y
2026-06-25,22356,SBIN,N6,BOND 9.45% PA NON RET. S4,INE062A08066,1,1000000,2,0,3,0,985305600,0,0,1301159429,Y
2026-06-25,16382,SBIN,RL,STATE BANK OF INDIA,INE062A01020,1,100,0,0,1,0,893203200,0,0,1466875835,N
2026-06-25,23256,SBIN,T0,STATE BANK OF INDIA,INE062A01020,1,100,0,0,1,1,1396051200,0,0,1466874211,N
2026-06-25,756131,SBIN,TL,STATE BANK OF INDIA,INE062A01020,999999999,100,0,0,1,0,1430611200,0,0,1466875835,N
2026-06-25,20521,SBIN,U2,BOND 9.50% PA SERIES 2,INE062A08025,1,1000000,2,0,3,0,973987200,0,0,1298742279,Y
2026-06-25,22351,SBIN,U3,BOND 9.75% PA RET. S3,INE062A08033,1,1000000,2,0,1,0,985305600,0,0,1466874211,N
2026-06-25,22353,SBIN,U4,BOND 9.30% PA NON RET. S3,INE062A08041,1,1000000,2,0,1,0,985305600,0,0,1466874211,N
2026-06-25,22355,SBIN,U5,BOND 9.95% PA RET. S4,INE062A08058,1,1000000,2,0,3,0,985305600,0,0,1301159429,Y
2026-06-25,22357,SBIN,U6,BOND 9.45% PA NON RET. S4,INE062A08066,1,1000000,2,0,3,0,985305600,0,0,1301159429,Y
2026-06-29,11107,HDFCBANK,AF,HDFC BANK LTD,INE040A01034,1,100,0,0,1,0,1248566400,0,0,1467227374,N
2026-06-29,4813,HDFCBANK,BE,HDFC BANK-DEPO. SETT.,INE040A01034,1,100,0,0,1,0,551059200,0,0,1467227374,N
2026-06-29,12431,HDFCBANK,BL,HDFC BANK LTD,INE040A01034,999999999,100,0,0,1,0,816220800,0,0,1467227374,N
2026-06-29,1333,HDFCBANK,EQ,HDFC BANK LTD,INE040A01034,1,100,0,0,6,1,500256000,0,0,1467227571,N
2026-06-29,27835,HDFCBANK,IQ,HDFC BANK LTD.,INE040A01034,1,200,0,0,1,0,1029369600,0,0,1467219334,N
2026-06-29,17321,HDFCBANK,K3,HDFC BANK LIMITED,INE040A13013,600,55725,3,0,3,0,1374019200,0,0,1377280986,Y
2026-06-29,15854,HDFCBANK,RL,HDFC BANK LTD,INE040A01034,1,100,0,0,1,0,893203200,0,0,1467227374,N
2026-06-29,757205,HDFCBANK,T0,HDFC BANK LTD,INE040A01034,1,100,0,0,1,1,1433030400,0,0,1467227374,N
2026-06-29,757206,HDFCBANK,TL,HDFC BANK LTD,INE040A01034,999999999,100,0,0,1,0,1433030400,0,0,1467227374,N
2026-06-29,17320,HDFCBANK,W3,HDFC BANK LIMITED,INE040A13013,600,55725,3,0,3,0,1374019200,0,0,1377280986,Y
2026-06-29,11111,ICICIBANK,AF,ICICI BANK LTD.,INE090A01021,1,200,0,0,1,0,1248566400,0,0,1467227432,N
2026-06-29,4967,ICICIBANK,BE,ICICI BANK LTD DEPO SETT,INE090A01021,1,200,0,0,1,0,559526400,0,0,1467227432,N
2026-06-29,12458,ICICIBANK,BL,ICICI BANK LTD.,INE090A01021,999999999,200,0,0,1,0,816220800,0,0,1467227432,N
2026-06-29,4963,ICICIBANK,EQ,ICICI BANK LTD.,INE090A01021,1,200,0,0,6,1,559526400,0,0,1467227571,N
2026-06-29,27885,ICICIBANK,IQ,ICICI BANK LTD.,INE090A01021,1,1000,0,0,1,0,1029369600,0,0,1467228229,N
2026-06-29,15897,ICICIBANK,RL,ICICI BANK LTD.,INE090A01021,1,200,0,0,1,0,893203200,0,0,1467227432,N
2026-06-29,757217,ICICIBANK,T0,ICICI BANK LTD.,INE090A01021,1,200,0,0,1,1,1433030400,0,0,1467227432,N
2026-06-29,757218,ICICIBANK,TL,ICICI BANK LTD.,INE090A01021,999999999,200,0,0,1,0,1433030400,0,0,1467227432,N
2026-06-29,11117,LT,AF,LARSEN & TOUBRO LTD.,INE018A01030,1,200,0,0,1,0,1248566400,0,0,1467227440,N
2026-06-29,11484,LT,BE,LARSEN & TOUBRO LTD.,INE018A01030,1,200,0,0,1,0,772416000,0,0,1467227440,N
2026-06-29,12562,LT,BL,LARSEN & TOUBRO LTD.,INE018A01030,999999999,200,0,0,1,0,816220800,0,0,1467227440,N
2026-06-29,11483,LT,EQ,LARSEN & TOUBRO LTD.,INE018A01030,1,200,0,0,6,1,772416000,0,0,1467227571,N
2026-06-29,28092,LT,IQ,LARSEN & TOUBRO LIMITED,INE018A01030,1,200,0,0,1,0,1029369600,0,0,1467219334,N
2026-06-29,16070,LT,RL,LARSEN & TOUBRO LTD.,INE018A01030,1,200,0,0,1,0,893203200,0,0,1467227440,N
2026-06-29,757249,LT,T0,LARSEN & TOUBRO LTD.,INE018A01030,1,200,0,0,1,1,1433030400,0,0,1467227440,N
2026-06-29,757250,LT,TL,LARSEN & TOUBRO LTD.,INE018A01030,999999999,200,0,0,1,0,1433030400,0,0,1467227440,N
2026-06-29,11139,RELIANCE,AF,RELIANCE INDUSTRIES LTD,INE002A01018,1,1000,0,0,1,0,1248566400,0,0,1467227403,N
2026-06-29,4615,RELIANCE,BE,RELIANCE IND DEPO-SETT,INE002A01018,1,1000,0,0,1,0,502070400,0,0,1467227403,N
2026-06-29,12713,RELIANCE,BL,RELIANCE INDUSTRIES LTD,INE002A01018,999999999,1000,0,0,1,0,816220800,0,0,1467227403,N
2026-06-29,2885,RELIANCE,EQ,RELIANCE INDUSTRIES LTD,INE002A01018,1,1000,0,0,6,1,502070400,0,0,1467227572,N
2026-06-29,28389,RELIANCE,IQ,RELIANCE INDUSTRIES LTD,INE002A01018,1,1000,0,0,1,0,1029369600,0,0,1467219334,N
2026-06-29,16328,RELIANCE,RL,RELIANCE INDUSTRIES LTD,INE002A01018,1,1000,0,0,1,0,893203200,0,0,1467227403,N
2026-06-29,757287,RELIANCE,T0,RELIANCE INDUSTRIES LTD,INE002A01018,1,1000,0,0,1,1,1433030400,0,0,1467227403,N
2026-06-29,757288,RELIANCE,TL,RELIANCE INDUSTRIES LTD,INE002A01018,999999999,1000,0,0,1,0,1433030400,0,0,1467227403,N
2026-06-29,11128,SBIN,AF,STATE BANK OF INDIA,INE062A01020,1,100,0,0,1,0,1248566400,0,0,1467227403,N
2026-06-29,4884,SBIN,BE,SBIN - DEPO SETT,INE062A01020,1,100,0,0,1,0,554688000,0,0,1467227403,N
2026-06-29,12740,SBIN,BL,STATE BANK OF INDIA,INE062A01020,999999999,100,0,0,1,0,816220800,0,0,1467227403,N
2026-06-29,3045,SBIN,EQ,STATE BANK OF INDIA,INE062A01020,1,100,0,0,6,1,478483200,0,0,1467227572,N
2026-06-29,28450,SBIN,IQ,STATE BANK OF INDIA,INE062A01020,1,1000,0,0,1,0,1029369600,0,0,1467228229,N
2026-06-29,20520,SBIN,N2,BOND 9.50% PA SERIES 2,INE062A08025,1,1000000,2,0,3,0,973987200,0,0,1298742279,Y
2026-06-29,22350,SBIN,N3,BOND 9.75% PA RET. S3,INE062A08033,1,1000000,2,0,3,0,985305600,0,0,1340475767,Y
2026-06-29,22352,SBIN,N4,BOND 9.30% PA NON RET. S3,INE062A08041,1,1000000,2,0,3,0,985305600,0,0,1340475767,Y
2026-06-29,22354,SBIN,N5,BOND 9.95% PA RET. S4,INE062A08058,1,1000000,2,0,3,0,985305600,0,0,1301159429,Y
2026-06-29,22356,SBIN,N6,BOND 9.45% PA NON RET. S4,INE062A08066,1,1000000,2,0,3,0,985305600,0,0,1301159429,Y
2026-06-29,16382,SBIN,RL,STATE BANK OF INDIA,INE062A01020,1,100,0,0,1,0,893203200,0,0,1467227403,N
2026-06-29,23256,SBIN,T0,STATE BANK OF INDIA,INE062A01020,1,100,0,0,1,1,1396051200,0,0,1467219334,N
2026-06-29,756131,SBIN,TL,STATE BANK OF INDIA,INE062A01020,999999999,100,0,0,1,0,1430611200,0,0,1467227403,N
2026-06-29,20521,SBIN,U2,BOND 9.50% PA SERIES 2,INE062A08025,1,1000000,2,0,3,0,973987200,0,0,1298742279,Y
2026-06-29,22351,SBIN,U3,BOND 9.75% PA RET. S3,INE062A08033,1,1000000,2,0,1,0,985305600,0,0,1467219333,N
2026-06-29,22353,SBIN,U4,BOND 9.30% PA NON RET. S3,INE062A08041,1,1000000,2,0,1,0,985305600,0,0,1467219333,N
2026-06-29,22355,SBIN,U5,BOND 9.95% PA RET. S4,INE062A08058,1,1000000,2,0,3,0,985305600,0,0,1301159429,Y
2026-06-29,22357,SBIN,U6,BOND 9.45% PA NON RET. S4,INE062A08066,1,1000000,2,0,3,0,985305600,0,0,1301159429,Y
2026-06-30,11107,HDFCBANK,AF,HDFC BANK LTD,INE040A01034,1,100,0,0,1,0,1248566400,0,0,1467309333,N
2026-06-30,4813,HDFCBANK,BE,HDFC BANK-DEPO. SETT.,INE040A01034,1,100,0,0,1,0,551059200,0,0,1467309333,N
2026-06-30,12431,HDFCBANK,BL,HDFC BANK LTD,INE040A01034,999999999,100,0,0,1,0,816220800,0,0,1467309333,N
2026-06-30,1333,HDFCBANK,EQ,HDFC BANK LTD,INE040A01034,1,100,0,0,6,1,500256000,0,0,1467314958,N
2026-06-30,27835,HDFCBANK,IQ,HDFC BANK LTD.,INE040A01034,1,200,0,0,1,0,1029369600,0,0,1467305703,N
2026-06-30,17321,HDFCBANK,K3,HDFC BANK LIMITED,INE040A13013,600,55725,3,0,3,0,1374019200,0,0,1377280986,Y
2026-06-30,15854,HDFCBANK,RL,HDFC BANK LTD,INE040A01034,1,100,0,0,1,0,893203200,0,0,1467309333,N
2026-06-30,757205,HDFCBANK,T0,HDFC BANK LTD,INE040A01034,1,100,0,0,1,1,1433030400,0,0,1467305706,N
2026-06-30,757206,HDFCBANK,TL,HDFC BANK LTD,INE040A01034,999999999,100,0,0,1,0,1433030400,0,0,1467309333,N
2026-06-30,17320,HDFCBANK,W3,HDFC BANK LIMITED,INE040A13013,600,55725,3,0,3,0,1374019200,0,0,1377280986,Y
2026-06-30,11111,ICICIBANK,AF,ICICI BANK LTD.,INE090A01021,1,200,0,0,1,0,1248566400,0,0,1467309390,N
2026-06-30,4967,ICICIBANK,BE,ICICI BANK LTD DEPO SETT,INE090A01021,1,200,0,0,1,0,559526400,0,0,1467309390,N
2026-06-30,12458,ICICIBANK,BL,ICICI BANK LTD.,INE090A01021,999999999,200,0,0,1,0,816220800,0,0,1467309390,N
2026-06-30,4963,ICICIBANK,EQ,ICICI BANK LTD.,INE090A01021,1,200,0,0,6,1,559526400,0,0,1467314958,N
2026-06-30,27885,ICICIBANK,IQ,ICICI BANK LTD.,INE090A01021,1,1000,0,0,1,0,1029369600,0,0,1467305703,N
2026-06-30,15897,ICICIBANK,RL,ICICI BANK LTD.,INE090A01021,1,200,0,0,1,0,893203200,0,0,1467309390,N
2026-06-30,757217,ICICIBANK,T0,ICICI BANK LTD.,INE090A01021,1,200,0,0,1,1,1433030400,0,0,1467305706,N
2026-06-30,757218,ICICIBANK,TL,ICICI BANK LTD.,INE090A01021,999999999,200,0,0,1,0,1433030400,0,0,1467309390,N
2026-06-30,11117,LT,AF,LARSEN & TOUBRO LTD.,INE018A01030,1,200,0,0,1,0,1248566400,0,0,1467309398,N
2026-06-30,11484,LT,BE,LARSEN & TOUBRO LTD.,INE018A01030,1,200,0,0,1,0,772416000,0,0,1467309398,N
2026-06-30,12562,LT,BL,LARSEN & TOUBRO LTD.,INE018A01030,999999999,200,0,0,1,0,816220800,0,0,1467309398,N
2026-06-30,11483,LT,EQ,LARSEN & TOUBRO LTD.,INE018A01030,1,200,0,0,6,1,772416000,0,0,1467314959,N
2026-06-30,28092,LT,IQ,LARSEN & TOUBRO LIMITED,INE018A01030,1,200,0,0,1,0,1029369600,0,0,1467310637,N
2026-06-30,16070,LT,RL,LARSEN & TOUBRO LTD.,INE018A01030,1,200,0,0,1,0,893203200,0,0,1467309398,N
2026-06-30,757249,LT,T0,LARSEN & TOUBRO LTD.,INE018A01030,1,200,0,0,1,1,1433030400,0,0,1467305706,N
2026-06-30,757250,LT,TL,LARSEN & TOUBRO LTD.,INE018A01030,999999999,200,0,0,1,0,1433030400,0,0,1467309398,N
2026-06-30,11139,RELIANCE,AF,RELIANCE INDUSTRIES LTD,INE002A01018,1,1000,0,0,1,0,1248566400,0,0,1467309362,N
2026-06-30,4615,RELIANCE,BE,RELIANCE IND DEPO-SETT,INE002A01018,1,1000,0,0,1,0,502070400,0,0,1467309362,N
2026-06-30,12713,RELIANCE,BL,RELIANCE INDUSTRIES LTD,INE002A01018,999999999,1000,0,0,1,0,816220800,0,0,1467309362,N
2026-06-30,2885,RELIANCE,EQ,RELIANCE INDUSTRIES LTD,INE002A01018,1,1000,0,0,6,1,502070400,0,0,1467314959,N
2026-06-30,28389,RELIANCE,IQ,RELIANCE INDUSTRIES LTD,INE002A01018,1,1000,0,0,1,0,1029369600,0,0,1467305703,N
2026-06-30,16328,RELIANCE,RL,RELIANCE INDUSTRIES LTD,INE002A01018,1,1000,0,0,1,0,893203200,0,0,1467309362,N
2026-06-30,757287,RELIANCE,T0,RELIANCE INDUSTRIES LTD,INE002A01018,1,1000,0,0,1,1,1433030400,0,0,1467305706,N
2026-06-30,757288,RELIANCE,TL,RELIANCE INDUSTRIES LTD,INE002A01018,999999999,1000,0,0,1,0,1433030400,0,0,1467309362,N
2026-06-30,11128,SBIN,AF,STATE BANK OF INDIA,INE062A01020,1,100,0,0,1,0,1248566400,0,0,1467309946,N
2026-06-30,4884,SBIN,BE,SBIN - DEPO SETT,INE062A01020,1,100,0,0,1,0,554688000,0,0,1467309946,N
2026-06-30,12740,SBIN,BL,STATE BANK OF INDIA,INE062A01020,999999999,100,0,0,1,0,816220800,0,0,1467309946,N
2026-06-30,3045,SBIN,EQ,STATE BANK OF INDIA,INE062A01020,1,100,0,0,6,1,478483200,0,0,1467314959,N
2026-06-30,28450,SBIN,IQ,STATE BANK OF INDIA,INE062A01020,1,1000,0,0,1,0,1029369600,0,0,1467310637,N
2026-06-30,20520,SBIN,N2,BOND 9.50% PA SERIES 2,INE062A08025,1,1000000,2,0,3,0,973987200,0,0,1298742279,Y
2026-06-30,22350,SBIN,N3,BOND 9.75% PA RET. S3,INE062A08033,1,1000000,2,0,3,0,985305600,0,0,1340475767,Y
2026-06-30,22352,SBIN,N4,BOND 9.30% PA NON RET. S3,INE062A08041,1,1000000,2,0,3,0,985305600,0,0,1340475767,Y
2026-06-30,22354,SBIN,N5,BOND 9.95% PA RET. S4,INE062A08058,1,1000000,2,0,3,0,985305600,0,0,1301159429,Y
2026-06-30,22356,SBIN,N6,BOND 9.45% PA NON RET. S4,INE062A08066,1,1000000,2,0,3,0,985305600,0,0,1301159429,Y
2026-06-30,16382,SBIN,RL,STATE BANK OF INDIA,INE062A01020,1,100,0,0,1,0,893203200,0,0,1467309946,N
2026-06-30,23256,SBIN,T0,STATE BANK OF INDIA,INE062A01020,1,100,0,0,1,1,1396051200,0,0,1467309946,N
2026-06-30,756131,SBIN,TL,STATE BANK OF INDIA,INE062A01020,999999999,100,0,0,1,0,1430611200,0,0,1467309946,N
2026-06-30,20521,SBIN,U2,BOND 9.50% PA SERIES 2,INE062A08025,1,1000000,2,0,3,0,973987200,0,0,1298742279,Y
2026-06-30,22351,SBIN,U3,BOND 9.75% PA RET. S3,INE062A08033,1,1000000,2,0,1,0,985305600,0,0,1467305702,N
2026-06-30,22353,SBIN,U4,BOND 9.30% PA NON RET. S3,INE062A08041,1,1000000,2,0,1,0,985305600,0,0,1467305702,N
2026-06-30,22355,SBIN,U5,BOND 9.95% PA RET. S4,INE062A08058,1,1000000,2,0,3,0,985305600,0,0,1301159429,Y
2026-06-30,22357,SBIN,U6,BOND 9.45% PA NON RET. S4,INE062A08066,1,1000000,2,0,3,0,985305600,0,0,1301159429,Y
